# Blender 4.5.4 LTS
# www.blender.org
mtllib CRS.mtl
o Jacket
v 0.057388 4.066260 -0.021064
v 0.208846 4.018224 0.002788
v 0.177466 4.216585 -0.146541
v 0.278611 4.237309 -0.184306
v 0.378071 4.061037 -0.078308
v 0.042185 3.749782 0.051919
v 0.211925 3.707986 0.020490
v 0.472642 3.779110 -0.088866
v 0.574872 3.916696 -0.243295
v 0.462771 4.104794 -0.196154
v 0.359335 4.255713 -0.242706
v 0.295751 4.351380 -0.438038
v 0.223589 4.394954 -0.424781
v 0.162605 4.341324 -0.256107
v 0.202467 3.641821 0.004022
v 0.482206 3.678269 -0.111713
v 0.511037 3.608164 -0.320947
v 0.533309 3.701427 -0.263603
v 0.564914 3.811988 -0.330143
v 0.523838 3.683838 -0.369377
v 0.542572 3.772729 -0.429539
v 0.524727 3.803137 -0.583069
v 0.567105 3.931768 -0.658134
v 0.310846 4.339736 -0.564648
v 0.229704 4.402483 -0.511606
v 0.128246 4.358555 -0.581335
v 0.257302 4.224643 -0.660733
v 0.341199 4.056255 -0.735613
v 0.469560 4.163230 -0.703169
v 0.365728 3.801632 -0.686002
v 0.161111 4.030622 -0.745198
v 0.142417 4.456206 -0.478308
v 0.172044 4.434665 -0.411519
v 0.155858 4.406641 -0.317249
v 0.172147 3.749063 -0.719124
v 0.493955 3.719652 -0.553522
v 0.474436 3.618203 -0.525397
v 0.136194 3.462642 -0.655960
v 0.435444 3.477918 -0.499174
v 0.480962 3.476976 -0.297393
v 0.437547 3.489152 -0.104747
v 0.211912 3.487160 0.006172
v 0.223073 3.267341 0.006397
v 0.419957 3.301781 -0.107822
v 0.451559 3.317999 -0.286984
v 0.384770 3.308242 -0.465079
v 0.211827 3.304519 -0.631188
v 0.232093 3.022871 0.014485
v 0.401647 3.047303 -0.115506
v 0.446041 3.088242 -0.292636
v 0.400391 3.086420 -0.466950
v 0.250426 3.064381 -0.568125
v 0.082748 3.166981 -0.671726
v 0.128047 3.046962 -0.681809
v 0.163374 2.844846 -0.713293
v 0.350297 2.878303 -0.627720
v 0.427057 2.866013 -0.482054
v 0.465268 2.867383 -0.301695
v 0.404382 2.856227 -0.110070
v 0.256691 2.840911 -0.007812
v -0.057388 4.066260 -0.021064
v -0.208846 4.018224 0.002788
v -0.177466 4.216585 -0.146541
v -0.278611 4.237309 -0.184306
v -0.378071 4.061037 -0.078308
v -0.042185 3.749782 0.051919
v -0.211925 3.707986 0.020490
v -0.472642 3.779110 -0.088866
v -0.574872 3.916696 -0.243295
v -0.462771 4.104794 -0.196154
v -0.359335 4.255713 -0.242706
v -0.295751 4.351380 -0.438038
v -0.223589 4.394954 -0.424781
v -0.162605 4.341324 -0.256107
v -0.000000 3.999631 0.006717
v -0.000000 3.761026 0.037086
v -0.000000 3.693520 0.044211
v -0.202467 3.641821 0.004022
v -0.482206 3.678269 -0.111713
v -0.511037 3.608164 -0.320947
v -0.533309 3.701427 -0.263603
v -0.564914 3.811988 -0.330143
v -0.523838 3.683838 -0.369377
v -0.542572 3.772729 -0.429539
v -0.524727 3.803137 -0.583069
v -0.567105 3.931768 -0.658134
v -0.310846 4.339736 -0.564648
v -0.229704 4.402483 -0.511606
v -0.128246 4.358555 -0.581335
v -0.257302 4.224643 -0.660733
v -0.341199 4.056255 -0.735613
v -0.469560 4.163230 -0.703169
v -0.365728 3.801632 -0.686002
v -0.161111 4.030622 -0.745198
v -0.000000 4.065141 -0.735679
v -0.142417 4.456206 -0.478308
v -0.172044 4.434665 -0.411519
v -0.155858 4.406641 -0.317249
v -0.172147 3.749063 -0.719124
v -0.000000 3.755322 -0.724519
v -0.493955 3.719652 -0.553522
v -0.474436 3.618203 -0.525397
v -0.136194 3.462642 -0.655960
v -0.000000 3.463886 -0.674273
v -0.435444 3.477918 -0.499174
v -0.480962 3.476976 -0.297393
v -0.437547 3.489152 -0.104747
v -0.211913 3.487160 0.006172
v -0.000000 3.486550 0.049688
v -0.000000 3.264131 0.049506
v -0.223073 3.267341 0.006397
v -0.419957 3.301781 -0.107822
v -0.451559 3.317999 -0.286984
v -0.384770 3.308242 -0.465079
v -0.204297 3.304519 -0.631188
v -0.000000 3.307865 -0.655467
v -0.000000 3.025859 0.045319
v -0.000000 2.843766 0.036328
v -0.232093 3.022871 0.014485
v -0.401647 3.047303 -0.115506
v -0.446041 3.088242 -0.292636
v -0.400391 3.086420 -0.466950
v -0.250426 3.064381 -0.568125
v -0.082748 3.166981 -0.671726
v -0.000000 3.163296 -0.672533
v -0.128047 3.046962 -0.681809
v -0.000000 3.040047 -0.693363
v -0.163374 2.844846 -0.713293
v -0.000000 2.838689 -0.748125
v -0.350297 2.878303 -0.627720
v -0.427057 2.866013 -0.482054
v -0.465268 2.867383 -0.301695
v -0.404382 2.856227 -0.110070
v -0.256691 2.840911 -0.007812
v 0.049786 3.876383 0.035062
v -0.000000 3.880328 0.021902
v 0.210386 3.863105 0.011639
v 0.425357 3.920074 -0.083587
v 0.518821 4.010745 -0.219724
v -0.049786 3.876383 0.035062
v -0.210386 3.863105 0.011639
v -0.425357 3.920074 -0.083587
v -0.518821 4.010745 -0.219724
v 0.353464 3.928943 -0.710808
v 0.166629 3.889842 -0.732161
v -0.000000 3.910232 -0.730099
v 0.518332 4.047499 -0.680651
v -0.166629 3.889842 -0.732161
v -0.353464 3.928943 -0.710808
v -0.518332 4.047499 -0.680651
v 0.154170 3.661174 -0.687542
v -0.000000 3.664925 -0.699396
v 0.454940 3.548060 -0.512286
v 0.496000 3.542570 -0.309170
v 0.459876 3.583711 -0.108230
v 0.207190 3.591975 0.005097
v -0.000000 3.617519 0.046950
v -0.154170 3.661174 -0.687542
v -0.454940 3.548060 -0.512286
v -0.496000 3.542570 -0.309170
v -0.459876 3.583711 -0.108230
v -0.207190 3.591975 0.005097
v -0.193165 4.155844 -0.071835
v -0.328369 4.187618 -0.131278
v -0.411081 4.218707 -0.219417
v 0.193156 4.155920 -0.071876
v 0.328341 4.187688 -0.131307
v 0.411053 4.218769 -0.219430
v 0.144678 4.233104 -0.663267
v 0.299251 4.178965 -0.698173
v 0.390203 4.289999 -0.633908
v -0.144678 4.233104 -0.663267
v -0.299251 4.178965 -0.698173
v -0.390203 4.289999 -0.633908
v 0.227583 3.145106 0.010441
v -0.000000 3.144995 0.047413
v 0.410802 3.174542 -0.111664
v 0.231127 3.184450 -0.599656
v 0.392580 3.197331 -0.466015
v 0.448800 3.203120 -0.289810
v -0.227583 3.145106 0.010441
v -0.410802 3.174542 -0.111664
v -0.227362 3.184450 -0.599656
v -0.392581 3.197331 -0.466015
v -0.448800 3.203120 -0.289810
v 0.428752 3.395467 -0.106285
v 0.217493 3.377251 0.006285
v -0.000000 3.375340 0.049597
v -0.000000 3.385876 -0.664870
v 0.174010 3.383580 -0.643574
v 0.410107 3.393080 -0.482127
v 0.466260 3.397487 -0.292188
v -0.217493 3.377251 0.006285
v -0.428752 3.395467 -0.106285
v -0.170245 3.383580 -0.643574
v -0.410107 3.393080 -0.482127
v -0.466260 3.397487 -0.292188
v 0.462771 4.104794 -0.196154
v 0.359335 4.255713 -0.242706
v 0.295751 4.351380 -0.438038
v 0.567105 3.931768 -0.658134
v 0.310846 4.339736 -0.564648
v 0.469560 4.163230 -0.685622
v 0.518332 4.047499 -0.680651
v 0.411053 4.218769 -0.219430
v 0.390203 4.289999 -0.633908
v -0.227362 3.184450 -0.599656
v -0.392581 3.197331 -0.466015
v -0.121846 3.184450 -0.599656
v -0.287065 3.197331 -0.466015
v -0.000000 4.066260 -0.021064
v -0.000000 4.341324 -0.212403
v -0.081303 4.341324 -0.238560
v 0.081303 4.341324 -0.238560
v -0.000000 4.233104 -0.663267
v -0.000000 4.358555 -0.581335
v -0.000000 4.456206 -0.512137
v 0.142417 4.472486 -0.478308
v 0.172044 4.450945 -0.411519
v 0.155858 4.422921 -0.317249
v -0.142417 4.472486 -0.478308
v -0.172044 4.450945 -0.411519
v -0.155858 4.422921 -0.317249
v -0.000000 4.357605 -0.212403
v -0.081303 4.357605 -0.238560
v 0.081303 4.357605 -0.238560
v -0.000000 4.472486 -0.512137
v 0.177875 4.435309 -0.413211
v 0.161140 4.406335 -0.315747
v -0.161140 4.406335 -0.315747
v -0.177875 4.435309 -0.413211
v 0.147243 4.457580 -0.482264
v -0.147243 4.457580 -0.482264
v -0.084058 4.338805 -0.234392
v -0.000000 4.338805 -0.207348
v 0.084058 4.338805 -0.234392
v -0.000000 4.457580 -0.517239
v 0.177875 4.452141 -0.413211
v 0.161140 4.423167 -0.315747
v -0.161140 4.423167 -0.315747
v -0.177875 4.452141 -0.413211
v 0.147243 4.474412 -0.482264
v -0.147243 4.474412 -0.482264
v -0.084058 4.355637 -0.234392
v -0.000000 4.355637 -0.207348
v 0.084058 4.355637 -0.234392
v -0.000000 4.474412 -0.517239
vn 0.1367 -0.1296 -0.9821
vn 0.1417 -0.1291 -0.9815
vn 0.1064 -0.1321 -0.9855
vn -0.0225 -0.0632 -0.9977
vn -0.0459 -0.0636 -0.9969
vn -0.0179 -0.0632 -0.9978
vn 0.0386 -0.5309 -0.8466
vn 0.3681 -0.5881 -0.7202
vn -0.0342 -0.3634 -0.9310
vn 0.0699 -0.2283 -0.9711
vn 0.0409 -0.3066 -0.9510
vn 0.0688 -0.2312 -0.9705
vn -0.4384 -0.2223 -0.8709
vn -0.3604 -0.2698 -0.8929
vn -0.4719 -0.3027 -0.8281
vn 0.9406 -0.2757 -0.1983
vn 0.9389 -0.2765 -0.2051
vn 0.9409 -0.2755 -0.1969
vn 0.9558 -0.2027 0.2130
vn 0.9544 -0.2017 0.2202
vn 0.9557 -0.2027 0.2134
vn 0.4094 -0.0181 0.9122
vn 0.4084 -0.0182 0.9126
vn 0.4919 -0.1111 0.8635
vn 0.3155 -0.1213 0.9411
vn 0.2019 0.0292 0.9790
vn 0.2017 0.0275 0.9791
vn 0.0317 -0.0436 0.9985
vn 0.0276 -0.0585 0.9979
vn 0.4700 -0.0136 0.8825
vn 0.4718 -0.0136 0.8816
vn 0.4870 -0.0138 0.8733
vn -0.3063 0.0999 0.9467
vn -0.1420 0.1781 0.9737
vn 0.0015 0.2247 0.9744
vn -0.1255 0.1837 0.9749
vn 0.1102 0.1329 0.9850
vn 0.1063 0.1356 0.9850
vn 0.1771 0.0857 0.9805
vn 0.1952 0.0050 0.9807
vn 0.1953 0.0050 0.9807
vn 0.1924 0.0050 0.9813
vn 0.1602 0.0110 0.9870
vn 0.1605 0.0110 0.9870
vn 0.1460 0.0107 0.9892
vn 0.1503 -0.0746 0.9858
vn 0.5901 0.0068 0.8073
vn 0.5531 -0.0096 0.8331
vn 0.5581 -0.0097 0.8297
vn 0.5824 -0.0102 0.8128
vn 0.4111 -0.2086 0.8874
vn 0.3878 0.0750 0.9187
vn 0.3866 0.0748 0.9192
vn 0.3773 0.0734 0.9232
vn 0.1997 0.6085 0.7680
vn 0.1865 0.6307 0.7533
vn 0.0853 0.7752 0.6260
vn 0.3458 0.7628 0.5463
vn 0.3417 0.7454 0.5724
vn 0.2642 0.8281 0.4944
vn 0.7183 0.5763 0.3898
vn 0.2271 0.8668 0.4439
vn 0.3304 0.8523 0.4055
vn 0.5864 0.8077 0.0613
vn 0.5684 0.8215 0.0459
vn 0.5724 0.8172 0.0670
vn 0.2225 0.7916 -0.5691
vn 0.0798 0.6335 -0.7696
vn 0.4025 0.6381 -0.6564
vn 0.0260 0.5041 -0.8632
vn -0.0218 0.3896 -0.9207
vn -0.0424 0.3376 -0.9403
vn 0.1338 0.5977 -0.7905
vn 0.1364 0.7365 -0.6625
vn 0.5816 0.8124 0.0421
vn -0.0952 0.5503 -0.8295
vn 0.0098 0.3972 -0.9177
vn -0.0530 0.4909 -0.8696
vn 0.2566 -0.1222 -0.9588
vn 0.2674 -0.1190 -0.9562
vn 0.0698 -0.3928 -0.9170
vn 0.0886 -0.4316 -0.8977
vn 0.4555 -0.5559 -0.6954
vn 0.1200 -0.1080 -0.9869
vn 0.1184 -0.1084 -0.9870
vn 0.1150 -0.1093 -0.9873
vn 0.0835 0.1625 -0.9832
vn -0.5348 -0.0126 -0.8449
vn -0.5184 -0.0161 -0.8550
vn -0.4553 -0.1433 -0.8788
vn 0.1438 0.2189 -0.9651
vn 0.4651 0.3525 -0.8120
vn 0.0320 0.1029 -0.9942
vn 0.0320 0.1030 -0.9942
vn 0.0644 0.1909 -0.9795
vn 0.0644 0.1908 -0.9795
vn 0.6411 -0.0264 -0.7670
vn 0.6368 -0.0273 -0.7705
vn 0.6042 -0.0345 -0.7961
vn 0.5543 -0.1060 -0.8255
vn 0.5636 -0.1042 -0.8195
vn 0.6242 -0.0918 -0.7758
vn 0.9273 -0.2621 -0.2671
vn 0.9270 -0.2622 -0.2683
vn 0.9179 -0.2638 -0.2965
vn 0.9523 0.0264 -0.3040
vn 0.9519 0.0264 -0.3053
vn 0.9598 0.0261 -0.2795
vn 0.6879 0.3327 -0.6450
vn 0.9586 0.0486 0.2806
vn 0.9786 -0.0536 0.1987
vn 0.9780 -0.0537 0.2014
vn 0.9750 -0.0539 0.2156
vn 0.9723 -0.1278 0.1956
vn 0.9726 -0.1278 0.1943
vn 0.9755 -0.1286 0.1783
vn 0.9667 0.1131 -0.2296
vn 0.4660 0.6211 0.6301
vn 0.5996 0.4603 0.6546
vn 0.4447 0.6424 0.6242
vn 0.7196 0.2362 0.6530
vn 0.7125 0.2320 0.6622
vn 0.7211 0.2371 0.6510
vn 0.9226 -0.2087 0.3244
vn 0.9402 -0.1808 0.2887
vn 0.9348 -0.2286 0.2718
vn 0.9602 -0.1540 0.2331
vn 0.9782 -0.2002 -0.0543
vn 0.9560 -0.2852 -0.0692
vn 0.9091 -0.3653 -0.2001
vn 0.9474 -0.2560 -0.1923
vn 0.9464 -0.2674 -0.1814
vn 0.9432 -0.2647 -0.2008
vn 0.1242 -0.2424 0.9622
vn -0.1367 -0.1296 -0.9821
vn -0.1064 -0.1321 -0.9855
vn -0.1417 -0.1291 -0.9815
vn 0.0225 -0.0632 -0.9977
vn 0.0179 -0.0632 -0.9978
vn 0.0459 -0.0636 -0.9969
vn -0.0386 -0.5309 -0.8466
vn 0.0342 -0.3634 -0.9310
vn -0.3681 -0.5881 -0.7202
vn -0.0699 -0.2283 -0.9711
vn -0.0688 -0.2312 -0.9705
vn -0.0409 -0.3066 -0.9510
vn 0.4384 -0.2223 -0.8709
vn 0.3590 -0.2739 -0.8923
vn 0.4734 -0.2984 -0.8288
vn -0.9406 -0.2757 -0.1983
vn -0.9409 -0.2755 -0.1969
vn -0.9389 -0.2765 -0.2051
vn -0.9558 -0.2027 0.2130
vn -0.9557 -0.2027 0.2134
vn -0.9544 -0.2017 0.2202
vn -0.4094 -0.0181 0.9122
vn -0.4907 -0.0954 0.8661
vn -0.4919 -0.1111 0.8635
vn -0.4084 -0.0182 0.9126
vn -0.2019 0.0292 0.9790
vn -0.0276 -0.0585 0.9979
vn -0.3080 -0.1168 0.9442
vn -0.2017 0.0275 0.9791
vn -0.4700 -0.0136 0.8825
vn -0.4870 -0.0138 0.8733
vn -0.4718 -0.0136 0.8816
vn 0.3063 0.0999 0.9467
vn 0.1420 0.1781 0.9737
vn 0.1255 0.1837 0.9749
vn -0.0015 0.2247 0.9744
vn -0.1102 0.1329 0.9850
vn -0.1771 0.0857 0.9805
vn -0.1063 0.1356 0.9850
vn -0.1952 0.0050 0.9807
vn -0.1924 0.0050 0.9813
vn -0.1953 0.0050 0.9807
vn -0.1602 0.0110 0.9870
vn -0.1460 0.0107 0.9892
vn -0.1605 0.0110 0.9870
vn -0.1503 -0.0746 0.9858
vn -0.5901 0.0068 0.8073
vn -0.5531 -0.0096 0.8331
vn -0.5824 -0.0102 0.8128
vn -0.5581 -0.0097 0.8297
vn -0.4111 -0.2086 0.8874
vn -0.3878 0.0750 0.9187
vn -0.3773 0.0734 0.9232
vn -0.3866 0.0748 0.9192
vn -0.1998 0.6084 0.7681
vn -0.0854 0.7750 0.6262
vn -0.1866 0.6306 0.7534
vn -0.3458 0.7628 0.5463
vn -0.4073 0.7847 0.4674
vn -0.3174 0.8383 0.4432
vn -0.7183 0.5763 0.3898
vn -0.3304 0.8523 0.4055
vn -0.3778 0.7915 0.4804
vn -0.5665 0.8225 0.0511
vn -0.5724 0.8172 0.0670
vn -0.5883 0.8067 0.0562
vn -0.2225 0.7915 -0.5692
vn -0.4024 0.6381 -0.6564
vn -0.0798 0.6336 -0.7696
vn -0.0260 0.5041 -0.8632
vn 0.0424 0.3376 -0.9403
vn 0.0218 0.3896 -0.9207
vn -0.1338 0.5977 -0.7905
vn -0.1364 0.7365 -0.6625
vn -0.5816 0.8124 0.0421
vn 0.0952 0.5503 -0.8295
vn 0.0530 0.4909 -0.8696
vn -0.0098 0.3972 -0.9177
vn -0.2566 -0.1222 -0.9588
vn -0.0886 -0.4316 -0.8977
vn -0.5413 -0.1265 -0.8313
vn -0.2674 -0.1190 -0.9562
vn -0.4555 -0.5559 -0.6954
vn 0.3952 -0.3465 -0.8507
vn -0.1224 -0.1103 -0.9863
vn -0.1184 -0.1112 -0.9867
vn -0.1212 -0.1106 -0.9864
vn -0.0857 0.1638 -0.9828
vn 0.4464 -0.1595 -0.8805
vn 0.5116 -0.0310 -0.8587
vn 0.5243 -0.0029 -0.8515
vn -0.1438 0.2189 -0.9651
vn -0.4651 0.3525 -0.8120
vn -0.0320 0.1029 -0.9942
vn -0.0644 0.1908 -0.9795
vn -0.0644 0.1909 -0.9795
vn -0.0320 0.1030 -0.9942
vn -0.5991 -0.0259 -0.8003
vn -0.5491 -0.1193 -0.8272
vn -0.6132 -0.1079 -0.7825
vn -0.5567 -0.1181 -0.8223
vn -0.9273 -0.2621 -0.2671
vn -0.9179 -0.2638 -0.2965
vn -0.9270 -0.2622 -0.2683
vn -0.9523 0.0264 -0.3040
vn -0.9598 0.0261 -0.2795
vn -0.9519 0.0264 -0.3053
vn -0.6879 0.3327 -0.6450
vn -0.9586 0.0486 0.2806
vn -0.9786 -0.0536 0.1987
vn -0.9750 -0.0539 0.2156
vn -0.9780 -0.0537 0.2014
vn -0.9723 -0.1278 0.1956
vn -0.9755 -0.1286 0.1783
vn -0.9726 -0.1278 0.1943
vn -0.9667 0.1131 -0.2296
vn -0.4662 0.6209 0.6302
vn -0.4448 0.6422 0.6242
vn -0.5997 0.4603 0.6546
vn -0.7196 0.2362 0.6530
vn -0.7211 0.2371 0.6510
vn -0.7125 0.2320 0.6622
vn -0.9226 -0.2087 0.3244
vn -0.9402 -0.1808 0.2887
vn -0.9392 -0.2328 0.2525
vn -0.9561 -0.1475 0.2533
vn -0.9782 -0.2002 -0.0543
vn -0.9560 -0.2852 -0.0692
vn -0.9091 -0.3653 -0.2001
vn -0.9474 -0.2560 -0.1923
vn -0.9474 -0.2634 -0.1819
vn -0.9421 -0.2689 -0.2003
vn -0.1242 -0.2424 0.9622
vn -0.7294 0.2422 0.6398
vn -0.3993 0.0769 0.9136
vn -0.0349 0.1844 0.9822
vn 0.2685 0.1326 0.9541
vn 0.7294 0.2422 0.6398
vn 0.3993 0.0769 0.9136
vn 0.0349 0.1844 0.9822
vn -0.2685 0.1326 0.9541
vn -0.2894 -0.1124 -0.9506
vn -0.0049 -0.0627 -0.9980
vn 0.2894 -0.1124 -0.9506
vn 0.0049 -0.0627 -0.9980
vn -0.2007 0.0199 0.9795
vn -0.4242 -0.0168 0.9054
vn -0.3952 -0.3465 -0.8507
vn -0.0998 -0.1442 -0.9845
vn 0.2007 0.0199 0.9795
vn 0.4242 -0.0168 0.9054
vn 0.0998 -0.1442 -0.9845
vn -0.2715 0.4722 0.8386
vn 0.2715 0.4722 0.8387
vn -0.1614 0.6374 -0.7534
vn 0.0621 0.5852 -0.8085
vn 0.1614 0.6374 -0.7534
vn -0.0621 0.5852 -0.8085
vn -0.9814 -0.0534 0.1845
vn -0.9440 0.0266 -0.3289
vn -0.6554 -0.0124 -0.7552
vn -0.5291 -0.0092 0.8485
vn -0.1749 0.0112 0.9845
vn 0.9814 -0.0534 0.1845
vn 0.9440 0.0266 -0.3289
vn 0.6679 -0.0202 -0.7440
vn 0.5574 0.0761 -0.8268
vn 0.5986 0.0683 -0.7981
vn 0.5291 -0.0092 0.8485
vn 0.1749 0.0112 0.9845
vn -0.9693 -0.1271 0.2106
vn -0.9351 -0.2604 -0.2404
vn -0.5086 -0.1259 -0.8518
vn -0.1262 -0.1094 -0.9860
vn -0.1982 0.0051 0.9802
vn -0.4559 -0.0134 0.8899
vn 0.9693 -0.1271 0.2106
vn 0.9351 -0.2604 -0.2404
vn 0.5115 -0.1140 -0.8517
vn 0.1247 -0.1068 -0.9864
vn 0.1982 0.0051 0.9802
vn 0.4559 -0.0134 0.8899
vn -0.5614 0.0863 -0.8231
vn -0.0000 1.0000 -0.0000
vn -0.6286 -0.0302 -0.7771
vn -0.8748 0.4845 -0.0000
vn -0.8476 -0.5306 -0.0000
vn -0.0000 -0.9954 0.0959
vn -0.0132 0.4778 0.8784
vn 0.0343 0.5462 0.8369
vn 0.1580 0.6572 0.7370
vn 0.0132 0.4778 0.8784
vn -0.1583 0.6573 0.7368
vn -0.0343 0.5462 0.8369
vn -0.0000 0.3848 0.9230
vn -0.0827 0.6767 0.7316
vn 0.0826 0.6767 0.7316
vn -0.1420 0.5880 0.7963
vn 0.1698 0.7004 0.6933
vn -0.0225 0.4794 0.8773
vn -0.1978 0.9346 -0.2956
vn 0.4329 -0.8489 0.3033
vn 0.0244 -0.7668 0.6414
vn -0.1271 -0.9229 -0.3635
vn 0.1271 -0.9229 -0.3635
vn -0.0000 0.3840 -0.9233
vn 0.0063 0.4642 -0.8857
vn 0.0260 0.3768 -0.9259
vn -0.0260 0.3768 -0.9259
vn -0.0063 0.4642 -0.8857
vn -0.0000 0.4731 -0.8810
vn 0.0878 0.5414 -0.8362
vn 0.0364 0.6093 -0.7921
vn -0.0602 0.6298 -0.7745
vn -0.0203 -0.8547 -0.5187
vn -0.0000 -0.5017 -0.8650
vn 0.0125 -0.7857 -0.6185
vn 0.1159 0.9256 0.3602
vn -0.1159 0.9256 0.3602
vn -0.5919 -0.5644 -0.5754
vn -0.0000 -0.7926 -0.6098
vn 0.0924 0.9350 0.3425
vn 0.0198 -0.9552 -0.2953
vn 0.5920 -0.5645 -0.5753
vn 0.0186 -0.9540 -0.2991
vn -0.0244 0.7668 -0.6414
vn 0.1283 -0.1293 -0.9833
vn 0.1976 0.7749 -0.6004
vn -0.0000 0.7854 -0.6190
vn -0.0924 0.9350 0.3425
vn -0.0836 0.9323 0.3519
vn 0.1197 0.9571 0.2640
vn 0.0836 0.9323 0.3519
vn 0.4811 -0.8534 0.2005
vn 0.5426 -0.2466 0.8029
vn -0.0000 0.0161 0.9999
vn -0.0000 -0.7853 0.6191
vn -0.9976 -0.0000 -0.0687
vn -0.7733 -0.6156 0.1519
vn -0.9296 -0.0000 0.3686
vn -0.9841 -0.0000 -0.1778
vn 0.7733 -0.6156 0.1519
vn 0.9976 -0.0000 -0.0687
vn 0.9841 -0.0000 -0.1778
vn 0.9296 -0.0000 0.3686
vn -0.5328 0.2461 0.8096
vn -0.4811 -0.8534 0.2005
vn 0.7084 -0.0223 -0.7055
vn -0.2529 0.0813 -0.9641
vn -0.5926 0.1451 -0.7923
vn -0.1282 -0.1293 -0.9833
vn -0.1977 0.7749 -0.6003
vn 0.1861 0.8354 0.5172
vn -0.0198 -0.9552 -0.2953
vn -0.0186 -0.9540 -0.2991
vn -0.1861 0.8354 0.5172
vn -0.1197 0.9571 0.2640
vt 0.000000 0.000000
vt 0.500000 0.000000
vt 1.000000 0.500000
vt 1.000000 1.000000
vt 1.000039 0.499817
vt -0.000025 -0.000058
vt 1.000000 0.000000
s 1
usemtl Black
f 144/1/1 145/1/2 31/1/3 28/1/3
f 146/1/4 95/1/5 31/1/5 145/1/6
f 30/1/7 22/1/8 36/1/8 35/1/9
f 152/1/10 100/1/11 35/1/11 151/1/12
f 103/1/13 105/1/13 159/1/13 102/1/14 158/1/15
f 154/1/16 40/1/17 39/1/17 153/1/18
f 155/1/19 41/1/20 40/1/20 154/1/21
f 156/1/22 155/1/23 16/1/24 15/1/25
f 157/1/26 156/1/27 15/1/28 77/1/29
f 76/1/33 77/1/33 6/1/33
f 135/1/34 1/1/35 75/1/35 136/1/36
f 137/2/37 135/1/38 6/1/39 7/1/39
f 118/1/46 60/1/46 48/1/46 117/1/46
f 48/1/47 60/1/47 59/1/47 49/1/47
f 8/1/51 7/1/51 15/1/25 16/1/24
f 138/1/52 137/2/53 7/1/54 8/1/54
f 166/3/55 167/1/56 4/1/57 3/4/57
f 3/4/58 4/1/59 13/1/60 14/1/58
f 14/1/61 13/1/61 33/1/61 34/1/61
f 4/1/59 11/1/62 12/1/63 13/1/60
f 13/1/64 25/1/65 32/1/66 33/1/66
f 25/1/67 26/1/68 32/1/69
f 169/1/70 170/1/71 28/1/72 31/1/72
f 26/1/73 24/1/73 27/1/73
f 25/1/67 24/1/74 26/1/68
f 13/1/64 12/1/75 24/1/75 25/1/65
f 171/1/76 29/1/77 28/1/77 170/1/78
f 144/1/79 147/1/80 23/1/81 30/1/82
f 23/1/81 22/1/83 30/1/82
f 116/1/87 47/1/87 53/1/87 125/1/87
f 124/1/88 183/1/89 115/1/90
f 127/1/91 54/1/91 55/1/91 129/1/91
f 52/1/92 56/1/92 55/1/92 54/1/92
f 51/1/109 57/1/109 56/1/109 52/1/109
f 49/1/110 59/1/110 58/1/110 50/1/110
f 50/1/117 58/1/117 57/1/117 51/1/117
f 167/1/118 5/1/119 10/1/119 168/1/120
f 138/1/121 8/1/122 9/1/122 139/1/123
f 9/1/124 8/1/124 18/1/124 19/1/124
f 8/1/125 16/1/126 17/1/127 18/1/125
f 18/1/128 17/1/128 20/1/128
f 19/1/129 18/1/129 20/1/129 21/1/129
f 20/1/130 36/1/130 22/1/130 21/1/130
f 36/1/131 20/1/131 17/1/132 37/1/133
f 77/1/29 15/1/28 7/1/134 6/1/134
f 149/1/135 91/1/136 94/1/136 148/1/137
f 146/1/138 148/1/139 94/1/140 95/1/140
f 93/1/141 99/1/142 101/1/143 85/1/143
f 152/1/144 158/1/145 99/1/146 100/1/146
f 38/1/147 151/1/148 37/1/149 153/1/147 39/1/147
f 160/1/150 159/1/151 105/1/152 106/1/152
f 161/1/153 160/1/154 106/1/155 107/1/155
f 162/1/156 78/1/157 79/1/158 161/1/159
f 157/1/160 77/1/161 78/1/162 162/1/163
f 76/1/167 66/1/167 77/1/167
f 140/1/168 136/1/169 75/1/170 61/1/170
f 141/2/171 67/1/172 66/1/172 140/1/173
f 118/1/180 117/1/180 119/1/180 134/1/180
f 119/1/181 120/1/181 133/1/181 134/1/181
f 68/1/185 79/1/158 78/1/157 67/1/185
f 142/1/186 68/1/187 67/1/187 141/2/188
f 163/5/189 63/4/190 64/1/190 164/6/191
f 63/4/192 74/1/192 73/1/193 64/1/194
f 74/1/195 98/1/195 97/1/195 73/1/195
f 64/1/194 73/1/193 72/1/196 71/1/197
f 73/1/198 97/1/199 96/1/199 88/1/200
f 88/1/201 96/1/202 89/1/203
f 172/1/204 94/1/205 91/1/205 173/1/206
f 89/1/207 90/1/207 87/1/207
f 88/1/201 89/1/203 87/1/208
f 73/1/198 88/1/200 87/1/209 72/1/209
f 174/1/210 173/1/211 91/1/212 92/1/212
f 149/1/213 93/1/214 86/1/215 150/1/216
f 86/1/215 93/1/214 85/1/217
f 35/1/218 36/1/218 37/1/149 151/1/148
f 116/1/222 125/1/222 124/1/222 115/1/222
f 47/1/223 178/1/224 53/1/225
f 127/1/226 129/1/226 128/1/226 126/1/226
f 123/1/227 126/1/227 128/1/227 130/1/227
f 122/1/242 123/1/242 130/1/242 131/1/242
f 120/1/243 121/1/243 132/1/243 133/1/243
f 121/1/250 122/1/250 131/1/250 132/1/250
f 164/6/251 165/1/252 70/1/253 65/1/253
f 142/1/254 143/1/255 69/1/256 68/1/256
f 69/1/257 82/1/257 81/1/257 68/1/257
f 68/1/258 81/1/258 80/1/259 79/1/260
f 81/1/261 83/1/261 80/1/261
f 82/1/262 84/1/262 83/1/262 81/1/262
f 83/1/263 84/1/263 85/1/263 101/1/263
f 101/1/264 102/1/265 80/1/266 83/1/264
f 77/1/161 66/1/267 67/1/267 78/1/162
f 65/1/268 70/1/268 143/1/255 142/1/254
f 65/1/269 142/1/186 141/2/188 62/7/269
f 62/7/270 141/2/171 140/1/173 61/1/270
f 66/1/271 76/1/271 136/1/169 140/1/168
f 5/1/272 138/1/121 139/1/123 10/1/272
f 5/1/273 2/7/273 137/2/53 138/1/52
f 2/7/274 1/1/274 135/1/38 137/2/37
f 6/1/275 135/1/34 136/1/36 76/1/275
f 91/1/276 149/1/213 150/1/216 92/1/276
f 100/1/277 99/1/277 148/1/139 146/1/138
f 93/1/141 149/1/135 148/1/137 99/1/142
f 28/1/278 29/1/278 147/1/80 144/1/79
f 100/1/279 146/1/4 145/1/6 35/1/279
f 30/1/7 35/1/9 145/1/2 144/1/1
f 109/1/280 157/1/160 162/1/163 108/1/280
f 108/1/281 162/1/156 161/1/159 107/1/281
f 79/1/260 80/1/259 160/1/154 161/1/153
f 80/1/266 102/1/265 159/1/151 160/1/150
f 99/1/282 158/1/15 102/1/14 101/1/282
f 104/1/283 103/1/283 158/1/145 152/1/144
f 109/1/284 42/1/284 156/1/27 157/1/26
f 42/1/285 41/1/285 155/1/23 156/1/22
f 16/1/126 155/1/19 154/1/21 17/1/127
f 17/1/132 154/1/16 153/1/18 37/1/133
f 104/1/286 152/1/10 151/1/12 38/1/286
f 64/1/194 71/1/197 165/1/252 164/6/251
f 62/7/287 163/5/189 164/6/191 65/1/287
f 4/1/59 167/1/118 168/1/120 11/1/62
f 2/7/288 5/1/288 167/1/56 166/3/55
f 24/1/289 171/1/76 170/1/78 27/1/289
f 26/1/290 27/1/290 170/1/71 169/1/70
f 87/1/291 90/1/291 173/1/211 174/1/210
f 89/1/292 172/1/204 173/1/206 90/1/292
f 113/1/293 185/1/244 182/1/246 112/1/293
f 114/1/294 184/1/239 185/1/241 113/1/294
f 115/1/295 183/1/295 184/1/295 114/1/295
f 112/1/296 182/1/182 181/1/184 111/1/296
f 111/1/297 181/1/177 176/1/179 110/1/297
f 45/1/298 44/1/298 177/1/112 180/1/111
f 46/1/299 45/1/299 180/1/107 179/1/106
f 47/1/300 46/1/300 179/1/98 178/1/97
f 44/1/303 43/1/303 175/1/49 177/1/48
f 43/1/304 110/1/304 176/1/44 175/1/43
f 106/1/305 197/1/247 194/1/249 107/1/305
f 105/1/306 196/1/236 197/1/238 106/1/306
f 103/1/307 195/1/233 196/1/235 105/1/307
f 104/1/308 189/1/219 195/1/221 103/1/308
f 108/1/309 193/1/174 188/1/176 109/1/309
f 107/1/310 194/1/164 193/1/166 108/1/310
f 40/1/311 41/1/311 186/1/115 192/1/114
f 39/1/312 40/1/312 192/1/104 191/1/103
f 38/1/313 39/1/313 191/1/101 190/1/100
f 104/1/314 38/1/314 190/1/85 189/1/84
f 42/1/315 109/1/315 188/1/41 187/1/40
f 41/1/316 42/1/316 187/1/31 186/1/30
f 11/1/318 12/1/318 200/1/318 199/1/318
f 168/1/318 10/1/318 198/1/318 205/1/318
f 12/1/318 24/1/318 202/1/318 200/1/318
f 24/1/318 171/1/320 206/1/320 202/1/318
f 11/1/318 168/1/318 205/1/318 199/1/318
f 147/1/318 23/1/318 201/1/318 204/1/318
f 171/1/320 29/1/321 203/1/321 206/1/320
f 62/7/323 61/1/324 163/5/325
f 2/7/326 166/3/327 1/1/328
f 75/1/329 1/1/329 61/1/329
f 166/3/327 3/4/330 1/1/328
f 163/5/325 61/1/324 63/4/331
f 63/4/331 61/1/324 74/1/332
f 14/1/333 1/1/328 3/4/330
f 211/1/334 213/1/335 74/1/332 61/1/324
f 211/1/334 214/1/336 212/1/337
f 211/1/334 212/1/337 213/1/335
f 1/1/328 14/1/333 214/1/336 211/1/334
f 74/1/332 213/1/335 98/1/338
f 14/1/333 34/1/339 214/1/336
f 95/1/340 169/1/341 31/1/342
f 94/1/343 172/1/344 95/1/340
f 169/1/341 95/1/340 172/1/344 215/1/345
f 26/1/346 169/1/341 215/1/345
f 172/1/344 89/1/347 215/1/345
f 215/1/345 89/1/347 216/1/348 26/1/346
f 216/1/348 89/1/347 96/1/349 217/1/350
f 26/1/346 216/1/348 217/1/350 32/1/351
s 0
f 224/1/352 245/1/352 246/1/352 226/1/352
f 225/1/353 244/1/353 245/1/353 224/1/353
s 1
f 217/1/350 96/1/349 233/1/354 237/1/355
s 0
f 222/1/356 221/1/356 243/1/356 241/1/356
s 1
f 33/1/357 32/1/351 232/1/358 228/1/359
f 212/1/360 213/1/361 234/1/362 235/1/363
s 0
f 218/1/364 219/1/364 238/1/364 242/1/364
f 227/1/365 218/1/365 242/1/365 247/1/365
f 223/1/366 222/1/366 241/1/366 240/1/366
f 221/1/367 227/1/367 247/1/367 243/1/367
s 1
f 236/1/368 246/1/369 245/1/370 235/1/371
f 231/1/372 230/1/373 240/1/374 241/1/375
f 229/1/376 228/1/377 238/1/378 239/1/379
f 235/1/371 245/1/370 244/1/380 234/1/381
f 228/1/377 232/1/358 242/1/382 238/1/378
f 230/1/373 234/1/381 244/1/380 240/1/374
f 232/1/358 237/1/355 247/1/383 242/1/382
f 233/1/354 231/1/372 241/1/375 243/1/384
f 236/1/368 229/1/376 239/1/379 246/1/369
f 237/1/355 233/1/354 243/1/384 247/1/383
f 214/1/385 212/1/360 235/1/363 236/1/386
f 32/1/351 217/1/350 237/1/355 232/1/358
f 34/1/339 33/1/357 228/1/359 229/1/376
s 0
f 225/1/387 223/1/387 240/1/387 244/1/387
s 1
f 96/1/349 97/1/388 231/1/389 233/1/354
f 98/1/338 213/1/335 234/1/381 230/1/373
f 97/1/388 98/1/338 230/1/373 231/1/389
s 0
f 220/1/390 226/1/390 246/1/390 239/1/390
s 1
f 214/1/336 34/1/339 229/1/376 236/1/368
s 0
f 219/1/391 220/1/391 239/1/391 238/1/391
s 1
usemtl Reflective
f 186/1/30 187/1/31 43/1/32 44/1/32
f 187/1/40 188/1/41 110/1/42 43/1/42
f 175/1/43 176/1/44 117/1/45 48/1/45
f 177/1/48 175/1/49 48/1/50 49/1/50
f 189/1/84 190/1/85 47/1/86 116/1/86
f 125/1/93 53/1/94 54/1/95 127/1/96
f 178/1/97 179/1/98 51/1/99 52/1/99
f 190/1/100 191/1/101 46/1/102 47/1/102
f 191/1/103 192/1/104 45/1/105 46/1/105
f 179/1/106 180/1/107 50/1/108 51/1/108
f 180/1/111 177/1/112 49/1/113 50/1/113
f 192/1/114 186/1/115 44/1/116 45/1/116
f 194/1/164 112/1/165 111/1/165 193/1/166
f 193/1/174 111/1/175 110/1/175 188/1/176
f 181/1/177 119/1/178 117/1/178 176/1/179
f 182/1/182 120/1/183 119/1/183 181/1/184
f 189/1/219 116/1/220 115/1/220 195/1/221
f 125/1/228 127/1/229 126/1/230 124/1/231
f 183/1/232 123/1/232 122/1/232 184/1/232
f 195/1/233 115/1/234 114/1/234 196/1/235
f 196/1/236 114/1/237 113/1/237 197/1/238
f 184/1/239 122/1/240 121/1/240 185/1/241
f 185/1/244 121/1/245 120/1/245 182/1/246
f 197/1/247 113/1/248 112/1/248 194/1/249
f 52/1/301 54/1/302 53/1/225 178/1/224
f 183/1/89 124/1/88 126/1/317 123/1/317
f 183/1/318 184/1/318 208/1/319 207/1/318
f 207/1/322 209/1/322 210/1/322 208/1/322
o Shoes
v -0.543344 0.329865 -0.629371
v -0.478641 0.313529 -0.683091
v -0.415684 0.321342 -0.703704
v -0.322708 0.315340 -0.642441
v -0.287963 0.352599 -0.531666
v -0.355477 0.354915 -0.449240
v -0.424088 0.356427 -0.411671
v -0.515511 0.338089 -0.483784
v -0.497286 0.266468 -0.353153
v -0.434276 0.273632 -0.322332
v -0.352432 0.254550 -0.346847
v -0.301949 0.207414 -0.483138
v -0.304512 0.129325 -0.658801
v -0.407922 0.152713 -0.731670
v -0.522657 0.136677 -0.686639
v -0.550336 0.178981 -0.519667
v -0.437281 0.162544 -0.112638
v -0.518838 0.140681 -0.151015
v -0.585905 0.109436 -0.354297
v -0.610169 0.081342 -0.196011
v -0.572382 -0.001119 -0.373479
v -0.538677 0.005206 -0.547417
v -0.508726 -0.003654 -0.663204
v -0.620012 -0.018673 -0.206690
v -0.575330 0.078212 -0.011064
v -0.412615 0.123599 0.090766
v -0.418929 -0.004276 0.093277
v -0.579071 -0.018076 -0.024472
v -0.319916 -0.006234 -0.621545
v -0.304663 -0.001670 -0.532684
v -0.303406 0.108736 -0.332027
v -0.338330 0.127264 -0.132977
v -0.288807 0.038348 -0.139081
v -0.294668 0.007156 -0.352774
v -0.275020 -0.020350 -0.158179
v -0.292662 0.094461 -0.016411
v -0.282237 -0.023273 -0.016172
v -0.408750 -0.002688 -0.702410
v -0.433529 -0.006742 -0.529543
v -0.444497 -0.015630 -0.359271
v -0.461140 -0.024064 -0.190668
v -0.416075 0.322586 -0.703042
v -0.593239 0.747692 -0.678433
v -0.502795 0.724857 -0.753525
v -0.414792 0.735779 -0.782339
v -0.284827 0.727388 -0.696703
v -0.236259 0.779471 -0.541857
v -0.330632 0.782708 -0.426639
v -0.426539 0.784821 -0.374124
v -0.554333 0.759187 -0.474927
v -0.593239 0.778993 -0.678433
v -0.502795 0.756158 -0.753525
v -0.414792 0.767080 -0.782339
v -0.284827 0.758689 -0.696703
v -0.236259 0.810772 -0.541857
v -0.330632 0.814009 -0.426639
v -0.426539 0.816122 -0.374124
v -0.554333 0.790488 -0.474927
v -0.427478 0.786339 -0.350494
v -0.321123 0.783995 -0.408729
v -0.569191 0.757913 -0.462277
v -0.612335 0.745166 -0.687949
v -0.512039 0.719843 -0.771220
v -0.414451 0.731954 -0.803173
v -0.270329 0.722650 -0.708209
v -0.216471 0.780405 -0.536497
v -0.427478 0.821049 -0.350494
v -0.321123 0.818706 -0.408729
v -0.569191 0.792623 -0.462277
v -0.612335 0.779876 -0.687949
v -0.512039 0.754554 -0.771220
v -0.414451 0.766665 -0.803173
v -0.270329 0.757360 -0.708209
v -0.216471 0.815116 -0.536497
v -0.278853 -0.004032 -0.152870
v -0.297097 0.035395 -0.347006
v -0.303909 0.056455 -0.518910
v -0.315634 0.031451 -0.631902
v -0.408519 0.040513 -0.710544
v -0.512599 0.035358 -0.669718
v -0.541918 0.053516 -0.539702
v -0.576141 0.029615 -0.368146
v -0.617276 0.009131 -0.203721
v -0.285135 0.009457 -0.016238
v -0.417174 0.031273 0.092579
v -0.578031 0.008692 -0.020745
v -0.274731 -0.004432 -0.147636
v -0.270792 -0.021203 -0.153093
v -0.290985 0.007066 -0.353091
v -0.301258 -0.002005 -0.537997
v -0.316935 -0.006695 -0.629324
v -0.408234 -0.003051 -0.712435
v -0.510987 -0.004044 -0.672140
v -0.545100 0.054713 -0.545209
v -0.541769 0.005062 -0.553138
v -0.576410 -0.001439 -0.374370
v -0.625363 -0.019480 -0.202951
v -0.418697 -0.004683 0.105345
v -0.278209 -0.024208 -0.007143
v -0.416893 0.031853 0.104628
v -0.582216 0.008645 -0.011843
v -0.583284 -0.018866 -0.015674
v -0.293482 0.036089 -0.347163
v -0.300482 0.057734 -0.523840
v -0.312533 0.032036 -0.639969
v -0.407998 0.041350 -0.720795
v -0.514967 0.036052 -0.678836
v -0.580274 0.030149 -0.368890
v -0.622551 0.009096 -0.199900
v -0.281188 0.009431 -0.007211
v 0.543344 0.329865 -0.629371
v 0.478641 0.313529 -0.683091
v 0.415684 0.321342 -0.703704
v 0.322708 0.315340 -0.642441
v 0.287963 0.352599 -0.531666
v 0.355477 0.354915 -0.449240
v 0.424088 0.356427 -0.411671
v 0.515511 0.338089 -0.483784
v 0.497286 0.266468 -0.353153
v 0.434276 0.273632 -0.322332
v 0.352432 0.254550 -0.346847
v 0.301949 0.207414 -0.483138
v 0.304512 0.129325 -0.658801
v 0.407922 0.152713 -0.731670
v 0.522657 0.136677 -0.686639
v 0.550336 0.178981 -0.519667
v 0.437281 0.162544 -0.112638
v 0.518838 0.140681 -0.151015
v 0.585905 0.109436 -0.354297
v 0.610169 0.081342 -0.196011
v 0.572382 -0.001119 -0.373479
v 0.538677 0.005206 -0.547417
v 0.508726 -0.003654 -0.663204
v 0.620012 -0.018673 -0.206690
v 0.575330 0.078212 -0.011064
v 0.412615 0.123599 0.090766
v 0.418929 -0.004276 0.093277
v 0.579071 -0.018076 -0.024472
v 0.319916 -0.006234 -0.621545
v 0.304663 -0.001670 -0.532684
v 0.303406 0.108736 -0.332027
v 0.338330 0.127264 -0.132977
v 0.288807 0.038348 -0.139081
v 0.294668 0.007156 -0.352774
v 0.275020 -0.020350 -0.158179
v 0.292662 0.094461 -0.016411
v 0.282237 -0.023273 -0.016172
v 0.408750 -0.002688 -0.702410
v 0.433529 -0.006742 -0.529543
v 0.444497 -0.015630 -0.359271
v 0.461140 -0.024064 -0.190668
v 0.416075 0.322586 -0.703042
v 0.593239 0.747692 -0.678433
v 0.502795 0.724857 -0.753525
v 0.414792 0.735779 -0.782339
v 0.284827 0.727388 -0.696703
v 0.236259 0.779471 -0.541857
v 0.330632 0.782708 -0.426639
v 0.426539 0.784821 -0.374124
v 0.554333 0.759187 -0.474927
v 0.593239 0.778993 -0.678433
v 0.502795 0.756158 -0.753525
v 0.414792 0.767080 -0.782339
v 0.284827 0.758689 -0.696703
v 0.236259 0.810772 -0.541857
v 0.330632 0.814009 -0.426639
v 0.426539 0.816122 -0.374124
v 0.554333 0.790488 -0.474927
v 0.427478 0.786339 -0.350494
v 0.321123 0.783995 -0.408729
v 0.569191 0.757913 -0.462277
v 0.612335 0.745166 -0.687949
v 0.512039 0.719843 -0.771220
v 0.414451 0.731954 -0.803173
v 0.270329 0.722650 -0.708209
v 0.216471 0.780405 -0.536497
v 0.427478 0.821049 -0.350494
v 0.321123 0.818706 -0.408729
v 0.569191 0.792623 -0.462277
v 0.612335 0.779876 -0.687949
v 0.512039 0.754554 -0.771220
v 0.414451 0.766665 -0.803173
v 0.270329 0.757360 -0.708209
v 0.216471 0.815116 -0.536497
v 0.278853 -0.004032 -0.152870
v 0.297097 0.035395 -0.347006
v 0.303909 0.056455 -0.518910
v 0.315634 0.031451 -0.631902
v 0.408519 0.040513 -0.710544
v 0.512599 0.035358 -0.669718
v 0.541918 0.053516 -0.539702
v 0.576141 0.029615 -0.368146
v 0.617276 0.009131 -0.203721
v 0.285135 0.009457 -0.016238
v 0.417174 0.031273 0.092579
v 0.578031 0.008692 -0.020745
v 0.274731 -0.004432 -0.147636
v 0.270792 -0.021203 -0.153093
v 0.290985 0.007066 -0.353091
v 0.301258 -0.002005 -0.537997
v 0.316935 -0.006695 -0.629324
v 0.408234 -0.003051 -0.712435
v 0.510987 -0.004044 -0.672140
v 0.545100 0.054713 -0.545209
v 0.541769 0.005062 -0.553138
v 0.576410 -0.001439 -0.374370
v 0.625363 -0.019480 -0.202951
v 0.418697 -0.004683 0.105345
v 0.278209 -0.024208 -0.007143
v 0.416893 0.031853 0.104628
v 0.582216 0.008645 -0.011843
v 0.583284 -0.018866 -0.015674
v 0.293482 0.036089 -0.347163
v 0.300482 0.057734 -0.523840
v 0.312533 0.032036 -0.639969
v 0.407998 0.041350 -0.720795
v 0.514967 0.036052 -0.678836
v 0.580274 0.030149 -0.368890
v 0.622551 0.009096 -0.199900
v 0.281188 0.009431 -0.007211
vn 0.8783 0.2213 0.4238
vn 0.3602 0.6678 0.6514
vn -0.4649 0.7166 0.5200
vn -0.9692 0.1726 0.1755
vn 0.9916 0.0001 -0.1292
vn -0.3583 0.1220 -0.9256
vn 0.5727 0.1428 -0.8072
vn 0.9283 0.3296 0.1719
vn 0.3577 0.8178 0.4509
vn -0.3762 0.8127 0.4450
vn -0.9478 0.2784 0.1557
vn 0.8509 0.4874 -0.1962
vn 0.8716 0.4780 0.1084
vn 0.3749 0.9201 0.1133
vn 0.6606 0.7456 0.0877
vn 0.5988 0.7981 0.0660
vn 0.9173 0.3981 0.0018
vn 0.9997 0.0213 -0.0087
vn 0.1292 0.9744 -0.1838
vn 0.9982 -0.0514 -0.0311
vn 0.9319 0.3482 -0.1016
vn -0.1612 -0.9865 -0.0302
vn -0.9207 0.0170 -0.3899
vn 0.8302 0.5561 -0.0389
vn 0.6126 0.7878 -0.0635
vn 0.9224 0.3860 0.0134
vn 0.6850 0.7277 -0.0346
vn 0.0957 -0.9924 -0.0771
vn -0.5643 0.8234 0.0596
vn -0.7190 0.6823 0.1323
vn -0.0370 0.9724 -0.2302
vn 0.9341 0.2952 -0.2006
vn -0.9098 0.3567 -0.2122
vn -0.9819 -0.0776 -0.1726
vn -0.2050 0.9663 -0.1558
vn -0.5827 0.8033 0.1234
vn -0.3787 0.8966 0.2297
vn 0.3494 0.9277 0.1312
vn 0.4719 0.7873 0.3968
vn 0.5430 0.6734 0.5017
vn 0.6529 0.0194 0.7572
vn 0.9907 0.1357 0.0023
vn -0.0200 -0.9985 0.0501
vn -0.7510 0.6424 0.1530
vn -0.5459 0.8303 0.1121
vn -0.9793 0.0435 0.1976
vn 0.0087 -0.9991 0.0421
vn -0.0371 -0.9984 0.0426
vn -0.0597 -0.9943 -0.0885
vn 0.0896 -0.9911 -0.0988
vn -0.1048 -0.9928 -0.0575
vn 0.0995 -0.9950 0.0001
vn -0.0528 -0.9986 0.0066
vn 0.0062 -1.0000 0.0022
vn 0.1346 -0.1850 -0.9735
vn -0.4802 -0.1754 -0.8595
vn -0.4818 -0.1753 -0.8586
vn 0.1408 -0.1848 -0.9726
vn -0.9308 -0.1503 -0.3332
vn -0.8564 -0.0896 0.5085
vn -0.8370 -0.0885 0.5400
vn -0.9455 -0.1470 -0.2904
vn -0.1045 -0.0874 0.9907
vn 0.6364 -0.0775 0.7674
vn 0.6346 -0.0775 0.7690
vn -0.0466 -0.0875 0.9951
vn 0.9780 -0.1143 0.1746
vn 0.9606 -0.1103 0.2551
vn 0.7862 -0.1512 -0.5992
vn 0.8097 -0.1492 -0.5675
vn -0.1302 0.9912 -0.0219
vn -0.1104 -0.9603 0.2564
vn -0.0103 -0.9835 0.1804
vn 0.0197 -0.9833 0.1808
vn -0.1148 -0.9611 0.2512
vn 0.1212 0.9809 -0.1523
vn 0.0826 -0.9693 0.2315
vn 0.0864 -0.9695 0.2295
vn 0.0817 0.9941 -0.0718
vn 0.0560 -0.9871 0.1497
vn 0.0437 -0.9838 0.1736
vn -0.0343 0.9781 -0.2053
vn 0.1278 -0.9905 0.0503
vn 0.1308 -0.9899 0.0539
vn -0.4791 -0.0000 -0.8777
vn -0.9253 -0.0000 -0.3793
vn -0.9565 -0.0000 -0.2916
vn -0.4871 -0.0000 -0.8733
vn -0.8678 -0.0000 0.4969
vn -0.1105 -0.0000 0.9939
vn -0.0529 -0.0000 0.9986
vn -0.8418 -0.0000 0.5398
vn 0.9904 -0.0000 0.1385
vn 0.7782 -0.0000 -0.6280
vn 0.8139 -0.0000 -0.5810
vn 0.9679 -0.0000 0.2513
vn 0.1235 -0.0000 -0.9923
vn 0.1429 -0.0000 -0.9897
vn 0.6406 -0.0000 0.7679
vn 0.6367 -0.0000 0.7711
vn -0.0078 -0.9799 0.1995
vn -0.0041 -0.9825 0.1863
vn 0.0766 0.9969 -0.0186
vn 0.0240 -0.9980 0.0590
vn 0.0215 -0.9979 0.0603
vn -0.1335 0.9512 -0.2781
vn 0.0800 -0.9945 0.0670
vn 0.0757 -0.9949 0.0669
vn -0.1685 0.9717 -0.1654
vn -0.0917 0.9741 -0.2067
vn -0.4217 0.7728 0.4742
vn -0.4585 0.7025 0.5443
vn -0.4902 0.6780 0.5477
vn -0.5439 0.5289 0.6515
vn -0.5513 -0.0158 0.8341
vn 0.1311 -0.9910 -0.0262
vn 0.4377 0.7522 -0.4926
vn 0.5240 0.5745 -0.6288
vn 0.5165 0.6924 -0.5039
vn 0.6222 0.4322 -0.6527
vn -0.6221 0.7706 0.1384
vn -0.8749 0.4441 0.1931
vn -0.9803 0.0108 -0.1970
vn -0.6555 0.7544 -0.0350
vn -0.4615 0.8869 0.0214
vn -0.9751 -0.0507 -0.2160
vn -0.4790 0.8776 0.0182
vn -0.6983 0.7139 -0.0513
vn -0.3442 -0.1795 -0.9216
vn -0.2711 0.7418 -0.6134
vn -0.3042 0.6306 -0.7140
vn 0.5748 -0.2127 -0.7902
vn 0.0243 -0.9990 0.0374
vn 0.1118 -0.9931 -0.0356
vn 0.9879 0.1492 -0.0415
vn 0.3983 0.9036 0.1577
vn 0.5907 0.7977 0.1217
vn 0.8632 0.5047 0.0136
vn 0.9854 0.1557 -0.0692
vn 0.5791 0.8086 0.1039
vn 0.6375 -0.2053 -0.7426
vn -0.3320 0.5454 -0.7696
vn -0.3546 -0.1792 -0.9177
vn -0.2939 0.6966 -0.6544
vn -0.9181 0.3760 -0.1253
vn -0.9789 -0.0541 -0.1972
vn -0.6726 0.7395 -0.0268
vn -0.8831 0.4317 -0.1838
vn -0.6569 0.7492 -0.0842
vn -0.9663 0.0195 -0.2567
vn -0.5832 -0.0133 0.8122
vn -0.9759 0.0412 0.2143
vn 0.9904 0.1313 0.0430
vn 0.6321 0.0193 0.7746
vn 0.5107 0.7098 0.4851
vn 0.5893 0.5167 0.6211
vn -0.9712 -0.0760 -0.2258
vn -0.1357 0.9748 -0.1773
vn -0.9309 0.2519 -0.2645
vn 0.9910 -0.0476 -0.1255
vn 0.9985 0.0299 -0.0467
vn 0.0834 -0.9963 -0.0201
vn -0.0143 -0.9985 0.0537
vn -0.0641 -0.9962 0.0597
vn -0.0694 -0.9971 0.0325
vn -0.1645 -0.9860 -0.0287
vn -0.0358 -0.9900 -0.1363
vn -0.8783 0.2213 0.4238
vn -0.3602 0.6678 0.6514
vn 0.4649 0.7166 0.5200
vn 0.9692 0.1726 0.1755
vn -0.9916 0.0001 -0.1292
vn 0.3583 0.1220 -0.9256
vn -0.5727 0.1428 -0.8072
vn -0.9283 0.3296 0.1719
vn -0.3577 0.8178 0.4509
vn 0.3762 0.8127 0.4450
vn 0.9478 0.2784 0.1557
vn -0.8509 0.4874 -0.1962
vn -0.8716 0.4780 0.1084
vn -0.3749 0.9201 0.1133
vn -0.9173 0.3981 0.0018
vn -0.5988 0.7981 0.0660
vn -0.6606 0.7456 0.0877
vn -0.9997 0.0213 -0.0087
vn -0.1292 0.9744 -0.1838
vn -0.9319 0.3482 -0.1016
vn -0.9982 -0.0514 -0.0311
vn 0.1612 -0.9865 -0.0302
vn 0.9207 0.0170 -0.3899
vn -0.8302 0.5561 -0.0389
vn -0.6850 0.7277 -0.0346
vn -0.9224 0.3860 0.0134
vn -0.6126 0.7878 -0.0635
vn -0.0957 -0.9924 -0.0771
vn 0.5643 0.8234 0.0596
vn 0.7190 0.6823 0.1323
vn -0.9341 0.2952 -0.2006
vn 0.0370 0.9724 -0.2302
vn 0.9098 0.3567 -0.2122
vn 0.2050 0.9663 -0.1558
vn 0.9819 -0.0776 -0.1727
vn 0.5827 0.8033 0.1234
vn 0.3787 0.8966 0.2297
vn -0.3494 0.9277 0.1312
vn -0.4719 0.7873 0.3968
vn -0.6529 0.0194 0.7572
vn -0.5430 0.6734 0.5017
vn -0.9907 0.1357 0.0023
vn 0.0200 -0.9985 0.0501
vn 0.7510 0.6424 0.1530
vn 0.9793 0.0435 0.1976
vn 0.5459 0.8303 0.1121
vn -0.0087 -0.9991 0.0421
vn 0.0371 -0.9984 0.0426
vn 0.0597 -0.9943 -0.0885
vn -0.0896 -0.9911 -0.0988
vn 0.1048 -0.9928 -0.0575
vn -0.0995 -0.9950 0.0001
vn 0.0528 -0.9986 0.0066
vn -0.0062 -1.0000 0.0022
vn -0.1346 -0.1850 -0.9735
vn -0.1408 -0.1848 -0.9726
vn 0.4818 -0.1753 -0.8586
vn 0.4802 -0.1754 -0.8595
vn 0.9308 -0.1503 -0.3332
vn 0.9455 -0.1470 -0.2904
vn 0.8370 -0.0885 0.5400
vn 0.8564 -0.0896 0.5085
vn 0.1045 -0.0874 0.9907
vn 0.0466 -0.0875 0.9951
vn -0.6346 -0.0775 0.7690
vn -0.6364 -0.0775 0.7674
vn -0.9606 -0.1103 0.2551
vn -0.9780 -0.1143 0.1746
vn -0.7862 -0.1512 -0.5992
vn -0.8097 -0.1492 -0.5675
vn 0.1302 0.9912 -0.0219
vn 0.1104 -0.9603 0.2564
vn 0.1148 -0.9611 0.2512
vn -0.0197 -0.9833 0.1808
vn 0.0103 -0.9835 0.1804
vn -0.1212 0.9809 -0.1523
vn -0.0864 -0.9695 0.2295
vn -0.0826 -0.9693 0.2315
vn -0.0817 0.9941 -0.0718
vn -0.0437 -0.9838 0.1736
vn -0.0560 -0.9871 0.1497
vn 0.0343 0.9781 -0.2053
vn -0.1308 -0.9899 0.0539
vn -0.1278 -0.9905 0.0503
vn 0.4791 -0.0000 -0.8777
vn 0.4871 -0.0000 -0.8733
vn 0.9565 -0.0000 -0.2916
vn 0.9253 -0.0000 -0.3793
vn 0.8678 -0.0000 0.4969
vn 0.8418 -0.0000 0.5398
vn 0.0529 -0.0000 0.9986
vn 0.1105 -0.0000 0.9939
vn -0.9904 -0.0000 0.1385
vn -0.9679 -0.0000 0.2513
vn -0.8139 -0.0000 -0.5810
vn -0.7782 -0.0000 -0.6280
vn -0.1235 -0.0000 -0.9923
vn -0.1429 -0.0000 -0.9897
vn -0.6367 -0.0000 0.7711
vn -0.6406 -0.0000 0.7679
vn 0.0078 -0.9799 0.1995
vn 0.0041 -0.9825 0.1863
vn -0.0766 0.9969 -0.0186
vn -0.0240 -0.9980 0.0590
vn -0.0215 -0.9979 0.0603
vn 0.1335 0.9512 -0.2781
vn -0.0800 -0.9945 0.0670
vn -0.0757 -0.9949 0.0669
vn 0.1685 0.9717 -0.1654
vn 0.0917 0.9741 -0.2067
vn 0.4217 0.7728 0.4742
vn 0.5439 0.5289 0.6515
vn 0.4902 0.6780 0.5477
vn 0.4585 0.7025 0.5443
vn 0.5513 -0.0158 0.8341
vn -0.1311 -0.9910 -0.0262
vn -0.4377 0.7522 -0.4926
vn -0.6222 0.4322 -0.6527
vn -0.5165 0.6924 -0.5039
vn -0.5240 0.5745 -0.6288
vn 0.8749 0.4441 0.1931
vn 0.6221 0.7706 0.1384
vn 0.9803 0.0108 -0.1970
vn 0.4615 0.8869 0.0214
vn 0.6555 0.7544 -0.0350
vn 0.9751 -0.0507 -0.2160
vn 0.6983 0.7139 -0.0513
vn 0.4790 0.8776 0.0182
vn 0.3442 -0.1795 -0.9216
vn 0.3042 0.6306 -0.7140
vn 0.2711 0.7418 -0.6134
vn -0.5748 -0.2127 -0.7902
vn -0.0243 -0.9990 0.0374
vn -0.1118 -0.9931 -0.0356
vn -0.9879 0.1492 -0.0415
vn -0.5907 0.7977 0.1217
vn -0.3983 0.9036 0.1577
vn -0.8632 0.5047 0.0136
vn -0.5791 0.8086 0.1039
vn -0.9854 0.1557 -0.0692
vn -0.6375 -0.2053 -0.7426
vn 0.3320 0.5454 -0.7696
vn 0.2939 0.6966 -0.6544
vn 0.3546 -0.1792 -0.9177
vn 0.9181 0.3760 -0.1253
vn 0.6726 0.7395 -0.0268
vn 0.9789 -0.0541 -0.1972
vn 0.8831 0.4317 -0.1838
vn 0.9663 0.0195 -0.2567
vn 0.6569 0.7492 -0.0842
vn 0.5832 -0.0133 0.8122
vn 0.9759 0.0412 0.2143
vn -0.9904 0.1313 0.0430
vn -0.6321 0.0193 0.7746
vn -0.5893 0.5167 0.6211
vn -0.5107 0.7098 0.4851
vn 0.9712 -0.0760 -0.2258
vn 0.9309 0.2519 -0.2645
vn 0.1357 0.9748 -0.1773
vn -0.9910 -0.0476 -0.1255
vn -0.9985 0.0299 -0.0467
vn -0.0834 -0.9963 -0.0201
vn 0.0143 -0.9985 0.0537
vn 0.0641 -0.9962 0.0597
vn 0.0694 -0.9971 0.0325
vn 0.1645 -0.9860 -0.0287
vn 0.0358 -0.9900 -0.1363
vn -0.0302 0.9890 -0.1449
vn 0.0302 0.9890 -0.1449
vt 0.000000 0.000000
s 1
usemtl Black
f 252/8/392 253/8/392 258/8/392 259/8/392
f 257/8/393 258/8/393 253/8/393 254/8/393
f 256/8/394 257/8/394 254/8/394 255/8/394
f 255/8/395 248/8/395 263/8/395
f 251/8/396 252/8/396 259/8/396 260/8/396
f 249/8/397 250/8/397 261/8/397 262/8/397
f 250/8/398 251/8/398 260/8/398 261/8/398
f 258/8/399 279/8/399 278/8/399 259/8/399
f 258/8/400 257/8/400 264/8/400 279/8/400
f 256/8/401 265/8/401 264/8/401 257/8/401
f 256/8/402 255/8/402 263/8/402 265/8/402
f 280/8/403 279/8/403 283/8/403
f 279/8/404 280/8/404 278/8/404
f 324/8/405 323/8/406 350/8/407 351/8/408
f 324/8/405 259/8/409 278/8/409 323/8/406
f 325/8/410 260/8/411 259/8/411 324/8/412
f 274/8/413 284/8/413 346/8/413 345/8/413
f 262/8/414 263/8/414 248/8/414 249/8/414
f 322/8/415 331/8/416 357/8/417 334/8/418
f 268/8/419 271/8/419 344/8/419 343/8/419
f 266/8/420 267/8/420 265/8/420
f 265/8/421 263/8/421 266/8/421
f 325/8/410 324/8/412 351/8/422 352/8/423
f 328/8/424 263/8/425 262/8/425 327/8/426
f 267/8/427 272/8/427 265/8/427
f 272/8/428 273/8/428 264/8/428 265/8/428
f 273/8/429 283/8/429 279/8/429 264/8/429
f 332/8/430 331/8/431 283/8/432 273/8/432
f 322/8/415 280/8/433 283/8/433 331/8/416
f 281/8/434 277/8/434 337/8/434 336/8/434
f 330/8/435 333/8/436 272/8/437 267/8/437
f 274/8/438 275/8/438 271/8/438 288/8/438
f 282/8/439 284/8/439 274/8/439 288/8/439
f 271/8/440 268/8/440 287/8/440 288/8/440
f 287/8/441 281/8/441 282/8/441 288/8/441
f 268/8/442 269/8/442 286/8/442 287/8/442
f 286/8/443 277/8/443 281/8/443 287/8/443
f 269/8/444 270/8/444 285/8/444 286/8/444
f 286/8/445 285/8/445 276/8/445 277/8/445
f 250/8/446 249/8/447 291/8/448 292/8/449
f 248/8/450 255/8/451 297/8/452 290/8/453
f 254/8/454 253/8/455 295/8/456 296/8/457
f 253/8/455 252/8/458 294/8/459 295/8/456
f 251/8/460 250/8/446 292/8/449 293/8/461
f 249/8/447 248/8/450 290/8/453 291/8/448
f 255/8/451 254/8/454 296/8/457 297/8/452
f 252/8/458 251/8/460 293/8/461 294/8/459
s 0
f 299/8/462 300/8/462 319/8/462 318/8/462
s 1
f 293/8/463 292/8/464 311/8/465 312/8/466
s 0
f 298/8/467 299/8/467 318/8/467 317/8/467
s 1
f 292/8/464 291/8/468 310/8/469 311/8/465
s 0
f 305/8/470 298/8/470 317/8/470 316/8/470
s 1
f 291/8/468 290/8/471 309/8/472 310/8/469
s 0
f 304/8/473 305/8/473 316/8/473 314/8/473
s 1
f 290/8/471 297/8/474 308/8/475 309/8/472
f 310/8/476 309/8/477 317/8/478 318/8/479
f 308/8/480 306/8/481 314/8/482 316/8/483
f 313/8/484 312/8/485 320/8/486 321/8/487
f 311/8/488 310/8/476 318/8/479 319/8/489
f 309/8/477 308/8/480 316/8/483 317/8/478
f 306/8/481 307/8/490 315/8/491 314/8/482
f 307/8/490 313/8/484 321/8/487 315/8/491
f 312/8/485 311/8/488 319/8/489 320/8/486
f 294/8/492 293/8/463 312/8/466 313/8/493
s 0
f 300/8/494 301/8/494 320/8/494 319/8/494
s 1
f 295/8/495 294/8/492 313/8/493 307/8/496
s 0
f 301/8/497 302/8/497 321/8/497 320/8/497
s 1
f 296/8/498 295/8/495 307/8/496 306/8/499
s 0
f 302/8/500 303/8/500 315/8/500 321/8/500
s 1
f 297/8/474 296/8/498 306/8/499 308/8/475
s 0
f 303/8/501 304/8/501 314/8/501 315/8/501
s 1
f 332/8/502 333/8/503 348/8/504 347/8/505
f 272/8/506 333/8/503 332/8/502 273/8/506
f 271/8/507 275/8/507 349/8/507 344/8/507
f 326/8/508 325/8/509 352/8/510 353/8/511
f 333/8/436 330/8/435 356/8/512 348/8/513
f 267/8/514 266/8/514 329/8/515 330/8/516
f 263/8/517 328/8/518 329/8/519 266/8/517
f 261/8/520 326/8/521 327/8/522 262/8/520
f 261/8/523 260/8/523 325/8/509 326/8/508
f 285/8/524 270/8/524 340/8/524 339/8/524
f 275/8/525 274/8/525 345/8/525 349/8/525
f 280/8/526 322/8/527 323/8/528 278/8/526
f 334/8/529 335/8/530 336/8/530 350/8/531
f 353/8/511 352/8/510 338/8/532 339/8/532
f 353/8/533 339/8/534 340/8/534 354/8/535
f 341/8/536 342/8/537 343/8/537 355/8/538
f 356/8/539 355/8/540 343/8/541 344/8/541
f 348/8/504 349/8/542 345/8/542 347/8/505
f 344/8/543 349/8/543 348/8/513 356/8/512
f 335/8/544 334/8/418 357/8/417 346/8/544
f 345/8/545 346/8/545 357/8/546 347/8/547
f 342/8/548 341/8/549 354/8/550 340/8/548
f 338/8/551 352/8/423 351/8/422 337/8/551
f 337/8/552 351/8/408 350/8/407 336/8/552
f 331/8/431 332/8/430 347/8/547 357/8/546
f 269/8/553 268/8/553 343/8/553 342/8/553
f 277/8/554 276/8/554 338/8/554 337/8/554
f 323/8/528 322/8/527 334/8/529 350/8/531
f 270/8/555 269/8/555 342/8/555 340/8/555
f 328/8/424 327/8/426 354/8/550 341/8/549
f 276/8/556 285/8/556 339/8/556 338/8/556
f 330/8/516 329/8/515 355/8/540 356/8/539
f 284/8/557 282/8/557 335/8/557 346/8/557
f 282/8/558 281/8/558 336/8/558 335/8/558
f 329/8/519 328/8/518 341/8/536 355/8/538
f 327/8/522 326/8/521 353/8/533 354/8/535
f 362/8/559 369/8/559 368/8/559 363/8/559
f 367/8/560 364/8/560 363/8/560 368/8/560
f 366/8/561 365/8/561 364/8/561 367/8/561
f 365/8/562 373/8/562 358/8/562
f 361/8/563 370/8/563 369/8/563 362/8/563
f 359/8/564 372/8/564 371/8/564 360/8/564
f 360/8/565 371/8/565 370/8/565 361/8/565
f 368/8/566 369/8/566 388/8/566 389/8/566
f 368/8/567 389/8/567 374/8/567 367/8/567
f 366/8/568 367/8/568 374/8/568 375/8/568
f 366/8/569 375/8/569 373/8/569 365/8/569
f 390/8/570 393/8/570 389/8/570
f 389/8/571 388/8/571 390/8/571
f 434/8/572 461/8/573 460/8/574 433/8/575
f 434/8/572 433/8/575 388/8/576 369/8/576
f 435/8/577 434/8/578 369/8/579 370/8/579
f 384/8/580 455/8/580 456/8/580 394/8/580
f 372/8/581 359/8/581 358/8/581 373/8/581
f 432/8/582 444/8/583 467/8/584 441/8/585
f 378/8/586 453/8/586 454/8/586 381/8/586
f 376/8/587 375/8/587 377/8/587
f 375/8/588 376/8/588 373/8/588
f 435/8/577 462/8/589 461/8/590 434/8/578
f 438/8/591 437/8/592 372/8/593 373/8/593
f 377/8/594 375/8/594 382/8/594
f 382/8/595 375/8/595 374/8/595 383/8/595
f 383/8/596 374/8/596 389/8/596 393/8/596
f 442/8/597 383/8/598 393/8/598 441/8/599
f 432/8/582 441/8/585 393/8/600 390/8/600
f 391/8/601 446/8/601 447/8/601 387/8/601
f 440/8/602 377/8/603 382/8/603 443/8/604
f 384/8/605 398/8/605 381/8/605 385/8/605
f 392/8/606 398/8/606 384/8/606 394/8/606
f 381/8/607 398/8/607 397/8/607 378/8/607
f 397/8/608 398/8/608 392/8/608 391/8/608
f 378/8/609 397/8/609 396/8/609 379/8/609
f 396/8/610 397/8/610 391/8/610 387/8/610
f 379/8/611 396/8/611 395/8/611 380/8/611
f 396/8/612 387/8/612 386/8/612 395/8/612
f 360/8/613 402/8/614 401/8/615 359/8/616
f 358/8/617 400/8/618 407/8/619 365/8/620
f 364/8/621 406/8/622 405/8/623 363/8/624
f 363/8/624 405/8/623 404/8/625 362/8/626
f 361/8/627 403/8/628 402/8/614 360/8/613
f 359/8/616 401/8/615 400/8/618 358/8/617
f 365/8/620 407/8/619 406/8/622 364/8/621
f 362/8/626 404/8/625 403/8/628 361/8/627
s 0
f 409/8/629 428/8/629 429/8/629 410/8/629
s 1
f 403/8/630 422/8/631 421/8/632 402/8/633
s 0
f 408/8/634 427/8/634 428/8/634 409/8/634
s 1
f 402/8/633 421/8/632 420/8/635 401/8/636
s 0
f 415/8/637 426/8/637 427/8/637 408/8/637
s 1
f 401/8/636 420/8/635 419/8/638 400/8/639
s 0
f 414/8/640 424/8/640 426/8/640 415/8/640
s 1
f 400/8/639 419/8/638 418/8/641 407/8/642
f 420/8/643 428/8/644 427/8/645 419/8/646
f 418/8/647 426/8/648 424/8/649 416/8/650
f 423/8/651 431/8/652 430/8/653 422/8/654
f 421/8/655 429/8/656 428/8/644 420/8/643
f 419/8/646 427/8/645 426/8/648 418/8/647
f 416/8/650 424/8/649 425/8/657 417/8/658
f 417/8/658 425/8/657 431/8/652 423/8/651
f 422/8/654 430/8/653 429/8/656 421/8/655
f 404/8/659 423/8/660 422/8/631 403/8/630
s 0
f 410/8/661 429/8/661 430/8/661 411/8/661
s 1
f 405/8/662 417/8/663 423/8/660 404/8/659
s 0
f 411/8/664 430/8/664 431/8/664 412/8/664
s 1
f 406/8/665 416/8/666 417/8/663 405/8/662
s 0
f 412/8/667 431/8/667 425/8/667 413/8/667
s 1
f 407/8/642 418/8/641 416/8/666 406/8/665
s 0
f 413/8/668 425/8/668 424/8/668 414/8/668
s 1
f 442/8/669 457/8/670 458/8/671 443/8/672
f 382/8/673 383/8/673 442/8/669 443/8/672
f 381/8/674 454/8/674 459/8/674 385/8/674
f 436/8/675 463/8/676 462/8/677 435/8/678
f 443/8/604 458/8/679 466/8/680 440/8/602
f 377/8/681 440/8/682 439/8/683 376/8/681
f 373/8/684 376/8/684 439/8/685 438/8/686
f 371/8/687 372/8/687 437/8/688 436/8/689
f 371/8/690 436/8/675 435/8/678 370/8/690
f 395/8/691 449/8/691 450/8/691 380/8/691
f 385/8/692 459/8/692 455/8/692 384/8/692
f 390/8/693 388/8/693 433/8/694 432/8/695
f 444/8/696 460/8/697 446/8/698 445/8/698
f 463/8/676 449/8/699 448/8/699 462/8/677
f 463/8/700 464/8/701 450/8/702 449/8/702
f 451/8/703 465/8/704 453/8/705 452/8/705
f 466/8/706 454/8/707 453/8/707 465/8/708
f 458/8/671 457/8/670 455/8/709 459/8/709
f 454/8/710 466/8/680 458/8/679 459/8/710
f 445/8/711 456/8/711 467/8/584 444/8/583
f 455/8/712 457/8/713 467/8/714 456/8/712
f 452/8/715 450/8/715 464/8/716 451/8/717
f 448/8/718 447/8/718 461/8/590 462/8/589
f 447/8/719 446/8/719 460/8/574 461/8/573
f 441/8/599 467/8/714 457/8/713 442/8/597
f 379/8/720 452/8/720 453/8/720 378/8/720
f 387/8/721 447/8/721 448/8/721 386/8/721
f 433/8/694 460/8/697 444/8/696 432/8/695
f 380/8/722 450/8/722 452/8/722 379/8/722
f 438/8/591 451/8/717 464/8/716 437/8/592
f 386/8/723 448/8/723 449/8/723 395/8/723
f 440/8/682 466/8/706 465/8/708 439/8/683
f 394/8/724 456/8/724 445/8/724 392/8/724
f 392/8/725 445/8/725 446/8/725 391/8/725
f 439/8/685 465/8/704 451/8/703 438/8/686
f 437/8/688 464/8/701 463/8/700 436/8/689
s 0
f 304/8/726 303/8/726 302/8/726 301/8/726 300/8/726 299/8/726 298/8/726 305/8/726
f 414/8/727 415/8/727 408/8/727 409/8/727 410/8/727 411/8/727 412/8/727 413/8/727
l 250 289
l 360 399
o Pants
v 0.142947 2.886378 -0.698378
v 0.214635 2.852534 0.016988
v -0.003341 2.424901 -0.043933
v -0.003341 2.443510 -0.476719
v 0.175289 2.530997 -0.638061
v 0.009484 2.293721 -0.480956
v 0.058833 2.033089 -0.514273
v 0.211094 2.261610 -0.653946
v 0.382003 2.678327 -0.633040
v 0.361610 2.897184 -0.588038
v 0.427104 2.898399 -0.538248
v 0.456041 2.875347 -0.268052
v 0.511387 2.577531 -0.566458
v 0.399879 2.345861 -0.684047
v 0.221308 2.065985 -0.676409
v 0.400933 2.141567 -0.718768
v 0.512797 2.222481 -0.607173
v 0.543168 2.629247 -0.320384
v 0.561879 2.275746 -0.352544
v 0.542475 1.925960 -0.382624
v 0.501526 1.897676 -0.620110
v 0.398710 1.849182 -0.736814
v 0.234717 1.803205 -0.687999
v 0.110206 1.795275 -0.509487
v 0.106126 2.044296 -0.248157
v 0.309293 2.170612 -0.099176
v 0.503541 2.244191 -0.149079
v 0.458260 2.550794 -0.107019
v 0.283998 2.423932 -0.065016
v 0.063233 2.345547 -0.143616
v 0.155558 1.814089 -0.273896
v 0.323329 1.896827 -0.168983
v 0.470112 1.928189 -0.222352
v 0.436890 1.617811 -0.280345
v 0.334194 1.626597 -0.228211
v 0.192054 1.580097 -0.304170
v 0.142752 1.563801 -0.495324
v 0.253541 1.544574 -0.687658
v 0.402553 1.567432 -0.740322
v 0.481969 1.576746 -0.624606
v 0.511043 1.580115 -0.409251
v 0.458484 1.452273 -0.309170
v 0.513520 1.359025 -0.463201
v 0.504672 1.439693 -0.636657
v 0.507293 1.483239 -0.438811
v 0.409438 1.471594 -0.743547
v 0.256584 1.414739 -0.699593
v 0.162100 1.440787 -0.514721
v 0.219228 1.412614 -0.332143
v 0.264372 1.258321 -0.384552
v 0.203335 1.296649 -0.537070
v 0.349020 1.431904 -0.239488
v 0.367278 1.231874 -0.339664
v 0.452263 1.283994 -0.374545
v 0.575563 0.879934 -0.502845
v 0.604914 0.885472 -0.615767
v 0.562863 1.191530 -0.718805
v 0.461192 1.204514 -0.755188
v 0.288130 1.172754 -0.758438
v 0.247471 1.258955 -0.660378
v 0.304871 0.898350 -0.750092
v 0.467489 0.881477 -0.786657
v 0.589244 0.881258 -0.732993
v 0.502007 0.877676 -0.432336
v 0.413427 0.878272 -0.396151
v 0.299786 0.883382 -0.467058
v 0.227127 0.884228 -0.552633
v 0.427675 0.530347 -0.437064
v 0.487553 0.546720 -0.459271
v 0.515034 0.543667 -0.526371
v 0.513147 0.541284 -0.617163
v 0.551544 0.618127 -0.667094
v 0.459642 0.619349 -0.722937
v 0.347345 0.604516 -0.699587
v 0.350884 0.548893 -0.629407
v 0.434737 0.548077 -0.672291
v 0.325249 0.539077 -0.544758
v 0.348533 0.529976 -0.488732
v 0.377114 2.872805 -0.054393
v -0.000662 2.837243 0.036911
v -0.149629 2.886378 -0.698378
v -0.003341 2.879938 -0.708537
v -0.215958 2.852534 0.016988
v -0.003341 2.565062 -0.620226
v -0.003341 2.625160 -0.667026
v -0.181972 2.530997 -0.638061
v -0.016166 2.293721 -0.480956
v -0.060156 2.033089 -0.514273
v -0.217777 2.261610 -0.653946
v -0.388685 2.678327 -0.633040
v -0.368292 2.897184 -0.588038
v -0.428444 2.898399 -0.538248
v -0.457364 2.875347 -0.268052
v -0.518069 2.577531 -0.566458
v -0.406561 2.345861 -0.684047
v -0.222631 2.065985 -0.676409
v -0.402256 2.141567 -0.718768
v -0.514121 2.222481 -0.607173
v -0.544491 2.629247 -0.320384
v -0.563203 2.275746 -0.352544
v -0.543798 1.925960 -0.382624
v -0.502849 1.897676 -0.620110
v -0.400033 1.849182 -0.736814
v -0.236041 1.803205 -0.687999
v -0.111529 1.795275 -0.509487
v -0.107449 2.044296 -0.248157
v -0.310616 2.170612 -0.099176
v -0.504864 2.244191 -0.149079
v -0.459583 2.550794 -0.107019
v -0.285321 2.423932 -0.065016
v -0.067236 2.360187 -0.090076
v -0.156881 1.814089 -0.273896
v -0.324652 1.896827 -0.168983
v -0.471435 1.928189 -0.222352
v -0.438213 1.617811 -0.280345
v -0.335518 1.626597 -0.228211
v -0.193377 1.580097 -0.304170
v -0.144076 1.563801 -0.495324
v -0.254864 1.544574 -0.687658
v -0.403877 1.567432 -0.740322
v -0.483293 1.576746 -0.624606
v -0.512366 1.580115 -0.409251
v -0.459807 1.452273 -0.309170
v -0.514844 1.359025 -0.463201
v -0.505995 1.439693 -0.636657
v -0.508616 1.483239 -0.438811
v -0.410761 1.471594 -0.743547
v -0.257907 1.414739 -0.699593
v -0.163423 1.440787 -0.514721
v -0.220551 1.412614 -0.332143
v -0.265695 1.258321 -0.384552
v -0.204658 1.296649 -0.537070
v -0.350343 1.431904 -0.239488
v -0.368601 1.231874 -0.339664
v -0.453587 1.283994 -0.374545
v -0.576887 0.879934 -0.502845
v -0.606237 0.885472 -0.615767
v -0.564186 1.191530 -0.718805
v -0.462515 1.204514 -0.755188
v -0.289454 1.172754 -0.758438
v -0.248795 0.882026 -0.660378
v -0.317893 0.890178 -0.759202
v -0.468812 0.881477 -0.786657
v -0.590567 0.881258 -0.732993
v -0.503330 0.877676 -0.432336
v -0.414750 0.878272 -0.396151
v -0.301110 0.883382 -0.467058
v -0.228450 0.884228 -0.552633
v -0.428998 0.530347 -0.437064
v -0.488876 0.546720 -0.459271
v -0.516358 0.543667 -0.526371
v -0.514470 0.541284 -0.617163
v -0.550137 0.616723 -0.662625
v -0.458235 0.617945 -0.718467
v -0.360367 0.596344 -0.708697
v -0.352207 0.548893 -0.629407
v -0.436061 0.548077 -0.672291
v -0.326572 0.539077 -0.544758
v -0.349856 0.529976 -0.488732
v -0.378437 2.872805 -0.054393
v 0.136215 2.924490 -0.680910
v 0.204565 2.892223 -0.000958
v 0.344694 2.934793 -0.575709
v 0.407139 2.935951 -0.530337
v 0.434729 2.913973 -0.272724
v 0.359476 2.911549 -0.069015
v -0.000706 2.877643 0.018037
v -0.142737 2.924490 -0.680910
v -0.003261 2.918350 -0.690597
v -0.205977 2.892223 -0.000958
v -0.351217 2.934793 -0.575709
v -0.408567 2.935951 -0.530337
v -0.436141 2.913973 -0.272724
v -0.360889 2.911549 -0.069015
v 0.220154 2.851410 0.026822
v -0.000637 2.835728 0.047254
v -0.221428 2.851410 0.026822
v -0.388052 2.872198 -0.046381
v -0.003385 2.879513 -0.718368
v 0.146636 2.886117 -0.707949
v 0.370879 2.897200 -0.594794
v 0.467720 2.874805 -0.265492
v 0.386778 2.872198 -0.046381
v 0.438045 2.898445 -0.542583
v -0.153406 2.886117 -0.707949
v -0.377649 2.897200 -0.594794
v -0.468994 2.874805 -0.265492
v -0.439335 2.898445 -0.542583
v 0.220154 2.890928 0.026822
v -0.000637 2.875246 0.047254
v -0.221428 2.890928 0.026822
v -0.388052 2.911716 -0.046381
v -0.003385 2.919030 -0.718368
v 0.146636 2.925635 -0.707949
v 0.370879 2.936717 -0.594794
v 0.467720 2.914322 -0.265492
v 0.386778 2.911716 -0.046381
v 0.438045 2.937963 -0.542583
v -0.153406 2.925635 -0.707949
v -0.377649 2.936717 -0.594794
v -0.468994 2.914322 -0.265492
v -0.439335 2.937963 -0.542583
vn -0.0180 -0.1163 0.9930
vn -0.0095 -0.1001 0.9949
vn -0.0194 -0.1224 0.9923
vn 0.0209 -0.2052 0.9785
vn 0.0096 -0.2086 0.9779
vn -0.0109 -0.2156 0.9764
vn -0.0050 -0.2165 0.9763
vn 0.1992 -0.0193 -0.9798
vn 0.1932 -0.0247 -0.9808
vn 0.1975 -0.0165 -0.9802
vn 0.1951 -0.0246 -0.9805
vn 0.0808 -0.2429 -0.9667
vn 0.0806 -0.2390 -0.9677
vn 0.0809 -0.2430 -0.9667
vn 0.0805 -0.2384 -0.9678
vn -0.1257 -0.6112 -0.7814
vn -0.1257 -0.6107 -0.7818
vn -0.1257 -0.6099 -0.7824
vn -0.3079 -0.5471 -0.7784
vn -0.3002 -0.5460 -0.7821
vn -0.3073 -0.5470 -0.7787
vn -0.9757 0.0602 0.2106
vn -0.9967 0.0273 0.0758
vn -0.9970 0.0427 0.0644
vn -0.9922 0.0360 0.1195
vn 0.2012 -0.0729 0.9768
vn 0.2124 -0.0637 0.9751
vn 0.2144 -0.0293 0.9763
vn 0.2120 -0.0678 0.9749
vn 0.5696 0.3012 -0.7648
vn 0.5633 0.3002 -0.7698
vn 0.5652 0.3006 -0.7682
vn 0.9442 0.3036 -0.1279
vn 0.9024 0.1964 0.3835
vn 0.3466 -0.2319 0.9089
vn 0.2884 -0.0934 0.9529
vn -0.2953 -0.2993 0.9073
vn -0.9617 -0.2232 0.1594
vn -0.9619 -0.2229 0.1581
vn -0.9611 -0.2244 0.1607
vn -0.9613 -0.2246 0.1597
vn -0.6900 0.0313 -0.7231
vn -0.6884 0.0380 -0.7244
vn -0.6802 0.0372 -0.7321
vn -0.6701 0.0478 -0.7408
vn -0.0901 0.1151 -0.9893
vn -0.0896 0.1157 -0.9892
vn -0.0903 0.1155 -0.9892
vn -0.0893 0.1150 -0.9893
vn 0.4752 0.2018 -0.8564
vn 0.4828 0.1982 -0.8530
vn 0.4753 0.2026 -0.8562
vn 0.4830 0.2039 -0.8516
vn 0.9847 0.0453 -0.1685
vn 0.9400 0.0532 0.3371
vn 0.9369 -0.1250 0.3266
vn 0.9841 -0.0336 -0.1745
vn 0.6361 0.1059 -0.7643
vn -0.2455 0.1304 -0.9606
vn -0.6772 0.0015 -0.7358
vn -0.4630 -0.2210 0.8584
vn 0.3969 -0.1963 0.8966
vn 0.8742 -0.1458 0.4631
vn 0.9866 -0.0686 -0.1478
vn 0.7230 0.0189 -0.6906
vn -0.2713 0.0459 -0.9614
vn -0.7564 -0.0891 -0.6480
vn -0.9580 -0.2148 0.1898
vn -0.4317 -0.1968 0.8803
vn -0.9625 -0.1506 0.2259
vn -0.8412 -0.1039 -0.5306
vn -0.3069 -0.0073 -0.9517
vn 0.7884 -0.0124 -0.6151
vn 0.9910 0.0025 -0.1338
vn 0.9846 0.1675 -0.0499
vn 0.9982 0.0550 -0.0253
vn 0.9373 -0.0213 0.3478
vn 0.9375 -0.1342 0.3209
vn 0.8700 0.0278 0.4923
vn 0.4993 -0.0458 0.8652
vn -0.4945 -0.1501 0.8561
vn -0.9439 -0.1974 0.2649
vn -0.9466 -0.1905 0.2601
vn -0.9471 -0.1894 0.2591
vn -0.9466 -0.1899 0.2603
vn -0.8676 -0.0586 -0.4939
vn -0.8890 0.0212 -0.4574
vn -0.3163 0.0497 -0.9473
vn 0.7859 0.1394 -0.6025
vn 0.6061 0.2658 -0.7497
vn -0.1528 0.1110 -0.9820
vn -0.8851 -0.1872 -0.4260
vn -0.9096 -0.3274 0.2558
vn -0.4716 -0.4186 0.7761
vn 0.5396 -0.3304 0.7744
vn 0.8773 -0.2016 0.4355
vn 0.9890 0.1451 0.0273
vn 0.9815 0.1520 0.1160
vn 0.7571 0.0237 0.6528
vn 0.3995 -0.0868 0.9126
vn -0.4847 -0.2160 0.8476
vn -0.8738 -0.1243 0.4702
vn -0.9445 -0.0380 -0.3264
vn -0.5346 -0.1226 0.8361
vn 0.3730 -0.0924 0.9232
vn 0.7984 -0.1341 0.5870
vn 0.9670 -0.2211 0.1269
vn 0.9780 -0.2038 0.0444
vn 0.4402 -0.2509 -0.8621
vn 0.3768 0.0859 -0.9223
vn -0.1002 0.0346 -0.9944
vn -0.9384 -0.0544 -0.3413
vn -0.2097 -0.2093 -0.9551
vn 0.4049 -0.6258 -0.6667
vn -0.1982 -0.6582 -0.7263
vn -0.9877 -0.1477 -0.0510
vn -0.8177 -0.1764 -0.5479
vn -0.8198 -0.1831 0.5426
vn 0.0187 -0.1159 0.9931
vn 0.0203 -0.1224 0.9923
vn 0.0101 -0.0994 0.9950
vn -0.0012 -0.1102 0.9939
vn -0.0015 -0.1326 0.9912
vn 0.0055 -0.1104 0.9939
vn -0.0224 -0.1280 0.9915
vn -0.1992 -0.0193 -0.9798
vn -0.1951 -0.0246 -0.9805
vn -0.1975 -0.0165 -0.9802
vn -0.1933 -0.0247 -0.9808
vn -0.0807 -0.2429 -0.9667
vn -0.0805 -0.2384 -0.9678
vn -0.0809 -0.2430 -0.9667
vn -0.0806 -0.2390 -0.9677
vn 0.1257 -0.6112 -0.7814
vn 0.1257 -0.6099 -0.7824
vn 0.1257 -0.6107 -0.7818
vn 0.3079 -0.5470 -0.7784
vn 0.3073 -0.5470 -0.7787
vn 0.3003 -0.5460 -0.7821
vn 0.9934 0.0655 0.0946
vn 0.9961 0.0553 0.0687
vn 0.9971 0.0534 0.0551
vn 0.9967 0.0334 0.0734
vn -0.2012 -0.0729 0.9768
vn -0.2120 -0.0678 0.9749
vn -0.2144 -0.0293 0.9763
vn -0.2124 -0.0637 0.9751
vn -0.6018 0.2965 -0.7416
vn -0.5975 0.2959 -0.7453
vn -0.5956 0.2955 -0.7470
vn -0.9431 0.3108 -0.1184
vn -0.9024 0.1964 0.3835
vn -0.3466 -0.2319 0.9089
vn -0.2884 -0.0934 0.9529
vn 0.1661 -0.3664 0.9155
vn 0.1723 -0.3662 0.9144
vn 0.1672 -0.3706 0.9136
vn 0.1703 -0.3623 0.9164
vn 0.9651 -0.2178 0.1452
vn 0.9653 -0.2174 0.1444
vn 0.9657 -0.2161 0.1438
vn 0.9656 -0.2168 0.1439
vn 0.6900 0.0313 -0.7231
vn 0.6701 0.0477 -0.7408
vn 0.6802 0.0371 -0.7321
vn 0.6883 0.0379 -0.7244
vn 0.0901 0.1151 -0.9893
vn 0.0893 0.1150 -0.9893
vn 0.0903 0.1155 -0.9892
vn 0.0896 0.1157 -0.9892
vn -0.4763 0.2058 -0.8548
vn -0.4843 0.2081 -0.8498
vn -0.4764 0.2067 -0.8546
vn -0.4841 0.2022 -0.8513
vn -0.9870 0.0367 -0.1565
vn -0.9400 0.0532 0.3371
vn -0.9369 -0.1250 0.3266
vn -0.9841 -0.0336 -0.1745
vn -0.6470 0.0925 -0.7568
vn 0.2480 0.1368 -0.9591
vn 0.6772 0.0174 -0.7356
vn 0.4630 -0.2210 0.8584
vn -0.3969 -0.1963 0.8966
vn -0.8742 -0.1458 0.4631
vn -0.9866 -0.0686 -0.1478
vn -0.7230 0.0189 -0.6906
vn 0.2713 0.0459 -0.9614
vn 0.7564 -0.0891 -0.6480
vn 0.9580 -0.2148 0.1898
vn 0.4317 -0.1968 0.8803
vn 0.9625 -0.1506 0.2259
vn 0.8412 -0.1039 -0.5306
vn 0.3069 -0.0073 -0.9517
vn -0.7884 -0.0124 -0.6151
vn -0.9910 0.0025 -0.1338
vn -0.9846 0.1675 -0.0499
vn -0.9982 0.0550 -0.0253
vn -0.9373 -0.0213 0.3478
vn -0.9375 -0.1342 0.3209
vn -0.8700 0.0278 0.4923
vn -0.4993 -0.0458 0.8652
vn 0.4945 -0.1501 0.8561
vn 0.9439 -0.1974 0.2649
vn 0.9471 -0.1895 0.2591
vn 0.9466 -0.1905 0.2601
vn 0.9466 -0.1899 0.2603
vn 0.8676 -0.0586 -0.4939
vn 0.8890 0.0212 -0.4574
vn 0.3163 0.0497 -0.9473
vn -0.7859 0.1394 -0.6024
vn -0.6061 0.2658 -0.7497
vn 0.1528 0.1110 -0.9820
vn 0.8851 -0.1872 -0.4260
vn 0.9096 -0.3274 0.2558
vn 0.4716 -0.4186 0.7761
vn -0.5396 -0.3304 0.7744
vn -0.8773 -0.2016 0.4355
vn -0.9890 0.1451 0.0273
vn -0.9815 0.1520 0.1160
vn -0.7571 0.0237 0.6528
vn -0.3995 -0.0868 0.9126
vn 0.4847 -0.2160 0.8476
vn 0.8738 -0.1243 0.4702
vn 0.9622 -0.0217 -0.2713
vn 0.5346 -0.1226 0.8361
vn -0.3730 -0.0924 0.9232
vn -0.7984 -0.1341 0.5870
vn -0.9670 -0.2211 0.1269
vn -0.9775 -0.2090 0.0286
vn -0.4381 -0.2675 -0.8582
vn -0.3768 0.0859 -0.9223
vn 0.0779 0.0485 -0.9958
vn 0.8703 -0.0438 -0.4906
vn 0.1337 -0.2137 -0.9677
vn -0.4177 -0.5978 -0.6842
vn 0.1196 -0.7106 -0.6934
vn 0.8546 -0.2575 -0.4510
vn 0.9284 -0.2892 -0.2333
vn 0.8198 -0.1831 0.5426
vn 0.0120 -0.9987 -0.0490
vn 0.0333 -0.9946 0.0979
vn -0.0457 -0.9989 -0.0103
vn 0.0285 -0.9978 -0.0590
vn -0.0476 0.9981 0.0386
vn 0.0846 -0.9962 -0.0225
vn -0.0209 -0.9950 0.0980
vn -0.0341 -0.9979 -0.0559
vn -0.0348 -0.9980 -0.0525
vn -0.0493 -0.9983 -0.0317
vn 0.0865 -0.9913 -0.0989
vn -0.0122 0.9999 0.0074
vn 0.0001 -0.9994 -0.0355
vn -0.0001 -0.9926 0.1216
vn -0.0591 0.9981 0.0195
vn -0.0378 -0.9939 0.1033
vn -0.0099 -0.9985 -0.0539
vn 0.0210 -0.9949 0.0982
vn -0.0845 -0.9962 -0.0222
vn 0.0342 -0.9979 -0.0559
vn 0.0349 -0.9980 -0.0525
vn 0.0248 -0.9964 -0.0810
vn -0.0292 -0.9995 -0.0085
vn -0.0457 0.9987 0.0247
vn 0.0832 0.9922 0.0925
vn -0.0631 0.9947 0.0818
vn -0.0759 -0.9949 -0.0670
vn 0.2076 -0.9619 -0.1780
vn 0.3787 -0.0069 0.9255
vn 0.1171 0.0011 0.9931
vn -0.0000 0.1411 0.9900
vn -0.0000 -0.1411 0.9900
vn -0.9914 -0.0000 0.1306
vn -0.9932 -0.0000 0.1164
vn -0.8614 -0.0030 -0.5079
vn -0.9033 0.0065 -0.4289
vn 0.8751 0.0368 -0.4825
vn 0.8707 -0.0367 -0.4905
vn 0.9932 -0.0000 0.1163
vn 0.9914 -0.0000 0.1305
vn -0.0981 0.0010 0.9952
vn -0.3964 -0.0069 0.9181
vn -0.7567 -0.0553 0.6514
vn -0.6975 0.0561 0.7144
vn -0.2865 0.0673 -0.9557
vn -0.2424 -0.0673 -0.9678
vn -0.0000 -0.0776 -0.9970
vn -0.0000 0.0776 -0.9970
vn -0.5910 -0.0517 -0.8050
vn -0.5111 0.0524 -0.8579
vn 0.7003 -0.0240 0.7135
vn 0.7534 0.0287 0.6569
vn 0.2424 -0.0673 -0.9678
vn 0.2865 0.0673 -0.9557
vn 0.4887 0.0542 -0.8708
vn 0.5782 -0.0535 -0.8142
vn -0.0299 0.9957 0.0881
vn 0.0631 0.9947 0.0815
vn -0.0830 0.9922 0.0928
vn 0.0457 0.9987 0.0243
vn 0.0589 0.9981 0.0190
vn 0.0123 0.9999 0.0074
vn -0.0500 -0.9985 -0.0226
vn 0.0193 -0.9877 -0.1552
vn 0.0492 0.9982 0.0355
vn 0.0001 -1.0000 -0.0016
vn -0.0001 -0.9585 -0.2852
vn -0.2081 -0.9618 -0.1779
vn 0.0763 -0.9949 -0.0665
vn 0.0300 0.9957 0.0882
vt 0.000000 0.000000
s 1
usemtl Metallic_Dark_Blue
f 469/9/728 547/9/729 470/9/730
f 470/9/731 497/9/732 496/9/733 469/9/734
f 468/9/735 477/9/736 476/9/737 472/9/738
f 468/9/739 472/9/740 552/9/741 549/9/742
f 552/9/743 472/9/744 551/9/745
f 471/9/746 551/9/747 472/9/748
f 470/9/749 471/9/750 473/9/751 497/9/752
f 495/9/753 546/9/754 469/9/755 496/9/756
f 477/9/757 478/9/758 476/9/759
f 479/9/760 485/9/760 480/9/760 478/9/760
f 479/9/761 546/9/761 495/9/761 485/9/761
f 494/9/762 493/9/762 499/9/762 500/9/762
f 493/9/763 494/9/763 495/9/763 496/9/763
f 492/9/764 493/9/764 496/9/764 497/9/764
f 473/9/765 474/9/766 492/9/767 497/9/768
f 472/9/769 475/9/770 473/9/771 471/9/772
f 475/9/773 472/9/774 476/9/775 481/9/776
f 476/9/777 478/9/778 480/9/779 481/9/780
f 484/9/781 480/9/781 485/9/781 486/9/781
f 485/9/782 495/9/782 494/9/782 486/9/782
f 487/9/783 486/9/783 494/9/783 500/9/783
f 484/9/784 486/9/784 487/9/784 488/9/784
f 480/9/785 484/9/785 483/9/785 481/9/785
f 481/9/786 483/9/786 482/9/786 475/9/786
f 474/9/787 473/9/787 475/9/787 482/9/787
f 493/9/788 492/9/788 498/9/788 499/9/788
f 499/9/789 502/9/789 501/9/789 500/9/789
f 501/9/790 508/9/790 487/9/790 500/9/790
f 487/9/791 508/9/791 507/9/791 488/9/791
f 489/9/792 483/9/792 484/9/792 488/9/792
f 490/9/793 482/9/793 483/9/793 489/9/793
f 491/9/794 474/9/794 482/9/794 490/9/794
f 498/9/795 492/9/795 474/9/795 491/9/795
f 498/9/796 503/9/796 502/9/796 499/9/796
f 503/9/797 498/9/797 491/9/797 504/9/797
f 490/9/798 505/9/798 504/9/798 491/9/798
f 489/9/799 506/9/799 505/9/799 490/9/799
f 488/9/800 507/9/800 506/9/800 489/9/800
f 508/9/801 512/9/801 507/9/801
f 511/9/802 507/9/802 512/9/802
f 511/9/803 512/9/803 510/9/803
f 510/9/804 512/9/804 509/9/804
f 509/9/805 512/9/805 508/9/805
f 508/9/806 501/9/806 509/9/806
f 502/9/807 519/9/807 509/9/807 501/9/807
f 502/9/808 503/9/808 516/9/808 519/9/808
f 516/9/809 503/9/810 515/9/811
f 503/9/810 504/9/812 515/9/811
f 505/9/813 515/9/813 504/9/813
f 514/9/814 515/9/814 505/9/814
f 506/9/815 513/9/815 514/9/815 505/9/815
f 507/9/816 511/9/816 513/9/816 506/9/816
f 513/9/817 511/9/817 524/9/817 525/9/817
f 514/9/818 513/9/818 525/9/818 526/9/818
f 515/9/819 514/9/819 518/9/819
f 515/9/820 518/9/820 517/9/820 516/9/820
f 517/9/821 520/9/821 519/9/821 516/9/821
f 509/9/822 519/9/822 520/9/822 521/9/822
f 510/9/823 509/9/823 521/9/823
f 523/9/824 530/9/824 524/9/824 511/9/824
f 511/9/825 510/9/825 522/9/825 523/9/825
f 521/9/826 531/9/826 522/9/826 510/9/826
f 520/9/827 532/9/827 531/9/827 521/9/827
f 517/9/828 533/9/828 532/9/828 520/9/828
f 518/9/829 534/9/829 533/9/829 517/9/829
f 518/9/830 514/9/830 527/9/830 534/9/830
f 533/9/831 545/9/831 535/9/831 532/9/831
f 536/9/832 531/9/832 532/9/832 535/9/832
f 537/9/833 522/9/833 531/9/833 536/9/833
f 538/9/834 523/9/834 522/9/834 537/9/834
f 530/9/835 523/9/835 538/9/835 539/9/835
f 529/9/836 530/9/836 539/9/836 540/9/836
f 524/9/837 530/9/837 529/9/837 525/9/837
f 525/9/838 529/9/838 528/9/838 526/9/838
f 526/9/839 528/9/839 527/9/839 514/9/839
f 528/9/840 529/9/840 540/9/840 541/9/840
f 540/9/841 539/9/841 538/9/841 543/9/841
f 540/9/842 543/9/842 542/9/842 541/9/842
f 527/9/843 528/9/843 541/9/843 542/9/843
f 544/9/844 534/9/844 527/9/844 542/9/844
f 545/9/845 533/9/845 534/9/845 544/9/845
f 550/9/846 470/9/847 547/9/848
f 470/9/849 550/9/850 577/9/851 578/9/852
f 548/9/853 553/9/854 557/9/855 558/9/856
f 548/9/857 549/9/858 552/9/859 553/9/860
f 552/9/861 551/9/862 553/9/863
f 471/9/864 553/9/865 551/9/866
f 470/9/867 578/9/868 554/9/869 471/9/870
f 576/9/871 577/9/872 550/9/873 627/9/874
f 558/9/875 557/9/876 559/9/877
f 560/9/878 559/9/878 561/9/878 566/9/878
f 560/9/879 566/9/879 576/9/879 627/9/879
f 575/9/880 581/9/880 580/9/880 574/9/880
f 574/9/881 577/9/881 576/9/881 575/9/881
f 573/9/882 578/9/883 577/9/884 574/9/885
f 554/9/886 578/9/887 573/9/888 555/9/889
f 553/9/890 471/9/891 554/9/892 556/9/893
f 556/9/894 562/9/895 557/9/896 553/9/897
f 557/9/898 562/9/899 561/9/900 559/9/901
f 565/9/902 567/9/902 566/9/902 561/9/902
f 566/9/903 567/9/903 575/9/903 576/9/903
f 568/9/904 581/9/904 575/9/904 567/9/904
f 565/9/905 569/9/905 568/9/905 567/9/905
f 561/9/906 562/9/906 564/9/906 565/9/906
f 562/9/907 556/9/907 563/9/907 564/9/907
f 555/9/908 563/9/908 556/9/908 554/9/908
f 574/9/909 580/9/909 579/9/909 573/9/909
f 580/9/910 581/9/910 582/9/910 583/9/910
f 582/9/911 581/9/911 568/9/911 589/9/911
f 568/9/912 569/9/912 588/9/912 589/9/912
f 570/9/913 569/9/913 565/9/913 564/9/913
f 571/9/914 570/9/914 564/9/914 563/9/914
f 572/9/915 571/9/915 563/9/915 555/9/915
f 579/9/916 572/9/916 555/9/916 573/9/916
f 579/9/917 580/9/917 583/9/917 584/9/917
f 584/9/918 585/9/918 572/9/918 579/9/918
f 571/9/919 572/9/919 585/9/919 586/9/919
f 570/9/920 571/9/920 586/9/920 587/9/920
f 569/9/921 570/9/921 587/9/921 588/9/921
f 589/9/922 588/9/922 593/9/922
f 592/9/923 593/9/923 588/9/923
f 592/9/924 591/9/924 593/9/924
f 591/9/925 590/9/925 593/9/925
f 590/9/926 589/9/926 593/9/926
f 589/9/927 590/9/927 582/9/927
f 583/9/928 582/9/928 590/9/928 600/9/928
f 583/9/929 600/9/929 597/9/929 584/9/929
f 597/9/930 596/9/931 584/9/932
f 584/9/932 596/9/931 585/9/933
f 586/9/934 585/9/934 596/9/934
f 595/9/935 586/9/935 596/9/935
f 587/9/936 586/9/936 595/9/936 594/9/936
f 588/9/937 587/9/937 594/9/937 592/9/937
f 594/9/938 606/9/938 605/9/938 592/9/938
f 595/9/939 607/9/939 606/9/939 594/9/939
f 596/9/940 599/9/940 595/9/940
f 596/9/941 597/9/941 598/9/941 599/9/941
f 598/9/942 597/9/942 600/9/942 601/9/942
f 590/9/943 602/9/943 601/9/943 600/9/943
f 591/9/944 602/9/944 590/9/944
f 604/9/945 592/9/945 605/9/945 611/9/945
f 592/9/946 604/9/946 603/9/946 591/9/946
f 602/9/947 591/9/947 603/9/947 612/9/947
f 601/9/948 602/9/948 612/9/948 613/9/948
f 598/9/949 601/9/949 613/9/949 614/9/949
f 599/9/950 598/9/950 614/9/950 615/9/950
f 599/9/951 615/9/951 608/9/951 595/9/951
f 614/9/952 613/9/952 616/9/952 626/9/952
f 617/9/953 616/9/953 613/9/953 612/9/953
f 618/9/954 617/9/954 612/9/954 603/9/954
f 619/9/955 618/9/955 603/9/955 604/9/955
f 611/9/956 620/9/956 619/9/956 604/9/956
f 610/9/957 621/9/957 620/9/957 611/9/957
f 605/9/958 606/9/958 610/9/958 611/9/958
f 606/9/959 607/9/959 609/9/959 610/9/959
f 607/9/960 595/9/960 608/9/960 609/9/960
f 609/9/961 622/9/961 621/9/961 610/9/961
f 621/9/962 624/9/962 619/9/962 620/9/962
f 621/9/963 622/9/963 623/9/963 624/9/963
f 608/9/964 623/9/964 622/9/964 609/9/964
f 625/9/965 623/9/965 608/9/965 615/9/965
f 626/9/966 625/9/966 615/9/966 614/9/966
f 477/9/967 648/9/968 651/9/969 478/9/970
f 468/9/972 647/9/973 648/9/968 477/9/967
f 479/9/974 649/9/975 650/9/976 546/9/977
f 549/9/979 646/9/980 647/9/973 468/9/972
f 558/9/982 653/9/983 652/9/984 548/9/985
f 560/9/986 654/9/987 655/9/988 559/9/989
f 548/9/985 652/9/984 646/9/980 549/9/979
f 546/9/977 650/9/976 642/9/993 469/9/994
f 478/9/970 651/9/969 649/9/975 479/9/974
f 627/9/1029 645/9/1030 654/9/987 560/9/986
f 469/9/994 642/9/993 643/9/1032 547/9/1033
f 547/9/1033 643/9/1032 644/9/1034 550/9/1035
f 559/9/989 655/9/988 653/9/983 558/9/982
f 550/9/1035 644/9/1034 645/9/1030 627/9/1029
s 0
usemtl Black
f 631/9/971 665/9/971 662/9/971 630/9/971
f 633/9/978 664/9/978 663/9/978 632/9/978
f 630/9/981 662/9/981 661/9/981 628/9/981
f 628/9/990 661/9/990 660/9/990 636/9/990
f 641/9/991 659/9/991 658/9/991 637/9/991
f 634/9/992 657/9/992 656/9/992 629/9/992
s 1
f 642/9/995 656/9/996 657/9/997 643/9/998
f 654/9/999 668/9/1000 669/9/1001 655/9/1002
f 651/9/1003 665/9/1004 663/9/1005 649/9/1006
f 644/9/1007 658/9/1008 659/9/1009 645/9/1010
f 652/9/1011 666/9/1012 660/9/1013 646/9/1014
f 653/9/1015 667/9/1016 666/9/1012 652/9/1011
f 645/9/1010 659/9/1009 668/9/1000 654/9/999
f 649/9/1006 663/9/1005 664/9/1017 650/9/1018
f 655/9/1002 669/9/1001 667/9/1016 653/9/1015
f 646/9/1014 660/9/1013 661/9/1019 647/9/1020
f 648/9/1021 662/9/1022 665/9/1004 651/9/1003
f 643/9/998 657/9/997 658/9/1008 644/9/1007
f 647/9/1020 661/9/1019 662/9/1022 648/9/1021
f 650/9/1018 664/9/1017 656/9/996 642/9/995
s 0
f 632/9/1023 663/9/1023 665/9/1023 631/9/1023
f 637/9/1024 658/9/1024 657/9/1024 634/9/1024
f 629/9/1025 656/9/1025 664/9/1025 633/9/1025
f 636/9/1026 660/9/1026 666/9/1026 635/9/1026
f 635/9/1027 666/9/1027 667/9/1027 638/9/1027
f 640/9/1028 668/9/1028 659/9/1028 641/9/1028
f 638/9/1031 667/9/1031 669/9/1031 639/9/1031
f 639/9/1036 669/9/1036 668/9/1036 640/9/1036
o Reduced_Body
v 0.055302 3.991044 -0.054723
v 0.201256 4.005729 -0.010096
v 0.058694 4.195057 -0.152470
v 0.171016 4.217424 -0.173769
v 0.268486 4.237395 -0.210162
v 0.364331 4.046987 -0.088246
v 0.040652 3.747043 0.037249
v 0.204223 3.706767 0.006961
v 0.455465 3.775306 -0.098419
v 0.553979 3.907891 -0.247236
v 0.445953 4.089153 -0.201808
v 0.346275 4.255131 -0.266440
v 0.536858 4.157563 -0.312211
v 0.396772 4.256042 -0.300117
v 0.285003 4.347321 -0.434902
v 0.215463 4.389311 -0.422126
v 0.156696 4.337630 -0.274005
v 0.062002 4.281312 -0.209591
v -0.000784 4.320091 -0.214959
v 0.065738 4.331003 -0.247644
v 0.195109 3.643006 -0.008907
v 0.464681 3.678130 -0.120436
v 0.492464 3.610573 -0.322066
v 0.513927 3.700446 -0.266806
v 0.544383 3.806989 -0.330928
v 0.507538 3.859400 -0.346126
v 0.585321 4.042494 -0.327108
v 0.388823 4.295664 -0.425430
v 0.584312 4.175734 -0.429834
v 0.641618 4.055163 -0.441466
v 0.598603 3.995595 -0.338443
v 0.654585 4.003372 -0.445465
v 0.504800 3.683496 -0.368736
v 0.522853 3.769156 -0.426712
v 0.485012 3.753664 -0.431760
v 0.464546 3.789279 -0.524901
v 0.505657 3.798460 -0.574662
v 0.546495 3.922416 -0.646999
v 0.526459 3.833058 -0.574602
v 0.608535 3.953558 -0.560208
v 0.585115 4.019855 -0.561474
v 0.547799 4.169755 -0.554976
v 0.379643 4.287958 -0.541269
v 0.299549 4.336100 -0.556910
v 0.221356 4.396567 -0.505796
v 0.123585 4.354235 -0.556341
v 0.247951 4.225190 -0.649504
v 0.328799 4.042378 -0.721663
v 0.452495 4.145466 -0.690397
v 0.352437 3.797009 -0.673854
v 0.155256 4.017676 -0.730899
v 0.084175 4.466200 -0.481287
v 0.137241 4.448337 -0.471607
v 0.165792 4.427578 -0.409347
v 0.150194 4.400573 -0.318503
v 0.165891 3.746351 -0.705772
v 0.476003 3.718009 -0.546188
v 0.457194 3.620246 -0.519086
v 0.131244 3.470339 -0.602207
v 0.419619 3.485059 -0.493816
v 0.463483 3.484152 -0.299368
v 0.421645 3.495886 -0.113724
v 0.204211 3.546938 -0.006836
v 0.214966 3.282136 -0.006619
v 0.404694 3.315324 -0.116687
v 0.435148 3.330953 -0.289338
v 0.370787 3.321550 -0.460961
v 0.141243 3.317962 -0.584275
v 0.223658 3.008142 0.001176
v 0.387050 3.070094 -0.124091
v 0.429830 3.109545 -0.294784
v 0.385839 3.107790 -0.462763
v 0.241325 3.086552 -0.560261
v 0.079741 3.152019 -0.605777
v 0.123394 2.992832 -0.649065
v 0.157437 2.829384 -0.656578
v 0.179067 2.744712 -0.632589
v 0.337567 2.861625 -0.574116
v 0.411536 2.895393 -0.477318
v 0.448359 2.896714 -0.303514
v 0.389686 2.824193 -0.118853
v 0.247362 2.734427 -0.020311
v 0.230576 2.674351 -0.104594
v 0.048264 2.563991 -0.182884
v 0.021471 2.536640 -0.481340
v 0.199794 2.512266 -0.618451
v 0.214489 2.461270 -0.584927
v 0.063215 2.206608 -0.488112
v 0.103726 1.993076 -0.470558
v 0.238221 2.178734 -0.638275
v 0.384893 2.505604 -0.647838
v 0.388260 2.575319 -0.587301
v 0.342833 2.769474 -0.619784
v 0.427996 2.775595 -0.537844
v 0.448520 2.833733 -0.328264
v 0.498888 2.452967 -0.562331
v 0.402094 2.251867 -0.664403
v 0.244762 2.021631 -0.611298
v 0.400683 2.087240 -0.648068
v 0.497786 2.157476 -0.551199
v 0.524149 2.510566 -0.341469
v 0.540391 2.203712 -0.369385
v 0.523548 1.900084 -0.395495
v 0.488002 1.875532 -0.562429
v 0.398754 1.833437 -0.663733
v 0.256401 1.793527 -0.621359
v 0.148320 1.786643 -0.466403
v 0.144778 2.002804 -0.278773
v 0.321136 2.112452 -0.149451
v 0.489751 2.176322 -0.192768
v 0.450445 2.442466 -0.156259
v 0.299179 2.332344 -0.119798
v 0.107546 2.206234 -0.249429
v 0.187687 1.802975 -0.301115
v 0.333320 1.874795 -0.210046
v 0.460733 1.902018 -0.256372
v 0.431896 1.632597 -0.306713
v 0.342751 1.640224 -0.261458
v 0.219368 1.599860 -0.327394
v 0.176572 1.585715 -0.454110
v 0.272741 1.569025 -0.621063
v 0.402090 1.588867 -0.666778
v 0.471026 1.596951 -0.566332
v 0.496263 1.599876 -0.418609
v 0.450640 1.488904 -0.331734
v 0.498414 1.407960 -0.465439
v 0.446277 1.477983 -0.576792
v 0.493008 1.515784 -0.444268
v 0.408066 1.505675 -0.669578
v 0.275383 1.456322 -0.631424
v 0.193366 1.478933 -0.470947
v 0.242956 1.454478 -0.351676
v 0.282143 1.320545 -0.397169
v 0.229160 1.353816 -0.490346
v 0.355620 1.471222 -0.271247
v 0.371469 1.297588 -0.358205
v 0.445240 1.342831 -0.388482
v 0.542438 0.992090 -0.499852
v 0.533290 0.996897 -0.597873
v 0.496789 1.262568 -0.687314
v 0.452991 1.273839 -0.695041
v 0.302766 1.246270 -0.721717
v 0.292581 0.993905 -0.636598
v 0.309205 0.994004 -0.731703
v 0.458457 0.993429 -0.722358
v 0.564145 0.993238 -0.699630
v 0.488420 0.990129 -0.438648
v 0.411528 0.990647 -0.407237
v 0.312884 0.995083 -0.468787
v 0.274921 0.995817 -0.543070
v 0.423897 0.361442 -0.442752
v 0.475873 0.375655 -0.462028
v 0.499728 0.373005 -0.520274
v 0.498090 0.370936 -0.599085
v 0.540073 0.751583 -0.658617
v 0.460298 0.752644 -0.740924
v 0.346075 0.738943 -0.703824
v 0.357239 0.377541 -0.609713
v 0.430027 0.376833 -0.646938
v 0.334987 0.369021 -0.536234
v 0.355198 0.361121 -0.487601
v 0.491711 0.266899 -0.535686
v 0.474063 0.253681 -0.608272
v 0.423440 0.261009 -0.630166
v 0.371559 0.258005 -0.617529
v 0.341119 0.285293 -0.526233
v 0.366496 0.284917 -0.447978
v 0.429924 0.288390 -0.429143
v 0.473923 0.277562 -0.463340
v 0.489149 0.215603 -0.381795
v 0.438167 0.221399 -0.356858
v 0.371945 0.205960 -0.376693
v 0.331099 0.167822 -0.486968
v 0.333173 0.104639 -0.629100
v 0.416843 0.123562 -0.688059
v 0.509677 0.110588 -0.651623
v 0.532072 0.144816 -0.516524
v 0.440598 0.131517 -0.187191
v 0.506587 0.113827 -0.218243
v 0.560852 0.088546 -0.382721
v 0.580485 0.065815 -0.254650
v 0.549910 0.012112 -0.398241
v 0.522639 0.017231 -0.538977
v 0.498405 0.010062 -0.632662
v 0.588449 -0.002090 -0.263290
v 0.552296 0.063282 -0.105006
v 0.420641 0.100006 -0.022614
v 0.425750 0.009558 -0.020582
v 0.555322 -0.001607 -0.115855
v 0.345637 0.007974 -0.598955
v 0.333295 0.011667 -0.527057
v 0.332278 0.087980 -0.364702
v 0.360535 0.102971 -0.203648
v 0.320466 0.031028 -0.208586
v 0.325208 0.018808 -0.381489
v 0.309311 -0.003447 -0.224039
v 0.323585 0.076430 -0.109332
v 0.315150 -0.005813 -0.109139
v 0.417513 0.010843 -0.664384
v 0.437562 0.007563 -0.524515
v 0.446437 0.000371 -0.386745
v 0.459903 -0.006452 -0.250326
v 0.857469 3.483496 -0.304583
v 0.896926 3.542443 -0.405083
v 0.821518 3.541973 -0.536242
v 0.758997 3.507607 -0.566426
v 0.724149 3.444794 -0.480834
v 0.724903 3.411637 -0.372621
v 0.757811 3.421585 -0.317795
v 0.783475 3.380329 -0.322200
v 0.879116 3.450239 -0.306569
v 0.949816 3.491046 -0.381243
v 0.889256 3.457329 -0.543429
v 0.827530 3.410620 -0.581370
v 0.776894 3.357958 -0.507038
v 0.747321 3.351831 -0.375300
v 0.900208 3.408860 -0.285425
v 0.985828 3.434749 -0.351713
v 0.976363 3.339685 -0.493112
v 0.913599 3.284185 -0.528231
v 0.829150 3.262619 -0.470647
v 0.783577 3.295555 -0.364095
v 0.808112 3.332399 -0.308877
v 1.162784 2.900401 -0.046643
v 1.229423 2.940417 -0.079964
v 1.261382 2.913411 -0.166540
v 1.241767 2.858549 -0.230857
v 1.205240 2.820393 -0.231328
v 1.161898 2.823702 -0.186129
v 1.152128 2.860187 -0.107690
v 0.380007 2.788851 -0.142799
v 0.137556 5.015790 -0.078267
v 0.089547 4.478424 -0.105329
v 0.198499 5.055356 -0.294480
v 0.147821 4.535989 -0.349334
v 0.091067 5.079870 -0.434724
v 0.081041 4.562960 -0.460587
v 0.123918 4.587474 -0.095721
v 0.164068 4.701279 -0.071262
v 0.167686 4.811814 -0.105187
v 0.166458 4.908906 -0.082967
v 0.205781 4.657294 -0.354652
v 0.233093 4.767879 -0.366970
v 0.243955 4.876169 -0.368772
v 0.241331 4.973261 -0.334457
v 0.093459 4.698095 -0.505638
v 0.105042 4.808630 -0.547490
v 0.107256 4.919166 -0.544880
v 0.101763 5.016515 -0.492344
v 0.155455 5.067994 -0.372811
v 0.116353 4.551621 -0.416946
v 0.179224 4.998478 -0.426168
v 0.180893 4.901364 -0.474633
v 0.177160 4.790829 -0.471448
v 0.153322 4.681490 -0.446312
v 0.164226 4.511903 -0.252674
v 0.228369 4.838211 -0.221103
v 0.194871 5.036648 -0.204889
v 0.231803 4.941942 -0.215891
v 0.199577 4.620862 -0.225625
v 0.227139 4.732378 -0.217671
v 0.088577 5.107461 -0.355628
v 0.088473 5.122413 -0.246144
v 0.110902 5.095737 -0.155020
v 0.133125 5.099452 -0.334485
v 0.141805 5.100963 -0.259153
v 0.151167 5.096808 -0.208824
v 0.069155 4.465046 -0.235728
v 0.141361 4.494473 -0.367961
v 0.078872 4.516374 -0.465446
v 0.116841 4.506098 -0.428151
v 0.142214 4.479272 -0.305820
v 1.354468 2.593271 -0.106276
v 1.311353 2.680677 0.102101
v 1.205353 2.828866 -0.216450
v 1.163167 2.900391 -0.067304
v 1.404513 2.617571 -0.109767
v 1.357285 2.706097 0.093231
v 1.246950 2.854033 -0.221908
v 1.208718 2.927516 -0.078825
v 1.256847 2.741727 -0.190439
v 1.308030 2.667108 -0.145229
v 1.256337 2.760734 0.050857
v 1.203978 2.836063 0.003601
v 1.357131 2.697588 -0.152313
v 1.306896 2.772844 -0.197758
v 1.257197 2.867157 -0.010214
v 1.308211 2.792514 0.038830
v 1.351314 2.612354 -0.061270
v 1.325872 2.661790 0.053064
v 1.176126 2.884436 -0.107980
v 1.199891 2.847291 -0.181500
v 1.226944 2.917544 -0.119039
v 1.244892 2.881572 -0.191050
v 1.377170 2.692234 0.044545
v 1.400100 2.641910 -0.071743
v 1.279044 2.856712 -0.055449
v 1.303277 2.803714 -0.159472
v 1.331361 2.781175 -0.008471
v 1.356493 2.725983 -0.116923
v 1.271516 2.740571 0.003019
v 1.304316 2.685687 -0.104141
v 1.219659 2.816417 -0.044003
v 1.252337 2.761787 -0.150660
v 1.350206 2.666385 0.043360
v 1.308596 2.650791 0.039758
v 1.374861 2.602096 0.076759
v 1.333251 2.586502 0.073157
v 1.336472 2.689260 0.097531
v 1.294862 2.673666 0.093929
v 1.361127 2.624971 0.130930
v 1.319517 2.609377 0.127328
v 1.373057 2.599369 -0.107237
v 1.333642 2.576660 -0.107026
v 1.407689 2.542187 -0.075060
v 1.368273 2.519479 -0.074849
v 1.345781 2.663677 0.041938
v 1.305676 2.640075 0.040410
v 1.380413 2.606496 0.074115
v 1.340307 2.582893 0.072587
v 1.371698 2.595908 0.075953
v 1.329894 2.589372 0.068656
v 1.380421 2.525539 0.109753
v 1.338617 2.519003 0.102455
v 1.358034 2.620103 0.129852
v 1.316230 2.613568 0.122555
v 1.366757 2.549735 0.163652
v 1.324953 2.543199 0.156355
v 1.402514 2.534545 -0.076445
v 1.361713 2.521081 -0.079888
v 1.422442 2.469764 -0.038748
v 1.381623 2.456281 -0.042243
v 1.375179 2.598573 0.073407
v 1.333725 2.584454 0.068136
v 1.395885 2.531971 0.106841
v 1.354431 2.517851 0.101571
v 1.377445 2.518447 0.109844
v 1.336578 2.523658 0.099109
v 1.359921 2.449825 0.144401
v 1.325285 2.454242 0.135302
v 1.366085 2.544379 0.163817
v 1.325218 2.549590 0.153082
v 1.350293 2.471803 0.190144
v 1.315657 2.476219 0.181046
v 1.417246 2.464314 -0.037494
v 1.376156 2.458198 -0.043625
v 1.420492 2.403107 0.018140
v 1.379312 2.396917 0.011730
v 1.391801 2.526932 0.106530
v 1.350132 2.520341 0.098592
v 1.398991 2.456019 0.139841
v 1.357321 2.449428 0.131903
v 1.267219 2.839128 0.009348
v 1.227347 2.813198 0.016629
v 1.297548 2.786440 0.044884
v 1.259444 2.766221 0.047918
v 1.242839 2.863557 -0.006991
v 1.206514 2.841686 0.001501
v 1.266168 2.839728 0.073350
v 1.228711 2.818233 0.075567
v 1.297874 2.782796 0.055794
v 1.258258 2.768095 0.045344
v 1.268663 2.836173 0.080750
v 1.229382 2.821551 0.070113
v 1.242925 2.723514 0.111523
v 1.282506 2.734974 0.125378
v 1.254209 2.787965 0.154116
v 1.214942 2.776623 0.139995
v 1.282563 2.732994 0.127746
v 1.244792 2.726699 0.107835
v 1.254096 2.784728 0.158079
v 1.216580 2.778397 0.138101
v 1.201871 2.680476 0.154210
v 1.234153 2.684355 0.171680
v 1.210503 2.726272 0.201349
v 1.178523 2.722506 0.183712
v -0.055302 3.991044 -0.054723
v -0.201256 4.005729 -0.010096
v -0.058694 4.195057 -0.152470
v -0.171016 4.217424 -0.173769
v -0.268486 4.237395 -0.210162
v -0.364331 4.046987 -0.088246
v -0.040652 3.747043 0.037249
v -0.204223 3.706767 0.006961
v -0.455465 3.775306 -0.098419
v -0.553979 3.907891 -0.247236
v -0.445953 4.089153 -0.201808
v -0.346275 4.255131 -0.266440
v -0.536858 4.157563 -0.312211
v -0.396772 4.256042 -0.300117
v -0.285003 4.347321 -0.434902
v -0.215463 4.389311 -0.422126
v -0.156696 4.337630 -0.274005
v -0.062002 4.281312 -0.209591
v 0.000000 4.187369 -0.155160
v 0.000000 4.269075 -0.201635
v 0.000784 4.320091 -0.214959
v -0.065738 4.331003 -0.247644
v -0.000000 3.987812 -0.006310
v -0.000000 3.757879 0.022955
v -0.000000 3.692826 0.029821
v -0.195109 3.643006 -0.008907
v -0.464681 3.678130 -0.120436
v -0.492464 3.610573 -0.322066
v -0.513927 3.700446 -0.266806
v -0.544383 3.806989 -0.330928
v -0.507538 3.859400 -0.346126
v -0.585321 4.042494 -0.327108
v -0.388823 4.295664 -0.425430
v -0.584312 4.175734 -0.429834
v -0.641618 4.055163 -0.441466
v -0.598603 3.995595 -0.338443
v -0.654585 4.003372 -0.445465
v -0.504800 3.683496 -0.368736
v -0.522853 3.769156 -0.426712
v -0.485012 3.753664 -0.431760
v -0.464546 3.789279 -0.524901
v -0.505657 3.798460 -0.574662
v -0.546495 3.922416 -0.646999
v -0.526459 3.833058 -0.574602
v -0.608535 3.953558 -0.560208
v -0.585115 4.019855 -0.561474
v -0.547799 4.169755 -0.554976
v -0.379643 4.287958 -0.541269
v -0.299549 4.336100 -0.556910
v -0.221356 4.396567 -0.505796
v -0.123585 4.354235 -0.556341
v -0.247951 4.225190 -0.649504
v -0.328799 4.042378 -0.721663
v -0.452495 4.145466 -0.690397
v -0.352437 3.797009 -0.673854
v -0.155256 4.017676 -0.730899
v -0.000000 4.050942 -0.721726
v 0.000000 4.270056 -0.563836
v -0.084175 4.466200 -0.481287
v 0.000000 4.464509 -0.504677
v -0.137241 4.448337 -0.471607
v -0.165792 4.427578 -0.409347
v -0.150194 4.400573 -0.318503
v -0.165891 3.746351 -0.705772
v -0.000000 3.752382 -0.710972
v -0.476003 3.718009 -0.546188
v -0.457194 3.620246 -0.519086
v -0.131244 3.470339 -0.602207
v -0.000000 3.471538 -0.608332
v -0.419619 3.485059 -0.493816
v -0.463483 3.484152 -0.299368
v -0.421645 3.495886 -0.113724
v -0.204211 3.546938 -0.006836
v -0.000000 3.546349 0.035099
v -0.000000 3.257952 0.034923
v -0.214966 3.282136 -0.006619
v -0.404694 3.315324 -0.116687
v -0.435148 3.330953 -0.289338
v -0.370787 3.321550 -0.460961
v -0.141243 3.317962 -0.584275
v -0.000000 3.321187 -0.602180
v -0.000000 2.940371 0.030889
v 0.002396 2.673481 -0.024383
v -0.223658 3.008142 0.001176
v -0.387050 3.070094 -0.124091
v -0.429830 3.109545 -0.294784
v -0.385839 3.107790 -0.462763
v -0.241325 3.086552 -0.560261
v -0.079741 3.152019 -0.605777
v -0.000000 3.148467 -0.617891
v -0.123394 2.992832 -0.649065
v -0.000000 2.986168 -0.657704
v -0.157437 2.829384 -0.656578
v -0.000000 2.823451 -0.676935
v -0.179067 2.744712 -0.632589
v 0.000000 2.752260 -0.649198
v -0.337567 2.861625 -0.574116
v -0.411536 2.895393 -0.477318
v -0.448359 2.896714 -0.303514
v -0.389686 2.824193 -0.118853
v -0.247362 2.734427 -0.020311
v 0.000000 2.456837 -0.168643
v -0.230576 2.674351 -0.104594
v -0.048264 2.563991 -0.182884
v -0.021471 2.536640 -0.481340
v 0.000000 2.505767 -0.490622
v 0.000000 2.523879 -0.541919
v 0.000000 2.645644 -0.664686
v -0.199794 2.512266 -0.618451
v -0.214489 2.461270 -0.584927
v -0.063215 2.206608 -0.488112
v -0.103726 1.993076 -0.470558
v -0.238221 2.178734 -0.638275
v -0.384893 2.505604 -0.647838
v -0.388260 2.575319 -0.587301
v -0.340298 2.769474 -0.619784
v -0.425832 2.775595 -0.537844
v -0.448520 2.833733 -0.328264
v -0.498888 2.452967 -0.562331
v -0.402094 2.251867 -0.664403
v -0.244762 2.021631 -0.611298
v -0.400683 2.087240 -0.648068
v -0.497786 2.157476 -0.551199
v -0.524149 2.510566 -0.341469
v -0.540391 2.203712 -0.369385
v -0.523548 1.900084 -0.395495
v -0.488002 1.875532 -0.562429
v -0.398754 1.833437 -0.663733
v -0.256401 1.793527 -0.621359
v -0.148320 1.786643 -0.466403
v -0.144778 2.002804 -0.278773
v -0.321136 2.112452 -0.149451
v -0.489751 2.176322 -0.192768
v -0.450445 2.442466 -0.156259
v -0.299179 2.332344 -0.119798
v -0.107546 2.206234 -0.249429
v -0.187687 1.802975 -0.301115
v -0.333320 1.874795 -0.210046
v -0.460733 1.902018 -0.256372
v -0.431896 1.632597 -0.306713
v -0.342751 1.640224 -0.261458
v -0.219368 1.599860 -0.327394
v -0.176572 1.585715 -0.454110
v -0.272741 1.569025 -0.621063
v -0.402090 1.588867 -0.666778
v -0.471026 1.596951 -0.566332
v -0.496263 1.599876 -0.418609
v -0.450640 1.488904 -0.331734
v -0.498414 1.407960 -0.465439
v -0.463419 1.477983 -0.576792
v -0.493008 1.515784 -0.444268
v -0.408066 1.505675 -0.669578
v -0.275383 1.456322 -0.631424
v -0.193366 1.478933 -0.470947
v -0.242956 1.454478 -0.351676
v -0.282143 1.320545 -0.397169
v -0.229160 1.353816 -0.490346
v -0.355620 1.471222 -0.271247
v -0.371469 1.297588 -0.358205
v -0.445240 1.342831 -0.388482
v -0.524956 0.992090 -0.499852
v -0.550433 0.996897 -0.597873
v -0.518339 1.262568 -0.687314
v -0.452991 1.273839 -0.695041
v -0.302766 1.246270 -0.721717
v -0.301934 0.993905 -0.636598
v -0.309205 0.994004 -0.731703
v -0.458457 0.993429 -0.722358
v -0.564145 0.993238 -0.699630
v -0.488420 0.990129 -0.438648
v -0.411528 0.990647 -0.407237
v -0.312884 0.995083 -0.468787
v -0.284274 0.995817 -0.543070
v -0.423897 0.361442 -0.442752
v -0.475873 0.375655 -0.462028
v -0.499728 0.373005 -0.520274
v -0.498090 0.370936 -0.599085
v -0.540073 0.751583 -0.658617
v -0.460298 0.752644 -0.740924
v -0.346075 0.738943 -0.703824
v -0.357239 0.377541 -0.609713
v -0.430027 0.376833 -0.646938
v -0.334987 0.369021 -0.536234
v -0.355198 0.361121 -0.487601
v -0.491711 0.266899 -0.535686
v -0.474063 0.253681 -0.608272
v -0.423440 0.261009 -0.630166
v -0.371559 0.258005 -0.617529
v -0.341119 0.285293 -0.526233
v -0.366496 0.284917 -0.447978
v -0.429924 0.288390 -0.429143
v -0.473923 0.277562 -0.463340
v -0.489149 0.215603 -0.381795
v -0.438167 0.221399 -0.356858
v -0.371945 0.205960 -0.376693
v -0.331099 0.167822 -0.486968
v -0.333173 0.104639 -0.629100
v -0.416843 0.123562 -0.688059
v -0.509677 0.110588 -0.651623
v -0.532072 0.144816 -0.516524
v -0.440598 0.131517 -0.187191
v -0.506587 0.113827 -0.218243
v -0.560852 0.088546 -0.382721
v -0.580485 0.065815 -0.254650
v -0.549910 0.012112 -0.398241
v -0.522639 0.017231 -0.538977
v -0.498405 0.010062 -0.632662
v -0.588449 -0.002090 -0.263290
v -0.552296 0.063282 -0.105006
v -0.420641 0.100006 -0.022614
v -0.425750 0.009558 -0.020582
v -0.555322 -0.001607 -0.115855
v -0.345637 0.007974 -0.598955
v -0.333295 0.011667 -0.527057
v -0.332278 0.087980 -0.364702
v -0.360535 0.102971 -0.203648
v -0.320466 0.031028 -0.208586
v -0.325208 0.018808 -0.381489
v -0.309311 -0.003447 -0.224039
v -0.323585 0.076430 -0.109332
v -0.315150 -0.005813 -0.109139
v -0.417513 0.010843 -0.664384
v -0.437562 0.007563 -0.524515
v -0.446437 0.000371 -0.386745
v -0.459903 -0.006452 -0.250326
v -0.857469 3.483496 -0.304583
v -0.896926 3.542443 -0.405083
v -0.821518 3.621809 -0.536242
v -0.758997 3.507607 -0.566426
v -0.724149 3.444794 -0.480834
v -0.724903 3.411637 -0.372621
v -0.757811 3.421585 -0.317795
v -0.783475 3.380329 -0.322200
v -0.879116 3.450239 -0.306569
v -0.949816 3.491046 -0.381243
v -0.889256 3.457329 -0.543429
v -0.827530 3.410620 -0.581370
v -0.776894 3.357958 -0.507038
v -0.747321 3.351831 -0.375300
v -0.900208 3.408860 -0.285425
v -0.985828 3.434749 -0.351713
v -0.976363 3.339685 -0.493112
v -0.913599 3.284185 -0.528231
v -0.829150 3.262619 -0.470647
v -0.783577 3.295555 -0.364095
v -0.808112 3.332399 -0.308877
v -1.162784 2.900401 -0.046643
v -1.229423 2.940417 -0.079964
v -1.261382 2.913411 -0.166540
v -1.241767 2.858549 -0.230857
v -1.205240 2.820393 -0.231328
v -1.161898 2.823702 -0.186129
v -1.152128 2.860187 -0.107690
v -0.380007 2.788851 -0.142799
v 0.000000 5.002427 -0.023702
v 0.000000 4.464453 -0.046310
v -0.137556 5.015790 -0.078267
v -0.089547 4.478424 -0.105329
v -0.198499 5.055356 -0.294480
v -0.147821 4.535989 -0.349334
v -0.091067 5.079870 -0.434724
v -0.081041 4.562960 -0.460587
v 0.000000 4.886551 -0.017690
v 0.000000 4.789459 -0.013623
v 0.000000 4.678923 0.008140
v 0.000000 4.568388 -0.024996
v -0.123918 4.587474 -0.095721
v -0.164068 4.701279 -0.071262
v -0.167686 4.811814 -0.105187
v -0.166458 4.908906 -0.082967
v -0.205781 4.657294 -0.354652
v -0.233093 4.767879 -0.366970
v -0.243955 4.876169 -0.368772
v -0.241331 4.973261 -0.334457
v -0.093459 4.698095 -0.505638
v -0.105042 4.808630 -0.547490
v -0.107256 4.919166 -0.544880
v -0.101763 5.016515 -0.492344
v 0.000000 5.083023 -0.452259
v 0.000000 4.567569 -0.481936
v 0.000000 5.021381 -0.510858
v 0.000000 4.924289 -0.565864
v 0.000000 4.813754 -0.570218
v 0.000000 4.703218 -0.524623
v -0.155455 5.067994 -0.372811
v -0.116353 4.551621 -0.416946
v -0.179224 4.998478 -0.426168
v -0.180893 4.901364 -0.474633
v -0.177160 4.790829 -0.471448
v -0.153322 4.681490 -0.446312
v -0.164226 4.511903 -0.252674
v -0.228369 4.838211 -0.221103
v -0.194871 5.036648 -0.204889
v -0.231803 4.941942 -0.215891
v -0.199577 4.620862 -0.225625
v -0.227139 4.732378 -0.217671
v 0.000000 5.092599 -0.107813
v 0.000000 5.130065 -0.237598
v 0.000000 5.111441 -0.361744
v -0.088577 5.107461 -0.355628
v -0.088473 5.122413 -0.246144
v -0.110902 5.095737 -0.155020
v -0.133125 5.099452 -0.334485
v -0.141805 5.100963 -0.259153
v -0.151167 5.096808 -0.208824
v 0.000000 4.458508 -0.206466
v -0.069155 4.465046 -0.235728
v -0.141361 4.440785 -0.367961
v -0.078872 4.516374 -0.465446
v 0.000000 4.519081 -0.477562
v -0.116841 4.506098 -0.428151
v -0.142214 4.425583 -0.305820
v -1.354468 2.593271 -0.106276
v -1.311353 2.680677 0.102101
v -1.205353 2.828866 -0.216450
v -1.163167 2.900391 -0.067304
v -1.404513 2.617571 -0.109767
v -1.357285 2.706097 0.093231
v -1.246950 2.854033 -0.221908
v -1.208718 2.927516 -0.078825
v -1.256847 2.741727 -0.190439
v -1.308030 2.667108 -0.145229
v -1.256337 2.760734 0.050857
v -1.203978 2.836063 0.003601
v -1.357131 2.697588 -0.152313
v -1.306896 2.772844 -0.197758
v -1.257197 2.867157 -0.010214
v -1.308211 2.792514 0.038830
v -1.351314 2.612354 -0.061270
v -1.325872 2.661790 0.053064
v -1.176126 2.884436 -0.107980
v -1.199891 2.847291 -0.181500
v -1.226944 2.917544 -0.119039
v -1.244892 2.881572 -0.191050
v -1.377170 2.692234 0.044545
v -1.400100 2.641910 -0.071743
v -1.279044 2.856712 -0.055449
v -1.303277 2.803714 -0.159472
v -1.331361 2.781175 -0.008471
v -1.356493 2.725983 -0.116923
v -1.271516 2.740571 0.003019
v -1.304316 2.685687 -0.104141
v -1.219659 2.816417 -0.044003
v -1.252337 2.761787 -0.150660
v -1.350206 2.666385 0.043360
v -1.308596 2.650791 0.039758
v -1.374861 2.602096 0.076759
v -1.333251 2.586502 0.073157
v -1.336472 2.689260 0.097531
v -1.294862 2.673666 0.093929
v -1.361127 2.624971 0.130930
v -1.319517 2.609377 0.127328
v -1.373057 2.599369 -0.107237
v -1.333642 2.576660 -0.107026
v -1.407689 2.542187 -0.075060
v -1.368273 2.519479 -0.074849
v -1.345781 2.663677 0.041938
v -1.305676 2.640075 0.040410
v -1.380413 2.606496 0.074115
v -1.340307 2.582893 0.072587
v -1.371698 2.595908 0.075953
v -1.329894 2.589372 0.068656
v -1.380421 2.525539 0.109753
v -1.338617 2.519003 0.102455
v -1.358034 2.620103 0.129852
v -1.316230 2.613568 0.122555
v -1.366757 2.549735 0.163652
v -1.324953 2.543199 0.156355
v -1.402514 2.534545 -0.076445
v -1.361713 2.521081 -0.079888
v -1.422442 2.469764 -0.038748
v -1.381623 2.456281 -0.042243
v -1.375179 2.598573 0.073407
v -1.333725 2.584454 0.068136
v -1.395885 2.531971 0.106841
v -1.354431 2.517851 0.101571
v -1.377445 2.518447 0.109844
v -1.336578 2.523658 0.099109
v -1.359921 2.449825 0.144401
v -1.325285 2.454242 0.135302
v -1.366085 2.544379 0.163817
v -1.325218 2.549590 0.153082
v -1.350293 2.471803 0.190144
v -1.315657 2.476219 0.181046
v -1.417246 2.464314 -0.037494
v -1.376156 2.458198 -0.043625
v -1.420492 2.403107 0.018140
v -1.379312 2.396917 0.011730
v -1.391801 2.526932 0.106530
v -1.350132 2.520341 0.098592
v -1.398991 2.456019 0.139841
v -1.357321 2.449428 0.131903
v -1.267219 2.839128 0.009348
v -1.227347 2.813198 0.016629
v -1.297548 2.786440 0.044884
v -1.259444 2.766221 0.047918
v -1.242839 2.863557 -0.006991
v -1.206514 2.841686 0.001501
v -1.266168 2.839728 0.073350
v -1.228711 2.818233 0.075567
v -1.297874 2.782796 0.055794
v -1.258258 2.768095 0.045344
v -1.268663 2.836173 0.080750
v -1.229382 2.821551 0.070113
v -1.242925 2.723514 0.111523
v -1.282506 2.734974 0.125378
v -1.254209 2.787965 0.154116
v -1.214942 2.776623 0.139995
v -1.282563 2.732994 0.127746
v -1.244792 2.726699 0.107835
v -1.254096 2.784728 0.158079
v -1.216580 2.778397 0.138101
v -1.201871 2.680476 0.154210
v -1.234153 2.684355 0.171680
v -1.210503 2.726272 0.201349
v -1.178523 2.722506 0.183712
v -0.000000 2.615467 -0.526375
vn -0.1505 0.5193 0.8412
vn 0.2739 0.4913 0.8268
vn 0.0005 0.4266 0.9045
vn 0.1975 0.4409 0.8756
vn 0.4437 0.5990 0.6666
vn 0.3408 0.8851 0.3169
vn 0.6247 0.6771 0.3890
vn 0.7114 0.5651 0.4177
vn 0.5337 0.7991 0.2769
vn 0.9686 0.1991 0.1493
vn 0.8441 0.3314 0.4216
vn 0.7004 0.4234 0.5746
vn 0.9434 0.3111 0.1152
vn 0.9158 -0.3960 0.0672
vn 0.7680 -0.6403 0.0165
vn 0.8741 0.1613 0.4582
vn 0.0256 -0.5447 -0.8382
vn -0.0582 -0.3781 -0.9239
vn 0.1393 -0.1293 -0.9818
vn -0.0201 -0.0632 -0.9978
vn 0.3681 -0.5881 -0.7202
vn 0.0272 -0.3486 -0.9369
vn 0.3748 -0.3152 -0.8719
vn 0.3967 -0.3456 -0.8504
vn 0.3750 -0.3365 -0.8638
vn 0.9441 -0.2722 -0.1857
vn 0.9407 -0.2756 -0.1976
vn 0.9433 -0.2614 -0.2047
vn 0.9351 -0.2251 0.2736
vn 0.9557 -0.2027 0.2133
vn 0.9588 -0.1566 0.2370
vn 0.4086 -0.0210 0.9125
vn 0.4962 -0.1186 0.8601
vn 0.3235 -0.1157 0.9391
vn 0.2023 0.0372 0.9786
vn 0.0313 -0.0440 0.9985
vn 0.0272 -0.0589 0.9979
vn 0.4698 -0.0120 0.8827
vn -0.3063 0.0999 0.9467
vn 0.0941 0.5163 0.8512
vn -0.0496 0.5250 0.8496
vn 0.1199 0.3695 0.9215
vn 0.1267 0.6524 0.7472
vn 0.2811 0.4987 0.8200
vn 0.3422 0.2229 0.9128
vn -0.0291 0.1974 0.9799
vn 0.1951 0.0039 0.9808
vn 0.1586 0.0086 0.9873
vn 0.0912 -0.1357 0.9865
vn 0.1234 -0.5510 0.8254
vn 0.6983 -0.7066 -0.1145
vn -0.3905 -0.1769 0.9035
vn 0.6442 -0.6450 0.4111
vn 0.5892 0.0046 0.8080
vn 0.5562 -0.0090 0.8310
vn 0.4111 -0.2086 0.8874
vn 0.3872 0.0749 0.9189
vn 0.1955 0.6079 0.7696
vn 0.0962 0.6066 0.7892
vn 0.1865 0.5837 0.7902
vn 0.4684 0.5531 0.6890
vn 0.3386 0.7443 0.5757
vn 0.4263 0.7811 0.4563
vn 0.2636 0.8154 0.5154
vn 0.7387 0.5375 0.4068
vn 0.2554 0.7345 0.6288
vn 0.3404 0.8345 0.4332
vn 0.5872 0.8071 0.0612
vn 0.5684 0.8214 0.0467
vn 0.5733 0.8165 0.0677
vn 0.0898 0.6300 -0.7714
vn 0.1218 0.6159 -0.7783
vn 0.4325 0.6790 -0.5931
vn 0.6951 0.3597 -0.6225
vn -0.0131 0.5042 -0.8635
vn 0.0829 0.4945 -0.8652
vn 0.0842 0.2845 -0.9550
vn -0.1174 0.4077 -0.9055
vn -0.0977 0.5068 -0.8565
vn -0.1132 0.4062 -0.9067
vn 0.0616 0.6226 -0.7801
vn 0.0693 0.6948 -0.7159
vn 0.5816 0.8124 0.0421
vn 0.4823 0.8740 -0.0587
vn 0.5365 0.8306 -0.1489
vn 0.4966 0.7358 -0.4604
vn 0.0170 0.4904 -0.8713
vn 0.2619 -0.1207 -0.9575
vn 0.0858 -0.3805 -0.9208
vn 0.1020 -0.4178 -0.9028
vn 0.4555 -0.5559 -0.6954
vn 0.4111 -0.3161 -0.8550
vn 0.0864 -0.0762 -0.9933
vn 0.1340 0.0842 -0.9874
vn 0.0852 0.2602 -0.9618
vn 0.0982 0.0915 -0.9909
vn 0.1027 -0.3004 -0.9483
vn 0.4268 0.1918 -0.8838
vn 0.3295 0.1671 -0.9293
vn 0.5021 0.0869 -0.8604
vn 0.4063 -0.1935 -0.8930
vn 0.9271 -0.2622 -0.2680
vn 0.9521 0.0264 -0.3046
vn 0.6164 0.2210 -0.7558
vn 0.2400 0.1540 -0.9585
vn 0.1443 -0.0854 -0.9858
vn 0.1688 0.0142 -0.9856
vn -0.2970 -0.6780 -0.6724
vn -0.3171 -0.9149 -0.2498
vn 0.8320 -0.5231 -0.1847
vn 0.8905 -0.4518 -0.0542
vn -0.9778 -0.1583 0.1374
vn 0.2359 0.0072 0.9717
vn 0.9422 -0.2174 0.2548
vn 0.9572 0.0420 0.2865
vn 0.9783 -0.0537 0.2001
vn 0.9725 -0.1278 0.1948
vn 0.9667 0.1131 -0.2296
vn 0.6404 0.3955 -0.6584
vn 0.6912 0.0410 -0.7215
vn -0.1464 0.2029 -0.9682
vn -0.9428 0.2433 -0.2277
vn 0.9708 0.1682 -0.1713
vn 0.9600 0.2273 -0.1632
vn 0.8988 0.1802 0.3997
vn 0.3466 -0.2319 0.9089
vn 0.2884 -0.0934 0.9529
vn -0.4825 -0.1867 0.8557
vn -0.9632 -0.1851 0.1951
vn -0.5636 0.0208 -0.8258
vn -0.2894 0.1020 -0.9518
vn 0.6369 0.1512 -0.7560
vn 0.9844 0.0296 -0.1735
vn 0.9400 0.0532 0.3371
vn 0.9369 -0.1250 0.3266
vn 0.9767 -0.0309 -0.2126
vn 0.7447 -0.0438 -0.6660
vn -0.1348 -0.1343 -0.9817
vn -0.6670 -0.1718 -0.7250
vn -0.4630 -0.2210 0.8584
vn 0.3969 -0.1963 0.8966
vn 0.8742 -0.1458 0.4631
vn 0.9807 -0.0664 -0.1837
vn 0.4686 0.5976 0.6506
vn 0.4499 0.5480 0.7052
vn 0.7203 0.2366 0.6521
vn 0.9226 -0.2087 0.3244
vn 0.9402 -0.1808 0.2887
vn 0.9782 -0.2002 -0.0543
vn 0.9560 -0.2852 -0.0692
vn 0.7549 0.3746 -0.5382
vn 0.6920 0.2259 0.6856
vn -0.0867 -0.4626 0.8823
vn -0.7095 -0.3790 0.5941
vn -0.1133 0.0043 0.9935
vn -0.0622 -0.1245 0.9903
vn -0.5751 0.1036 0.8115
vn 0.7604 0.4289 0.4876
vn 0.8637 0.3278 -0.3829
vn 0.8424 0.2704 -0.4661
vn 0.7779 0.2155 -0.5903
vn 0.9661 -0.1049 -0.2358
vn 0.8291 -0.2243 -0.5122
vn 0.6970 -0.6902 -0.1944
vn 0.8569 -0.5152 0.0133
vn -0.1397 0.9504 0.2777
vn 0.9091 -0.3653 -0.2001
vn 0.9474 -0.2560 -0.1923
vn -0.5263 -0.4432 -0.7256
vn -0.4117 0.2153 -0.8855
vn -0.4559 0.1839 -0.8708
vn 0.2099 0.0844 -0.9741
vn 0.7959 0.3806 -0.4709
vn 0.4773 0.6290 -0.6137
vn -0.7100 -0.3798 0.5930
vn -0.7108 -0.3799 0.5920
vn -0.7941 -0.5958 -0.1198
vn -0.8897 -0.4214 -0.1758
vn -0.7117 -0.3800 0.5908
vn 0.4850 0.5930 0.6427
vn 0.7103 0.5813 -0.3970
vn 0.0799 -0.5360 -0.8404
vn -0.5065 0.5288 -0.6811
vn 0.2841 0.3231 -0.9027
vn -0.7118 -0.3310 -0.6195
vn -0.4094 -0.5494 -0.7284
vn -0.1815 0.1811 -0.9666
vn 0.3440 -0.6962 -0.6300
vn -0.8184 -0.5397 -0.1974
vn -0.7388 0.2141 0.6390
vn -0.7462 -0.2957 0.5964
vn -0.3536 -0.3378 0.8723
vn -0.3360 0.1844 0.9236
vn 0.3853 0.5924 0.7076
vn 0.8301 0.4182 -0.3689
vn 0.5086 -0.0041 -0.8610
vn 0.0523 0.1102 -0.9925
vn 0.7434 0.0463 -0.6673
vn 0.5671 -0.6630 -0.4887
vn -0.0964 -0.5789 -0.8096
vn -0.6911 -0.6810 -0.2423
vn -0.9057 -0.0332 0.4227
vn -0.8064 -0.4763 0.3504
vn -0.5226 -0.4849 0.7012
vn -0.6159 -0.0278 0.7873
vn 0.2814 0.5444 0.7903
vn 0.8951 0.4238 -0.1386
vn 0.7230 0.0189 -0.6906
vn -0.2713 0.0459 -0.9614
vn -0.7564 -0.0891 -0.6480
vn -0.9493 -0.2147 0.2295
vn -0.4317 -0.1968 0.8803
vn -0.9475 -0.1503 0.2823
vn -0.8412 -0.1039 -0.5306
vn -0.3069 -0.0073 -0.9517
vn 0.7884 -0.0124 -0.6151
vn 0.9856 0.0133 -0.1686
vn 0.9434 -0.1713 -0.2838
vn 0.9257 0.1171 -0.3598
vn 0.9373 -0.0213 0.3478
vn 0.9375 -0.1342 0.3209
vn 0.8700 0.0278 0.4923
vn 0.4993 -0.0458 0.8652
vn -0.4945 -0.1501 0.8561
vn -0.9179 -0.2056 0.3395
vn -0.9216 -0.1980 0.3337
vn -0.9217 -0.1979 0.3337
vn -0.9219 -0.1976 0.3334
vn -0.8676 -0.0586 -0.4939
vn -0.8890 0.0212 -0.4574
vn -0.3163 0.0497 -0.9473
vn 0.8714 -0.0489 -0.4881
vn 0.7904 0.3263 -0.5184
vn -0.1034 0.2362 -0.9662
vn -0.8851 -0.1872 -0.4260
vn -0.8802 -0.3382 0.3331
vn -0.4716 -0.4186 0.7761
vn 0.5396 -0.3304 0.7744
vn 0.8773 -0.2016 0.4355
vn 0.9662 0.1910 0.1732
vn 0.9617 0.1545 -0.2263
vn 0.7850 0.0209 0.6192
vn 0.3995 -0.0868 0.9126
vn -0.4847 -0.2160 0.8476
vn -0.8794 -0.1787 0.4413
vn -0.9574 -0.0535 -0.2836
vn -0.6145 0.1645 0.7716
vn -0.3486 0.0333 0.9367
vn -0.4253 0.2598 0.8669
vn 0.4834 0.0742 0.8723
vn 0.3631 0.0684 0.9292
vn 0.4876 -0.0406 0.8721
vn 0.9481 -0.0716 0.3096
vn 0.9088 0.0651 0.4121
vn 0.8787 -0.1941 0.4361
vn 0.9899 -0.0715 -0.1227
vn 0.9916 -0.1188 -0.0516
vn 0.9852 -0.1290 -0.1125
vn 0.6302 -0.0627 -0.7739
vn 0.5079 -0.2422 -0.8266
vn 0.4967 -0.0933 -0.8629
vn -0.4404 -0.1453 -0.8859
vn -0.4396 -0.1513 -0.8853
vn -0.3702 -0.0475 -0.9277
vn -0.9620 -0.0713 -0.2637
vn -0.9552 -0.1307 -0.2657
vn -0.9510 -0.0988 -0.2929
vn -0.9105 0.0121 0.4133
vn -0.9323 -0.0905 0.3501
vn -0.9411 0.0024 0.3383
vn -0.5366 -0.0594 0.8417
vn 0.3697 -0.0440 0.9281
vn 0.8362 -0.0568 0.5455
vn 0.9962 -0.0613 -0.0617
vn 0.9493 -0.0506 0.3104
vn 0.4915 -0.0631 -0.8686
vn 0.2058 0.0975 -0.9737
vn 0.1127 0.0719 -0.9910
vn -0.9793 -0.0281 -0.2006
vn -0.1034 -0.0267 -0.9943
vn 0.6403 -0.2110 -0.7386
vn -0.3465 -0.2235 -0.9110
vn -0.9536 -0.1282 -0.2725
vn -0.9665 -0.1033 -0.2351
vn -0.9033 -0.0774 0.4221
vn -0.9380 0.1863 0.2922
vn -0.3023 0.6539 0.6936
vn 0.4553 0.7153 0.5302
vn 0.9256 0.3340 0.1783
vn -0.9689 0.1533 -0.1944
vn 0.3950 0.3477 -0.8503
vn -0.4835 0.2734 -0.8316
vn -0.9283 0.3296 0.1719
vn -0.3577 0.8178 0.4509
vn 0.3762 0.8127 0.4450
vn 0.9294 0.3519 0.1112
vn -0.8509 0.4874 -0.1962
vn -0.8716 0.4780 0.1084
vn -0.9819 0.1851 -0.0400
vn -0.9995 0.0263 -0.0186
vn -0.9972 -0.0559 -0.0497
vn -0.5865 -0.2359 -0.7748
vn 0.9261 0.2876 -0.2443
vn 0.3440 -0.2005 -0.9173
vn 0.9755 -0.0579 -0.2121
vn 0.5643 0.8234 0.0596
vn 0.7190 0.6823 0.1323
vn 0.9767 0.0156 -0.2138
vn 0.9792 -0.0861 -0.1840
vn 0.5827 0.8033 0.1234
vn 0.3787 0.8966 0.2297
vn -0.3494 0.9277 0.1312
vn -0.6473 0.0223 0.7619
vn -0.9863 0.1645 0.0082
vn 0.5601 -0.0177 0.8283
vn 0.9780 0.0513 0.2022
vn -0.0087 -0.9991 0.0421
vn 0.0371 -0.9984 0.0426
vn 0.0597 -0.9943 -0.0885
vn -0.0896 -0.9911 -0.0988
vn 0.1048 -0.9928 -0.0575
vn -0.0995 -0.9950 0.0001
vn 0.0528 -0.9986 0.0066
vn -0.0062 -1.0000 0.0022
vn 0.1242 -0.2424 0.9622
vn 0.5313 -0.2051 0.8220
vn 0.8588 -0.3392 0.3839
vn 0.6528 -0.3151 -0.6889
vn 0.0786 0.9470 -0.3116
vn 0.6031 0.5977 -0.5283
vn 0.6706 0.3612 -0.6479
vn 0.7057 -0.0208 -0.7082
vn 0.6377 -0.3167 -0.7022
vn 0.8562 0.2441 0.4553
vn 0.8965 -0.0696 0.4374
vn 0.8983 0.0551 0.4359
vn 0.8755 -0.3157 0.3659
vn 0.3609 0.0523 0.9311
vn 0.4324 -0.0812 0.8980
vn 0.4244 0.2146 0.8797
vn 0.4746 -0.2976 0.8283
vn 0.1727 -0.3701 -0.9128
vn 0.2029 0.0288 -0.9788
vn 0.1850 0.4796 -0.8577
vn 0.1976 -0.3103 -0.9299
vn 0.1621 0.6793 -0.7157
vn -0.0039 -0.9729 -0.2311
vn -0.0000 -0.9729 -0.2311
vn 0.6766 0.5920 0.4379
vn 0.8115 -0.2764 -0.5149
vn 0.8615 -0.0689 -0.5031
vn 0.8482 0.2235 -0.4803
vn 0.7604 0.5483 -0.3481
vn 0.7827 -0.3654 -0.5038
vn 0.9968 -0.0549 0.0587
vn 0.9705 -0.2402 -0.0197
vn 0.9224 -0.3607 -0.1384
vn 0.9168 0.3712 0.1472
vn 0.9959 -0.0214 0.0884
vn 0.4123 0.8459 -0.3383
vn 0.6146 0.7743 -0.1508
vn 0.2943 0.9506 -0.0983
vn 0.3033 0.9429 0.1373
vn 0.2359 0.6869 0.6874
vn 0.0968 0.9584 0.2685
vn 0.0629 0.9879 -0.1419
vn 0.7347 0.6737 0.0800
vn 0.4556 -0.8826 0.1160
vn 0.6534 -0.6049 -0.4552
vn 0.6324 -0.6146 0.4715
vn 0.1577 -0.9860 0.0545
vn 0.2048 0.0003 -0.9788
vn 0.9633 -0.2167 -0.1583
vn 0.8382 -0.0714 -0.5407
vn 0.9191 0.0698 -0.3878
vn 0.8312 0.2415 -0.5007
vn 0.7507 0.1002 -0.6530
vn 0.8048 0.2435 -0.5412
vn 0.8482 0.4706 -0.2432
vn 0.4221 -0.0742 0.9035
vn 0.9763 0.1654 0.1397
vn 0.7650 0.3770 0.5221
vn 0.1991 0.3804 -0.9031
vn 0.6854 -0.0691 0.7249
vn 0.5140 0.5038 -0.6943
vn -0.8240 -0.5652 -0.0394
vn -0.5479 0.7119 -0.4394
vn 0.7998 0.5620 0.2110
vn 0.5065 -0.7480 0.4290
vn 0.1261 -0.4032 -0.9064
vn -0.1000 0.4878 0.8672
vn -0.2046 0.6612 0.7218
vn -0.0846 0.4965 0.8639
vn 0.0298 -0.2673 -0.9632
vn 0.1439 -0.4390 -0.8869
vn 0.6775 0.7210 0.1455
vn 0.7385 0.6413 0.2082
vn -0.8178 -0.5752 -0.0189
vn -0.8171 -0.5762 -0.0210
vn -0.8163 -0.5772 -0.0232
vn -0.8560 -0.4949 0.1494
vn -0.8332 -0.5523 0.0277
vn -0.8691 -0.4748 0.1384
vn -0.8410 -0.5401 0.0332
vn 0.8620 0.4181 -0.2865
vn 0.8416 0.5347 -0.0767
vn 0.8076 0.4815 -0.3405
vn 0.8101 0.5781 -0.0981
vn 0.4767 -0.7604 0.4411
vn 0.5230 -0.7368 0.4284
vn 0.8983 0.3838 -0.2139
vn 0.8928 0.4499 -0.0203
vn -0.5424 0.6584 -0.5218
vn -0.5688 0.6579 -0.4936
vn -0.8678 -0.4793 0.1310
vn -0.8489 -0.5286 0.0033
vn 0.2207 -0.3816 -0.8976
vn 0.2832 -0.8557 0.4331
vn -0.2207 0.3816 0.8976
vn -0.2832 0.8557 -0.4331
vn 0.9190 0.3883 0.0690
vn -0.9190 -0.3883 -0.0690
vn 0.2130 -0.3780 -0.9010
vn 0.4509 -0.7862 0.4225
vn -0.2452 0.3584 0.9008
vn -0.4509 0.7862 -0.4225
vn 0.8674 0.4946 -0.0546
vn -0.8664 -0.4969 0.0494
vn 0.2180 -0.4005 -0.8900
vn 0.0675 -0.9037 0.4228
vn -0.2180 0.4005 0.8900
vn -0.0675 0.9037 -0.4228
vn 0.9679 0.1957 0.1576
vn -0.9679 -0.1957 -0.1576
vn 0.2191 -0.4392 -0.8713
vn 0.2482 -0.8731 0.4195
vn -0.2414 0.3744 0.8953
vn -0.2483 0.8731 -0.4195
vn 0.9485 0.3143 0.0387
vn -0.9476 -0.3165 -0.0437
vn 0.1659 -0.4770 -0.8631
vn -0.2157 -0.8971 0.3856
vn -0.1914 0.3712 0.9086
vn 0.2157 0.8971 -0.3856
vn 0.9594 -0.1154 0.2574
vn -0.9736 0.0412 -0.2247
vn 0.2086 -0.6507 -0.7301
vn 0.0695 -0.9099 0.4091
vn -0.2318 0.3942 0.8893
vn -0.0701 0.9098 -0.4091
vn 0.9827 0.1505 0.1082
vn -0.9818 -0.1526 -0.1130
vn -0.1668 0.4749 0.8641
vn 0.2491 -0.3369 0.9080
vn -0.4279 0.8212 0.3776
vn -0.0962 0.4468 0.8895
vn 0.8131 0.5821 0.0079
vn -0.8355 -0.5455 0.0659
vn -0.0698 -0.4519 0.8894
vn -0.1443 -0.5279 0.8370
vn -0.4017 0.7968 0.4514
vn -0.4038 0.8021 0.4400
vn 0.8811 0.2865 0.3763
vn -0.8819 -0.2816 -0.3782
vn -0.2946 -0.5981 0.7453
vn -0.3002 -0.6561 0.6924
vn -0.3676 0.8021 0.4707
vn -0.4068 0.7238 0.5574
vn 0.7159 -0.0479 0.6965
vn -0.7533 0.0050 -0.6577
vn 0.1505 0.5193 0.8412
vn -0.1128 0.4997 0.8588
vn -0.1975 0.4409 0.8756
vn -0.1623 0.6792 0.7158
vn -0.4438 0.5990 0.6666
vn -0.1622 0.7664 0.6215
vn -0.3408 0.8851 0.3169
vn -0.2861 0.8253 0.4870
vn -0.5337 0.7991 0.2769
vn -0.6063 0.0438 0.7941
vn -0.7004 0.4234 0.5746
vn -0.8441 0.3314 0.4216
vn -0.7125 -0.2640 -0.6501
vn -0.6909 0.2182 0.6893
vn -0.9158 -0.3960 0.0672
vn -0.8741 0.1613 0.4582
vn -0.0256 -0.5447 -0.8382
vn -0.1393 -0.1293 -0.9818
vn 0.0582 -0.3781 -0.9239
vn 0.0201 -0.0632 -0.9978
vn -0.3681 -0.5881 -0.7202
vn -0.0272 -0.3486 -0.9369
vn -0.3748 -0.3152 -0.8719
vn -0.3750 -0.3365 -0.8638
vn -0.3820 -0.3112 -0.8702
vn -0.9416 -0.2662 -0.2060
vn -0.9457 -0.2677 -0.1845
vn -0.9407 -0.2756 -0.1976
vn -0.9550 -0.1504 0.2557
vn -0.9392 -0.2292 0.2557
vn -0.9557 -0.2027 0.2133
vn -0.4086 -0.0210 0.9125
vn -0.3235 -0.1152 0.9392
vn -0.4962 -0.1186 0.8601
vn -0.2023 0.0372 0.9786
vn -0.0272 -0.0589 0.9979
vn -0.3075 -0.1165 0.9444
vn -0.4698 -0.0120 0.8827
vn 0.3063 0.0999 0.9467
vn -0.0941 0.5163 0.8512
vn -0.0534 0.4357 0.8985
vn -0.1268 0.6529 0.7467
vn 0.0496 0.5250 0.8496
vn -0.2811 0.4987 0.8200
vn -0.3422 0.2229 0.9128
vn 0.0291 0.1974 0.9799
vn -0.1951 0.0039 0.9808
vn -0.1586 0.0086 0.9873
vn -0.0905 -0.1365 0.9865
vn -0.1206 -0.5493 0.8269
vn -0.6983 -0.7066 -0.1145
vn 0.3905 -0.1769 0.9035
vn -0.6442 -0.6450 0.4111
vn -0.5892 0.0046 0.8080
vn -0.5562 -0.0090 0.8310
vn -0.4111 -0.2086 0.8874
vn -0.3872 0.0749 0.9189
vn -0.1955 0.6079 0.7696
vn -0.0962 0.6066 0.7892
vn -0.1865 0.5837 0.7902
vn -0.3505 0.5659 0.7463
vn -0.3386 0.7443 0.5757
vn -0.4092 0.7614 0.5028
vn -0.4262 0.7811 0.4563
vn -0.7387 0.5375 0.4068
vn -0.3404 0.8345 0.4332
vn -0.2554 0.7344 0.6288
vn -0.5666 0.8223 0.0520
vn -0.5733 0.8165 0.0677
vn -0.5889 0.8062 0.0559
vn -0.1476 0.7164 -0.6819
vn -0.1067 0.7720 -0.6266
vn -0.3607 0.4271 -0.8291
vn -0.1218 0.6159 -0.7783
vn 0.1372 0.4387 -0.8881
vn -0.0071 0.4727 -0.8812
vn -0.0949 0.4933 -0.8647
vn -0.0723 0.2852 -0.9557
vn 0.0977 0.5068 -0.8565
vn 0.1132 0.4062 -0.9067
vn -0.0616 0.6226 -0.7801
vn -0.0693 0.6948 -0.7159
vn -0.5816 0.8124 0.0421
vn -0.4823 0.8740 -0.0587
vn -0.5365 0.8306 -0.1489
vn -0.4966 0.7358 -0.4604
vn -0.0170 0.4904 -0.8713
vn -0.2619 -0.1207 -0.9575
vn -0.1020 -0.4178 -0.9028
vn -0.5582 -0.1334 -0.8189
vn -0.4555 -0.5559 -0.6954
vn -0.4111 -0.3161 -0.8550
vn -0.0864 -0.0762 -0.9933
vn -0.1340 0.0842 -0.9874
vn -0.0852 0.2602 -0.9618
vn -0.0982 0.0915 -0.9909
vn -0.1027 -0.3004 -0.9483
vn -0.4268 0.1918 -0.8838
vn -0.3295 0.1671 -0.9293
vn -0.5021 0.0869 -0.8604
vn -0.4063 -0.1935 -0.8930
vn -0.9271 -0.2622 -0.2680
vn -0.9521 0.0264 -0.3046
vn -0.6164 0.2210 -0.7558
vn -0.2423 0.1509 -0.9584
vn -0.1451 -0.0844 -0.9858
vn -0.1688 0.0142 -0.9856
vn 0.2970 -0.6780 -0.6724
vn 0.3171 -0.9149 -0.2498
vn -0.8320 -0.5231 -0.1847
vn -0.8905 -0.4518 -0.0542
vn 0.9778 -0.1583 0.1374
vn -0.2359 0.0072 0.9717
vn -0.9422 -0.2174 0.2548
vn -0.9572 0.0420 0.2865
vn -0.9783 -0.0537 0.2001
vn -0.9725 -0.1278 0.1948
vn -0.9667 0.1131 -0.2296
vn -0.6451 0.3831 -0.6612
vn -0.6891 0.0493 -0.7230
vn 0.1464 0.2029 -0.9682
vn 0.9495 0.2307 -0.2128
vn -0.9716 0.1587 -0.1754
vn -0.9583 0.2305 -0.1687
vn -0.8988 0.1802 0.3997
vn -0.3466 -0.2319 0.9089
vn -0.2884 -0.0934 0.9529
vn 0.4825 -0.1867 0.8557
vn 0.9632 -0.1851 0.1951
vn 0.5636 0.0208 -0.8258
vn 0.2894 0.1020 -0.9518
vn -0.6373 0.1536 -0.7551
vn -0.9844 0.0296 -0.1735
vn -0.9400 0.0532 0.3371
vn -0.9369 -0.1250 0.3266
vn -0.9767 -0.0309 -0.2126
vn -0.7447 -0.0438 -0.6660
vn 0.1348 -0.1343 -0.9817
vn 0.6670 -0.1718 -0.7250
vn 0.4630 -0.2210 0.8584
vn -0.3969 -0.1963 0.8966
vn -0.8742 -0.1458 0.4631
vn -0.9807 -0.0664 -0.1837
vn -0.4686 0.5976 0.6506
vn -0.4499 0.5480 0.7052
vn -0.7203 0.2366 0.6521
vn -0.9226 -0.2087 0.3244
vn -0.9402 -0.1808 0.2887
vn -0.9782 -0.2002 -0.0543
vn -0.9560 -0.2852 -0.0692
vn -0.7549 0.3746 -0.5382
vn -0.6920 0.2259 0.6856
vn 0.5045 0.2346 0.8309
vn 0.1133 0.0043 0.9935
vn 0.7095 -0.3791 0.5941
vn 0.0622 -0.1245 0.9903
vn 0.2445 -0.6259 0.7406
vn -0.7604 0.4289 0.4876
vn -0.8637 0.3278 -0.3829
vn -0.8424 0.2704 -0.4661
vn -0.7779 0.2155 -0.5903
vn -0.7007 -0.5228 -0.4854
vn -0.9695 -0.2363 0.0658
vn -0.8291 -0.2243 -0.5122
vn -0.8569 -0.5153 0.0133
vn 0.1397 0.9504 0.2777
vn -0.9091 -0.3653 -0.2001
vn -0.9474 -0.2560 -0.1923
vn 0.5263 -0.4432 -0.7256
vn 0.5388 0.1130 -0.8348
vn -0.1386 -0.5213 -0.8421
vn -0.1810 0.0747 -0.9806
vn -0.8233 0.4442 -0.3533
vn -0.4773 0.6290 -0.6137
vn 0.7108 -0.3799 0.5920
vn 0.7100 -0.3798 0.5930
vn 0.7941 -0.5958 -0.1198
vn 0.8897 -0.4214 -0.1758
vn 0.7117 -0.3800 0.5908
vn -0.4850 0.5930 0.6427
vn -0.8376 0.4434 -0.3192
vn 0.5235 0.4322 -0.7343
vn -0.2477 0.2092 -0.9460
vn -0.1170 -0.5218 -0.8450
vn 0.7118 -0.3310 -0.6195
vn 0.4094 -0.5494 -0.7284
vn -0.3465 -0.6947 -0.6303
vn 0.1816 0.1810 -0.9666
vn 0.8184 -0.5397 -0.1974
vn 0.3314 -0.3114 0.8906
vn 0.7632 0.1854 0.6190
vn 0.7462 -0.2957 0.5964
vn 0.3360 0.1844 0.9236
vn -0.3853 0.5924 0.7076
vn -0.8301 0.4182 -0.3689
vn -0.5086 -0.0041 -0.8610
vn -0.0522 0.1101 -0.9925
vn -0.0634 0.1183 -0.9909
vn -0.7434 0.0463 -0.6673
vn 0.0964 -0.5789 -0.8096
vn 0.6911 -0.6810 -0.2423
vn 0.5193 -0.4769 0.7092
vn 0.8988 -0.4377 -0.0226
vn -0.1412 -0.2151 0.9663
vn 0.8064 -0.4763 0.3504
vn 0.6159 -0.0278 0.7873
vn -0.2814 0.5444 0.7903
vn -0.8951 0.4238 -0.1386
vn -0.7230 0.0189 -0.6906
vn 0.2713 0.0459 -0.9614
vn 0.7564 -0.0891 -0.6480
vn 0.9493 -0.2147 0.2295
vn 0.4317 -0.1968 0.8803
vn 0.9475 -0.1503 0.2823
vn 0.8412 -0.1039 -0.5306
vn 0.3069 -0.0073 -0.9517
vn -0.7884 -0.0124 -0.6151
vn -0.9856 0.0133 -0.1686
vn -0.9776 -0.0444 -0.2056
vn -0.9653 0.0961 -0.2429
vn -0.9373 -0.0213 0.3478
vn -0.9375 -0.1342 0.3209
vn -0.8700 0.0278 0.4923
vn -0.4993 -0.0458 0.8652
vn 0.4945 -0.1501 0.8561
vn 0.9179 -0.2056 0.3395
vn 0.9217 -0.1979 0.3337
vn 0.9216 -0.1980 0.3337
vn 0.9219 -0.1976 0.3334
vn 0.8676 -0.0586 -0.4939
vn 0.8890 0.0212 -0.4574
vn 0.3163 0.0497 -0.9473
vn -0.8420 0.0285 -0.5387
vn -0.6636 0.3493 -0.6615
vn 0.1034 0.2362 -0.9662
vn 0.8851 -0.1872 -0.4260
vn 0.8802 -0.3382 0.3331
vn 0.4716 -0.4186 0.7761
vn -0.5396 -0.3304 0.7744
vn -0.8773 -0.2016 0.4355
vn -0.9755 0.1663 0.1438
vn -0.9921 0.1256 -0.0002
vn -0.8352 0.0153 0.5497
vn -0.3995 -0.0868 0.9126
vn 0.4847 -0.2160 0.8476
vn 0.8977 -0.1855 0.3997
vn 0.9537 -0.0744 -0.2916
vn 0.3401 0.0569 0.9387
vn 0.4253 0.2598 0.8669
vn 0.6235 0.1385 0.7695
vn -0.4834 0.0742 0.8723
vn -0.3800 0.0859 0.9210
vn -0.4707 -0.0582 0.8804
vn -0.9481 -0.0716 0.3096
vn -0.9280 0.0191 0.3722
vn -0.9132 -0.1348 0.3846
vn -0.9748 -0.2205 0.0336
vn -0.9852 -0.1290 -0.1125
vn -0.9995 0.0263 -0.0185
vn -0.5163 -0.2495 -0.8192
vn -0.4967 -0.0933 -0.8629
vn -0.6218 -0.0562 -0.7812
vn 0.4404 -0.1453 -0.8859
vn 0.3702 -0.0475 -0.9277
vn 0.2749 -0.1356 -0.9519
vn 0.9577 -0.1241 -0.2596
vn 0.9510 -0.0988 -0.2929
vn 0.9609 -0.0639 -0.2696
vn 0.9488 -0.0409 0.3133
vn 0.9411 0.0024 0.3383
vn 0.9212 -0.0269 0.3881
vn 0.5366 -0.0594 0.8417
vn -0.3697 -0.0440 0.9281
vn -0.8915 -0.0433 0.4510
vn -0.9891 -0.0639 0.1324
vn -0.9849 -0.0797 0.1538
vn -0.4915 -0.0631 -0.8686
vn -0.1803 0.0874 -0.9797
vn -0.1127 0.0719 -0.9910
vn 0.9897 -0.0428 -0.1365
vn 0.1034 -0.0267 -0.9943
vn -0.6403 -0.2110 -0.7386
vn 0.3465 -0.2235 -0.9110
vn 0.9728 -0.1155 -0.2007
vn 0.9680 -0.0889 -0.2348
vn 0.9287 -0.0720 0.3638
vn 0.9380 0.1863 0.2922
vn 0.3023 0.6539 0.6936
vn -0.4553 0.7153 0.5302
vn -0.9256 0.3340 0.1783
vn 0.9689 0.1533 -0.1944
vn -0.3950 0.3477 -0.8503
vn 0.4835 0.2734 -0.8316
vn 0.9283 0.3296 0.1719
vn 0.3577 0.8178 0.4509
vn -0.3762 0.8127 0.4450
vn -0.9294 0.3519 0.1112
vn 0.8509 0.4874 -0.1962
vn 0.8716 0.4780 0.1084
vn 0.9819 0.1851 -0.0400
vn 0.9995 0.0263 -0.0186
vn 0.9972 -0.0559 -0.0497
vn 0.5865 -0.2359 -0.7748
vn -0.9261 0.2876 -0.2443
vn -0.3440 -0.2005 -0.9173
vn -0.9755 -0.0579 -0.2121
vn -0.5643 0.8234 0.0596
vn -0.7190 0.6823 0.1323
vn -0.9767 0.0156 -0.2138
vn -0.9792 -0.0861 -0.1840
vn -0.5827 0.8033 0.1234
vn -0.3787 0.8966 0.2297
vn 0.3494 0.9277 0.1312
vn 0.6473 0.0223 0.7619
vn 0.9863 0.1645 0.0082
vn -0.5601 -0.0177 0.8283
vn -0.9780 0.0513 0.2022
vn 0.0087 -0.9991 0.0421
vn -0.0371 -0.9984 0.0426
vn -0.0597 -0.9943 -0.0885
vn 0.0896 -0.9911 -0.0988
vn -0.1048 -0.9928 -0.0575
vn 0.0995 -0.9950 0.0001
vn -0.0528 -0.9986 0.0066
vn 0.0062 -1.0000 0.0022
vn -0.1242 -0.2424 0.9622
vn -0.5313 -0.2051 0.8220
vn -0.8588 -0.3392 0.3839
vn -0.6528 -0.3151 -0.6889
vn -0.0786 0.9470 -0.3116
vn -0.6031 0.5977 -0.5283
vn -0.6706 0.3612 -0.6479
vn -0.7057 -0.0208 -0.7082
vn -0.6377 -0.3167 -0.7022
vn -0.8562 0.2441 0.4553
vn -0.8965 -0.0696 0.4374
vn -0.8983 0.0551 0.4359
vn -0.8755 -0.3157 0.3659
vn -0.3609 0.0523 0.9311
vn -0.4324 -0.0812 0.8980
vn -0.4244 0.2146 0.8797
vn -0.4746 -0.2976 0.8283
vn -0.1727 -0.3701 -0.9128
vn -0.2029 0.0288 -0.9788
vn -0.1850 0.4796 -0.8577
vn -0.1976 -0.3103 -0.9299
vn -0.1621 0.6793 -0.7157
vn 0.0039 -0.9729 -0.2311
vn -0.6766 0.5920 0.4379
vn -0.8115 -0.2764 -0.5149
vn -0.8615 -0.0689 -0.5031
vn -0.8482 0.2235 -0.4803
vn -0.7604 0.5483 -0.3481
vn -0.7827 -0.3654 -0.5038
vn -0.9968 -0.0549 0.0587
vn -0.9705 -0.2402 -0.0197
vn -0.9224 -0.3607 -0.1384
vn -0.9168 0.3712 0.1472
vn -0.9959 -0.0214 0.0884
vn -0.4123 0.8459 -0.3383
vn -0.6146 0.7743 -0.1508
vn -0.2943 0.9506 -0.0983
vn -0.3033 0.9429 0.1373
vn -0.2359 0.6869 0.6874
vn -0.0968 0.9584 0.2685
vn -0.0629 0.9879 -0.1419
vn -0.7347 0.6737 0.0800
vn -0.4639 -0.8190 0.3377
vn -0.5642 -0.7795 -0.2721
vn -0.8885 -0.0902 0.4500
vn -0.1577 -0.9860 0.0545
vn -0.2048 0.0003 -0.9788
vn -0.9859 -0.1023 -0.1324
vn -0.8430 0.2325 -0.4850
vn -0.8379 -0.0924 -0.5379
vn -0.9245 0.0411 -0.3790
vn -0.7507 0.1002 -0.6530
vn -0.4616 0.8353 -0.2985
vn -0.8481 0.5299 0.0049
vn -0.4221 -0.0742 0.9035
vn -0.8709 0.4458 0.2069
vn -0.9432 -0.1336 0.3043
vn -0.1990 0.3804 -0.9031
vn -0.6738 -0.0940 0.7329
vn -0.5140 0.5038 -0.6943
vn 0.0926 0.2158 -0.9720
vn 0.1411 0.2150 -0.9664
vn 0.5739 0.6992 -0.4264
vn 0.8240 -0.5652 -0.0394
vn 0.5479 0.7119 -0.4394
vn -0.7998 0.5620 0.2110
vn -0.5065 -0.7480 0.4290
vn -0.1261 -0.4032 -0.9064
vn 0.1000 0.4878 0.8672
vn 0.2046 0.6612 0.7218
vn 0.0846 0.4965 0.8639
vn -0.0298 -0.2673 -0.9632
vn -0.1439 -0.4390 -0.8869
vn -0.6775 0.7210 0.1455
vn -0.7385 0.6413 0.2082
vn 0.8178 -0.5752 -0.0189
vn 0.8171 -0.5762 -0.0210
vn 0.8163 -0.5772 -0.0232
vn 0.8560 -0.4949 0.1494
vn 0.8332 -0.5523 0.0277
vn 0.8691 -0.4748 0.1384
vn 0.8410 -0.5401 0.0332
vn -0.8620 0.4181 -0.2865
vn -0.8416 0.5347 -0.0767
vn -0.8076 0.4815 -0.3405
vn -0.8101 0.5781 -0.0981
vn -0.4767 -0.7604 0.4411
vn -0.5230 -0.7368 0.4284
vn -0.8983 0.3838 -0.2139
vn -0.8928 0.4499 -0.0203
vn 0.5424 0.6584 -0.5218
vn 0.5688 0.6579 -0.4936
vn 0.8678 -0.4793 0.1310
vn 0.8489 -0.5286 0.0033
vn 0.2207 0.3816 0.8976
vn -0.2832 -0.8557 0.4331
vn -0.9190 0.3883 0.0690
vn 0.9190 -0.3883 -0.0690
vn -0.2130 -0.3780 -0.9010
vn -0.4509 -0.7862 0.4225
vn 0.2452 0.3584 0.9008
vn 0.4509 0.7862 -0.4225
vn -0.8674 0.4946 -0.0546
vn 0.8664 -0.4969 0.0494
vn -0.2180 -0.4005 -0.8900
vn 0.0675 0.9037 -0.4228
vn 0.2180 0.4005 0.8900
vn -0.9679 0.1957 0.1576
vn 0.9679 -0.1957 -0.1576
vn -0.2191 -0.4392 -0.8713
vn -0.2482 -0.8731 0.4195
vn 0.2414 0.3744 0.8953
vn 0.2483 0.8731 -0.4195
vn -0.9485 0.3143 0.0387
vn 0.9476 -0.3165 -0.0437
vn -0.1659 -0.4770 -0.8631
vn 0.2157 -0.8971 0.3856
vn 0.1914 0.3712 0.9086
vn -0.2157 0.8971 -0.3856
vn -0.9594 -0.1154 0.2574
vn 0.9736 0.0412 -0.2247
vn -0.2086 -0.6507 -0.7301
vn -0.0695 -0.9099 0.4091
vn 0.2318 0.3942 0.8893
vn 0.0701 0.9098 -0.4091
vn -0.9827 0.1505 0.1082
vn 0.9818 -0.1526 -0.1130
vn 0.1668 0.4749 0.8641
vn -0.2491 -0.3369 0.9080
vn 0.4279 0.8212 0.3776
vn 0.0962 0.4468 0.8895
vn -0.8131 0.5821 0.0079
vn 0.8355 -0.5455 0.0659
vn 0.0698 -0.4519 0.8894
vn 0.1443 -0.5279 0.8370
vn 0.4017 0.7968 0.4514
vn 0.4038 0.8021 0.4400
vn -0.8811 0.2865 0.3763
vn 0.8819 -0.2816 -0.3782
vn -0.2946 0.5981 -0.7453
vn 0.3002 -0.6561 0.6924
vn 0.3676 0.8021 0.4707
vn 0.4068 0.7238 0.5574
vn -0.7159 -0.0479 0.6965
vn 0.7533 0.0050 -0.6577
vt 0.000000 0.000000
vt 1.000000 0.000000
vt 1.000000 1.000000
vt 0.097989 1.000000
vt 0.042556 0.042556
vt 1.000000 0.900000
vt 0.903755 1.000000
vt 0.897899 0.900000
vt 0.772576 1.000000
vt 0.791823 0.900000
vt 0.631606 0.900000
vt 0.629690 1.000000
vt 0.584311 1.000000
vt 0.571679 0.900000
vt 0.750000 0.125878
vt 0.849593 0.126963
vt 0.848965 0.051611
vt 0.750000 0.033767
vt 0.641874 0.500000
vt 0.635621 0.600000
vt 0.568086 0.600000
vt 0.573778 0.500000
vt 0.635925 0.700000
vt 0.571679 0.700000
vt 0.635925 0.800000
vt 0.571679 0.800000
vt 0.880409 0.500000
vt 0.880409 0.600000
vt 0.784316 0.600000
vt 0.776839 0.500000
vt 0.880409 0.700000
vt 0.800122 0.700000
vt 0.880409 0.800000
vt 0.788925 0.800000
vt 1.000000 0.500000
vt 1.000000 0.600000
vt 1.000000 0.700000
vt 1.000000 0.800000
vt 0.500000 0.900000
vt 0.500000 0.800000
vt 0.500000 0.700000
vt 0.500000 0.600000
vt 0.500000 1.000000
vt 0.500000 0.500000
vt 0.378352 0.428189
vt 0.250000 0.490000
vt 0.250000 0.033767
vt 0.363092 0.054159
vt 0.406507 0.101381
vt 0.464658 0.172489
vt 0.462701 0.268880
vt 0.896083 0.324305
vt 0.907080 0.414354
vt 0.963690 0.285502
vt 0.938411 0.262828
vt 0.707302 0.800000
vt 0.707455 0.900000
vt 0.714286 0.700000
vt 0.714286 0.600000
vt 0.714286 0.500000
vt 0.693067 1.000000
vt 0.925896 0.148339
vt 0.918164 0.114061
vt 0.938888 0.222527
vt 0.983983 0.196595
vt 0.881486 0.228028
vt 0.750000 0.490000
vt 0.750000 0.375942
vt 0.750000 0.248637
vt 0.922146 1.000000
vt 0.805476 1.000000
vt 0.456958 0.314996
vt 0.479542 0.216052
vt 0.418164 0.114061
vt 0.641874 1.000000
vt 0.482937 0.201178
vt 0.414749 0.109327
vt 0.859652 1.000000
vt 0.469099 0.261803
vt 0.743443 1.000000
vt 0.638561 1.000000
vt 0.562312 0.166667
vt 0.625000 0.166667
vt 0.625000 0.250000
vt 0.562312 0.250000
vt 0.625000 0.500000
vt 0.562312 0.500000
vt 0.562312 0.666667
vt 0.625000 0.666667
vt 0.625000 0.750000
vt 0.562312 0.750000
vt 0.625000 1.000000
vt 0.562312 1.000000
vt 0.125000 0.665100
vt 0.375000 0.665100
vt 0.375000 0.750000
vt 0.125000 0.750000
vt 0.875000 0.666667
vt 0.875000 0.750000
vt 0.875000 0.500000
vt 0.875000 0.583333
vt 0.625000 0.583333
vt 0.125000 0.500000
vt 0.375000 0.500000
vt 0.375000 0.583333
vt 0.125000 0.583333
vt 0.562312 0.583333
vt 0.562312 0.000000
vt 0.625000 0.000000
vt 0.625000 0.083333
vt 0.562312 0.083333
vt 0.375000 0.084900
vt 0.430607 0.083333
vt 0.430607 0.166667
vt 0.375000 0.166667
vt 0.375000 0.000000
vt 0.430607 0.000000
vt 0.432306 0.583333
vt 0.427473 0.666578
vt 0.430607 0.500000
vt 0.427839 0.750000
vt 0.430607 1.000000
vt 0.375000 1.000000
vt 0.375000 0.250000
vt 0.430607 0.250000
vt 0.433791 0.000000
vt 0.433791 0.250000
vt 0.433791 0.500000
vt 0.433791 0.750000
vt 0.433791 1.000000
vt 0.125413 0.501886
vt 0.125413 0.751886
vt 0.433791 0.250000
vt 0.432076 0.498413
vt 0.432052 0.751563
vt 0.124278 0.500824
vt 0.124278 0.750833
vt 0.433742 0.257065
vt 0.625000 0.257110
vt 0.133032 0.500755
vt 0.867890 0.500000
vt 0.433021 0.013564
vt 0.433465 0.297230
vt 0.625000 0.297531
vt 0.624381 0.013427
vt 0.433719 0.989673
vt 0.625000 0.989608
vt 0.182798 0.500366
vt 0.137071 0.750863
vt 0.864608 0.750000
vt 0.827469 0.500000
vt 0.458194 0.000000
vt 0.458193 0.250000
vt 0.458194 0.500000
vt 0.458194 0.750000
vt 0.458194 1.000000
vt 0.130409 0.501318
vt 0.142517 0.743313
vt 0.458193 0.250000
vt 0.458194 0.500000
vt 0.458193 0.250000
vt 0.458193 0.500000
vt 0.458193 0.250000
vt 0.458194 0.500000
vt 0.458194 0.250000
vt 0.458193 0.500000
s 1
usemtl Skin
f 751/10/1086 1128/10/1086 1147/10/1086
f 1147/10/1087 753/10/1087 752/10/1087 751/10/1087
f 753/10/1088 782/10/1088 781/10/1088 752/10/1088
f 750/10/1089 751/10/1089 752/10/1089 900/10/1089
f 1139/10/1133 745/10/1133 746/10/1133 1141/10/1133
f 746/10/1141 745/10/1141 747/10/1141 762/10/1141
f 746/10/1142 762/10/1142 761/10/1142 755/10/1142
f 746/10/1143 755/10/1143 1153/10/1143 1141/10/1143
f 1153/10/1144 755/10/1144 1152/10/1144
f 754/10/1145 1152/10/1145 755/10/1145 756/10/1145
f 1152/10/1146 754/10/1146 1151/10/1146
f 754/10/1147 753/10/1147 1147/10/1147 1151/10/1147
f 753/10/1148 754/10/1148 757/10/1148 782/10/1148
f 780/10/1149 900/10/1149 752/10/1149 781/10/1149
f 750/10/1150 900/10/1150 764/10/1150 749/10/1150
f 748/10/1155 763/10/1155 762/10/1155 747/10/1155
f 762/10/1156 763/10/1156 761/10/1156
f 755/10/1157 761/10/1157 760/10/1157 756/10/1157
f 761/10/1158 763/10/1158 760/10/1158
f 749/10/1159 764/10/1159 763/10/1159 748/10/1159
f 764/10/1160 770/10/1160 765/10/1160 763/10/1160
f 764/10/1161 900/10/1161 780/10/1161 770/10/1161
f 779/10/1162 778/10/1162 784/10/1162 785/10/1162
f 778/10/1163 779/10/1163 780/10/1163 781/10/1163
f 777/10/1164 778/10/1164 781/10/1164 782/10/1164
f 757/10/1165 758/10/1165 777/10/1165 782/10/1165
f 756/10/1166 759/10/1166 757/10/1166 754/10/1166
f 759/10/1167 756/10/1167 760/10/1167 766/10/1167
f 760/10/1168 763/10/1168 765/10/1168 766/10/1168
f 769/10/1169 765/10/1169 770/10/1169 771/10/1169
f 770/10/1170 780/10/1170 779/10/1170 771/10/1170
f 772/10/1171 771/10/1171 779/10/1171 785/10/1171
f 769/10/1172 771/10/1172 772/10/1172 773/10/1172
f 765/10/1173 769/10/1173 768/10/1173 766/10/1173
f 766/10/1174 768/10/1174 767/10/1174 759/10/1174
f 758/10/1175 757/10/1175 759/10/1175 767/10/1175
f 778/10/1176 777/10/1176 783/10/1176 784/10/1176
f 784/10/1177 787/10/1177 786/10/1177 785/10/1177
f 786/10/1178 793/10/1178 772/10/1178 785/10/1178
f 772/10/1179 793/10/1179 792/10/1179 773/10/1179
f 703/10/1202 706/10/1202 705/10/1202 704/10/1202
f 695/10/1210 694/10/1210 703/10/1210 704/10/1210
f 774/10/1244 768/10/1244 769/10/1244 773/10/1244
f 775/10/1245 767/10/1245 768/10/1245 774/10/1245
f 776/10/1246 758/10/1246 767/10/1246 775/10/1246
f 783/10/1247 777/10/1247 758/10/1247 776/10/1247
f 783/10/1248 788/10/1248 787/10/1248 784/10/1248
f 788/10/1249 783/10/1249 776/10/1249 789/10/1249
f 775/10/1250 790/10/1250 789/10/1250 776/10/1250
f 774/10/1251 791/10/1251 790/10/1251 775/10/1251
f 773/10/1252 792/10/1252 791/10/1252 774/10/1252
f 793/10/1253 797/10/1253 792/10/1253
f 796/10/1254 792/10/1254 797/10/1254
f 796/10/1255 797/10/1255 795/10/1255
f 795/10/1256 797/10/1256 794/10/1256
f 794/10/1257 797/10/1257 793/10/1257
f 793/10/1258 786/10/1258 794/10/1258
f 787/10/1259 804/10/1259 794/10/1259 786/10/1259
f 787/10/1260 788/10/1260 801/10/1260 804/10/1260
f 801/10/1261 788/10/1262 800/10/1263
f 788/10/1262 789/10/1264 800/10/1263
f 790/10/1265 800/10/1265 789/10/1265
f 799/10/1266 800/10/1266 790/10/1266
f 791/10/1267 798/10/1267 799/10/1267 790/10/1267
f 792/10/1268 796/10/1268 798/10/1268 791/10/1268
f 798/10/1269 796/10/1269 809/10/1269 810/10/1269
f 799/10/1270 798/10/1270 810/10/1270 811/10/1270
f 800/10/1271 799/10/1271 803/10/1271
f 800/10/1272 803/10/1272 802/10/1272 801/10/1272
f 802/10/1273 805/10/1273 804/10/1273 801/10/1273
f 794/10/1274 804/10/1274 805/10/1274 806/10/1274
f 795/10/1275 794/10/1275 806/10/1275
f 808/10/1276 815/10/1276 809/10/1276 796/10/1276
f 796/10/1277 795/10/1277 807/10/1277 808/10/1277
f 806/10/1278 816/10/1278 807/10/1278 795/10/1278
f 805/10/1279 817/10/1279 816/10/1279 806/10/1279
f 802/10/1280 818/10/1280 817/10/1280 805/10/1280
f 803/10/1281 819/10/1281 818/10/1281 802/10/1281
f 803/10/1282 799/10/1282 812/10/1282 819/10/1282
f 820/10/1283 830/10/1284 836/10/1285 837/10/1285
f 837/10/1286 838/10/1286 821/10/1287 820/10/1288
f 831/10/1289 822/10/1290 821/10/1291 838/10/1289
f 823/10/1292 822/10/1293 831/10/1294 832/10/1294
f 828/10/1295 823/10/1296 832/10/1297 833/10/1297
f 827/10/1298 828/10/1299 833/10/1300 834/10/1300
f 829/10/1301 827/10/1302 834/10/1303 835/10/1303
f 830/10/1304 829/10/1305 835/10/1306 836/10/1306
f 818/10/1307 830/10/1284 820/10/1283 817/10/1307
f 821/10/1287 816/10/1308 817/10/1308 820/10/1288
f 822/10/1290 807/10/1309 816/10/1309 821/10/1291
f 823/10/1292 808/10/1310 807/10/1310 822/10/1293
f 815/10/1311 808/10/1311 823/10/1311 824/10/1311
f 814/10/1312 815/10/1312 824/10/1312 825/10/1312
f 809/10/1313 815/10/1313 814/10/1313 810/10/1313
f 810/10/1314 814/10/1314 813/10/1314 811/10/1314
f 811/10/1315 813/10/1315 812/10/1315 799/10/1315
f 813/10/1316 814/10/1316 825/10/1316 826/10/1316
f 825/10/1317 824/10/1317 823/10/1296 828/10/1295
f 825/10/1318 828/10/1299 827/10/1298 826/10/1318
f 812/10/1319 813/10/1319 826/10/1319 827/10/1319
f 829/10/1301 819/10/1320 812/10/1320 827/10/1302
f 830/10/1304 818/10/1321 819/10/1321 829/10/1305
f 835/10/1322 842/10/1322 841/10/1322 836/10/1322
f 840/10/1323 837/10/1323 836/10/1323 841/10/1323
f 839/10/1324 838/10/1324 837/10/1324 840/10/1324
f 838/10/1325 846/10/1325 831/10/1325
f 834/10/1326 843/10/1326 842/10/1326 835/10/1326
f 832/10/1327 845/10/1327 844/10/1327 833/10/1327
f 833/10/1328 844/10/1328 843/10/1328 834/10/1328
f 841/10/1329 842/10/1329 861/10/1329 862/10/1329
f 841/10/1330 862/10/1330 847/10/1330 840/10/1330
f 839/10/1331 840/10/1331 847/10/1331 848/10/1331
f 839/10/1332 848/10/1332 846/10/1332 838/10/1332
f 863/10/1333 866/10/1333 862/10/1333
f 862/10/1334 861/10/1334 863/10/1334
f 863/10/1335 861/10/1335 864/10/1335 865/10/1335
f 860/10/1336 864/10/1336 861/10/1336 842/10/1336
f 859/10/1337 860/10/1337 842/10/1337 843/10/1337
f 844/10/1338 868/10/1338 859/10/1338 843/10/1338
f 845/10/1339 832/10/1339 831/10/1339 846/10/1339
f 844/10/1340 845/10/1340 853/10/1340 868/10/1340
f 846/10/1341 849/10/1341 851/10/1341 852/10/1341
f 849/10/1342 848/10/1342 850/10/1342
f 848/10/1343 849/10/1343 846/10/1343
f 850/10/1344 854/10/1344 851/10/1344 849/10/1344
f 852/10/1345 853/10/1345 845/10/1345 846/10/1345
f 850/10/1346 848/10/1346 855/10/1346
f 855/10/1347 848/10/1347 847/10/1347 856/10/1347
f 856/10/1348 847/10/1348 862/10/1348 866/10/1348
f 857/10/1349 856/10/1349 866/10/1349 867/10/1349
f 865/10/1350 867/10/1350 866/10/1350 863/10/1350
f 855/10/1351 856/10/1351 857/10/1351 858/10/1351
f 854/10/1352 850/10/1352 855/10/1352 858/10/1352
f 857/10/1353 871/10/1353 854/10/1353 858/10/1353
f 865/10/1354 871/10/1354 857/10/1354 867/10/1354
f 854/10/1355 871/10/1355 870/10/1355 851/10/1355
f 870/10/1356 871/10/1356 865/10/1356 864/10/1356
f 851/10/1357 870/10/1357 869/10/1357 852/10/1357
f 869/10/1358 870/10/1358 864/10/1358 860/10/1358
f 852/10/1359 869/10/1359 868/10/1359 853/10/1359
f 869/10/1360 860/10/1360 859/10/1360 868/10/1360
f 1311/15/1362 1301/12/1362 902/16/1362 907/17/1362
f 907/17/1363 902/16/1363 925/18/1363 929/19/1363
f 924/20/1364 920/21/1364 906/22/1364 915/23/1364
f 1344/24/1365 931/25/1365 905/26/1365 1324/27/1365
f 919/28/1366 921/29/1366 918/30/1366 905/31/1366
f 921/29/1367 922/32/1367 917/33/1367 918/30/1367
f 922/32/1368 923/34/1368 916/35/1368 917/33/1368
f 923/34/1369 924/20/1369 915/23/1369 916/35/1369
f 901/36/1370 910/37/1370 928/38/1370 927/39/1370
f 910/37/1371 909/40/1371 926/41/1371 928/38/1371
f 909/40/1372 908/42/1372 930/43/1372 926/41/1372
f 908/42/1373 907/17/1373 929/19/1373 930/43/1373
f 1300/44/1374 1308/45/1374 910/37/1374 901/36/1374
f 1308/45/1375 1309/46/1375 909/40/1375 910/37/1375
f 1309/46/1376 1310/47/1376 908/42/1376 909/40/1376
f 1310/47/1377 1311/15/1377 907/17/1377 908/42/1377
f 916/35/1378 915/23/1378 1329/48/1378 1328/49/1378
f 917/33/1379 916/35/1379 1328/49/1379 1327/50/1379
f 918/30/1380 917/33/1380 1327/50/1380 1326/51/1380
f 915/23/1381 906/22/1381 1325/52/1381 1329/48/1381
f 905/31/1382 918/30/1382 1326/51/1382 1324/53/1382
f 902/54/1383 1301/55/1384 1325/56/1384 906/57/1383 920/58/1383 904/59/1383 925/60/1383
f 933/61/1385 901/62/1385 927/63/1385 936/64/1385
f 912/65/1386 911/66/1386 924/20/1386 923/34/1386
f 913/67/1387 912/65/1387 923/34/1387 922/32/1387
f 914/68/1388 913/67/1388 922/32/1388 921/29/1388
f 903/69/1389 914/68/1389 921/29/1389 919/28/1389
f 911/66/1390 904/70/1390 920/21/1390 924/20/1390
f 926/41/1391 930/43/1391 912/65/1391 913/67/1391
f 930/43/1392 929/19/1392 911/66/1392 912/65/1392
f 929/19/1393 925/18/1393 904/70/1393 911/66/1393
f 927/39/1394 928/38/1394 914/68/1394 903/69/1394
f 928/38/1395 926/41/1395 913/67/1395 914/68/1395
f 905/26/1396 931/25/1396 934/71/1396 919/72/1396
f 919/72/1397 934/71/1397 935/73/1397 903/74/1397
f 931/25/1398 932/75/1398 935/73/1398 934/71/1398
f 932/75/1399 933/61/1399 936/64/1399 935/73/1399
f 1300/76/1400 901/62/1400 933/61/1400 1342/77/1400
f 1342/77/1401 933/61/1401 932/75/1401 1343/78/1401
f 1343/78/1402 932/75/1402 931/25/1402 1344/24/1402
f 903/74/1403 935/73/1403 936/64/1403 927/63/1403
f 902/16/1404 937/79/1404 941/80/1405 925/18/1406
f 1301/12/1407 1351/12/1407 937/79/1407 902/16/1407
f 906/22/1408 939/22/1408 1355/52/1408 1325/52/1408
f 904/59/1409 925/60/1406 941/81/1405 938/82/1409
f 920/58/1410 904/59/1411 938/82/1411 940/83/1412
f 920/21/1410 940/84/1412 939/22/1413 906/22/1413
f 940/83/1414 938/82/1415 723/85/1415 722/86/1110
f 1351/12/1416 688/12/1416 689/87/1416 937/79/1416
f 938/82/1417 941/81/1418 724/88/1097 723/85/1417
f 939/22/1419 721/22/1113 1105/52/1112 1355/52/1419
f 937/79/1420 689/87/1039 724/89/1097 941/80/1418
f 940/84/1414 722/90/1110 721/22/1109 939/22/1421
f 972/91/1422 953/92/1422 945/93/1422 960/94/1422
f 960/94/1423 945/93/1423 949/95/1423 962/96/1423
f 968/97/1424 957/98/1424 947/99/1424 964/100/1424
f 964/100/1425 947/99/1425 943/101/1425 959/102/1425
f 951/103/1426 954/104/1426 946/105/1426 942/106/1426
f 957/98/1427 952/107/1427 943/108/1427 947/99/1427
f 949/95/1428 945/109/1428 953/110/1428 956/111/1428
f 956/111/1429 953/110/1429 952/107/1429 957/98/1429
f 944/112/1430 948/113/1430 955/114/1430 950/115/1430
f 950/115/1431 955/114/1431 954/104/1431 951/103/1431
f 962/96/1432 949/95/1432 956/111/1432 966/116/1432
f 966/116/1433 956/111/1433 957/98/1433 968/97/1433
f 959/117/1434 943/118/1434 952/119/1435 970/120/1435
f 970/120/1435 952/119/1435 953/92/1436 972/91/1436
f 951/121/1437 971/122/1437 973/123/1437 950/124/1437
f 971/122/1438 970/120/1438 972/91/1438 973/123/1438
f 942/125/1439 958/126/1439 971/122/1439 951/121/1439
f 958/126/1440 959/117/1440 970/120/1440 971/122/1440
f 955/114/1441 967/127/1441 969/128/1441 954/104/1441
f 967/127/1442 966/116/1442 968/97/1442 969/128/1442
f 948/113/1443 963/129/1443 967/127/1443 955/114/1443
f 963/129/1444 962/96/1444 966/116/1444 967/127/1444
f 946/105/1445 965/130/1445 958/131/1445 942/132/1445
f 965/130/1446 964/100/1446 959/102/1446 958/131/1446
f 954/104/1447 969/128/1447 965/130/1447 946/105/1447
f 969/128/1448 968/97/1448 964/100/1448 965/130/1448
f 944/133/1449 961/134/1449 963/129/1449 948/113/1449
f 961/134/1450 960/94/1450 962/96/1450 963/129/1450
f 950/124/1451 973/123/1451 961/134/1451 944/133/1451
f 973/123/1452 972/91/1452 960/94/1452 961/134/1452
f 974/135/1453 976/136/1453 977/93/1453 975/118/1453
f 976/136/1454 980/137/1454 981/95/1454 977/93/1454
f 980/137/1455 978/138/1455 979/99/1455 981/95/1455
f 978/138/1456 974/139/1456 975/101/1456 979/99/1456
f 976/140/1457 974/141/1457 978/138/1457 980/137/1457
f 981/95/1458 979/99/1458 975/108/1458 977/109/1458
f 982/135/1459 984/142/1459 985/93/1459 983/118/1459
f 984/142/1460 988/143/1460 989/95/1460 985/93/1460
f 988/143/1461 986/144/1461 987/99/1461 989/95/1461
f 986/144/1462 982/139/1462 983/101/1462 987/99/1462
f 984/145/1463 982/146/1463 986/144/1463 988/143/1463
f 989/95/1464 987/99/1464 983/108/1464 985/109/1464
f 990/135/1465 992/136/1465 993/93/1465 991/118/1465
f 992/136/1466 996/137/1466 997/95/1466 993/93/1466
f 996/137/1467 994/138/1467 995/99/1467 997/95/1467
f 994/138/1468 990/139/1468 991/101/1468 995/99/1468
f 992/140/1469 990/141/1469 994/138/1469 996/137/1469
f 997/95/1470 995/99/1470 991/108/1470 993/109/1470
f 998/135/1471 1000/147/1471 1001/148/1471 999/118/1471
f 1000/147/1472 1004/143/1472 1005/95/1472 1001/148/1472
f 1004/143/1473 1002/144/1473 1003/99/1473 1005/95/1473
f 1002/144/1474 998/139/1474 999/101/1474 1003/99/1474
f 1000/149/1475 998/146/1475 1002/144/1475 1004/143/1475
f 1005/95/1476 1003/99/1476 999/108/1476 1001/150/1476
f 1006/135/1477 1008/136/1477 1009/93/1477 1007/118/1477
f 1008/136/1478 1012/137/1478 1013/95/1478 1009/93/1478
f 1012/137/1479 1010/138/1479 1011/99/1479 1013/95/1479
f 1010/138/1480 1006/139/1480 1007/101/1480 1011/99/1480
f 1008/140/1481 1006/141/1481 1010/138/1481 1012/137/1481
f 1013/95/1482 1011/99/1482 1007/108/1482 1009/109/1482
f 1014/151/1483 1016/152/1483 1017/153/1483 1015/154/1483
f 1016/152/1484 1020/143/1484 1021/95/1484 1017/153/1484
f 1020/143/1485 1018/144/1485 1019/99/1485 1021/95/1485
f 1018/144/1486 1014/155/1486 1015/156/1486 1019/99/1486
f 1016/157/1487 1014/158/1487 1018/144/1487 1020/143/1487
f 1021/95/1488 1019/99/1488 1015/159/1488 1017/160/1488
f 1022/161/1489 1023/118/1489 1025/93/1489 1024/162/1489
f 1024/162/1490 1028/163/1490 1029/95/1490 1025/93/1490
f 1028/163/1491 1026/164/1491 1027/99/1491 1029/95/1491
f 1026/164/1492 1027/99/1492 1023/101/1492 1022/165/1492
f 1024/166/1493 1022/167/1493 1026/164/1493 1028/163/1493
f 1029/95/1494 1027/99/1494 1023/108/1494 1025/109/1494
f 1030/168/1495 1032/169/1495 1033/95/1495 1031/93/1495
f 1035/170/1496 1036/171/1496 1037/95/1496 1034/93/1496
f 1030/168/1497 1031/93/1497 1034/93/1497 1035/170/1497
f 1033/95/1498 1037/95/1498 1036/171/1498 1032/169/1498
f 1032/169/1499 1036/171/1499 1035/170/1499 1030/168/1499
f 1031/93/1500 1034/93/1500 1037/95/1500 1033/95/1500
f 1038/172/1501 1040/173/1501 1041/95/1501 1039/93/1501
f 1043/174/1502 1044/175/1502 1045/95/1502 1042/93/1502
f 1038/172/1503 1039/93/1503 1042/93/1503 1043/174/1503
f 1041/95/1504 1045/95/1504 1044/175/1504 1040/173/1504
f 1040/173/1505 1044/175/1505 1043/174/1505 1038/172/1505
f 1039/93/1506 1042/93/1506 1045/95/1506 1041/95/1506
f 1146/10/1556 1147/10/1556 1128/10/1556
f 1147/10/1557 1146/10/1557 1148/10/1557 1149/10/1557
f 1149/10/1558 1148/10/1558 1180/10/1558 1181/10/1558
f 1145/10/1559 1299/10/1559 1148/10/1559 1146/10/1559
f 1139/10/1603 1141/10/1603 1140/10/1603 1138/10/1603
f 1140/10/1611 1161/10/1611 1142/10/1611 1138/10/1611
f 1140/10/1612 1154/10/1612 1160/10/1612 1161/10/1612
f 1140/10/1613 1141/10/1613 1153/10/1613 1154/10/1613
f 1153/10/1614 1152/10/1614 1154/10/1614
f 1150/10/1615 1155/10/1615 1154/10/1615 1152/10/1615
f 1152/10/1616 1151/10/1616 1150/10/1616
f 1150/10/1617 1151/10/1617 1147/10/1617 1149/10/1617
f 1149/10/1618 1181/10/1618 1156/10/1618 1150/10/1618
f 1179/10/1619 1180/10/1619 1148/10/1619 1299/10/1619
f 1145/10/1620 1144/10/1620 1163/10/1620 1299/10/1620
f 1143/10/1625 1142/10/1625 1161/10/1625 1162/10/1625
f 1161/10/1626 1160/10/1626 1162/10/1626
f 1154/10/1627 1155/10/1627 1159/10/1627 1160/10/1627
f 1160/10/1628 1159/10/1628 1162/10/1628
f 1144/10/1629 1143/10/1629 1162/10/1629 1163/10/1629
f 1163/10/1630 1162/10/1630 1164/10/1630 1169/10/1630
f 1163/10/1631 1169/10/1631 1179/10/1631 1299/10/1631
f 1178/10/1632 1184/10/1632 1183/10/1632 1177/10/1632
f 1177/10/1633 1180/10/1633 1179/10/1633 1178/10/1633
f 1176/10/1634 1181/10/1634 1180/10/1634 1177/10/1634
f 1156/10/1635 1181/10/1635 1176/10/1635 1157/10/1635
f 1155/10/1636 1150/10/1636 1156/10/1636 1158/10/1636
f 1158/10/1637 1165/10/1637 1159/10/1637 1155/10/1637
f 1159/10/1638 1165/10/1638 1164/10/1638 1162/10/1638
f 1168/10/1639 1170/10/1639 1169/10/1639 1164/10/1639
f 1169/10/1640 1170/10/1640 1178/10/1640 1179/10/1640
f 1171/10/1641 1184/10/1641 1178/10/1641 1170/10/1641
f 1168/10/1642 1172/10/1642 1171/10/1642 1170/10/1642
f 1164/10/1643 1165/10/1643 1167/10/1643 1168/10/1643
f 1165/10/1644 1158/10/1644 1166/10/1644 1167/10/1644
f 1157/10/1645 1166/10/1645 1158/10/1645 1156/10/1645
f 1177/10/1646 1183/10/1646 1182/10/1646 1176/10/1646
f 1183/10/1647 1184/10/1647 1185/10/1647 1186/10/1647
f 1185/10/1648 1184/10/1648 1171/10/1648 1192/10/1648
f 1171/10/1649 1172/10/1649 1191/10/1649 1192/10/1649
f 1084/10/1672 1085/10/1672 1086/10/1672 1087/10/1672
f 1076/10/1680 1085/10/1680 1084/10/1680 1075/10/1680
f 1173/10/1715 1172/10/1715 1168/10/1715 1167/10/1715
f 1174/10/1716 1173/10/1716 1167/10/1716 1166/10/1716
f 1175/10/1717 1174/10/1717 1166/10/1717 1157/10/1717
f 1182/10/1718 1175/10/1718 1157/10/1718 1176/10/1718
f 1182/10/1719 1183/10/1719 1186/10/1719 1187/10/1719
f 1187/10/1720 1188/10/1720 1175/10/1720 1182/10/1720
f 1174/10/1721 1175/10/1721 1188/10/1721 1189/10/1721
f 1173/10/1722 1174/10/1722 1189/10/1722 1190/10/1722
f 1172/10/1723 1173/10/1723 1190/10/1723 1191/10/1723
f 1192/10/1724 1191/10/1724 1196/10/1724
f 1195/10/1725 1196/10/1725 1191/10/1725
f 1195/10/1726 1194/10/1726 1196/10/1726
f 1194/10/1727 1193/10/1727 1196/10/1727
f 1193/10/1728 1192/10/1728 1196/10/1728
f 1192/10/1729 1193/10/1729 1185/10/1729
f 1186/10/1730 1185/10/1730 1193/10/1730 1203/10/1730
f 1186/10/1731 1203/10/1731 1200/10/1731 1187/10/1731
f 1200/10/1732 1199/10/1733 1187/10/1734
f 1187/10/1734 1199/10/1733 1188/10/1735
f 1189/10/1736 1188/10/1736 1199/10/1736
f 1198/10/1737 1189/10/1737 1199/10/1737
f 1190/10/1738 1189/10/1738 1198/10/1738 1197/10/1738
f 1191/10/1739 1190/10/1739 1197/10/1739 1195/10/1739
f 1197/10/1740 1209/10/1740 1208/10/1740 1195/10/1740
f 1198/10/1741 1210/10/1741 1209/10/1741 1197/10/1741
f 1199/10/1742 1202/10/1742 1198/10/1742
f 1199/10/1743 1200/10/1743 1201/10/1743 1202/10/1743
f 1201/10/1744 1200/10/1744 1203/10/1744 1204/10/1744
f 1193/10/1745 1205/10/1745 1204/10/1745 1203/10/1745
f 1194/10/1746 1205/10/1746 1193/10/1746
f 1207/10/1747 1195/10/1747 1208/10/1747 1214/10/1747
f 1195/10/1748 1207/10/1748 1206/10/1748 1194/10/1748
f 1205/10/1749 1194/10/1749 1206/10/1749 1215/10/1749
f 1204/10/1750 1205/10/1750 1215/10/1750 1216/10/1750
f 1201/10/1751 1204/10/1751 1216/10/1751 1217/10/1751
f 1202/10/1752 1201/10/1752 1217/10/1752 1218/10/1752
f 1202/10/1753 1218/10/1753 1211/10/1753 1198/10/1753
f 1219/10/1754 1236/10/1755 1235/10/1755 1229/10/1756
f 1236/10/1757 1219/10/1758 1220/10/1759 1237/10/1757
f 1230/10/1760 1237/10/1760 1220/10/1761 1221/10/1762
f 1222/10/1763 1231/10/1764 1230/10/1764 1221/10/1765
f 1227/10/1766 1232/10/1767 1231/10/1767 1222/10/1768
f 1226/10/1769 1233/10/1770 1232/10/1770 1227/10/1771
f 1228/10/1772 1234/10/1773 1233/10/1773 1226/10/1774
f 1229/10/1775 1235/10/1776 1234/10/1776 1228/10/1777
f 1217/10/1778 1216/10/1778 1219/10/1754 1229/10/1756
f 1220/10/1759 1219/10/1758 1216/10/1779 1215/10/1779
f 1221/10/1762 1220/10/1761 1215/10/1780 1206/10/1780
f 1222/10/1763 1221/10/1765 1206/10/1781 1207/10/1781
f 1214/10/1782 1223/10/1782 1222/10/1782 1207/10/1782
f 1213/10/1783 1224/10/1783 1223/10/1783 1214/10/1783
f 1208/10/1784 1209/10/1784 1213/10/1784 1214/10/1784
f 1209/10/1785 1210/10/1785 1212/10/1785 1213/10/1785
f 1210/10/1786 1198/10/1786 1211/10/1786 1212/10/1786
f 1212/10/1787 1225/10/1787 1224/10/1787 1213/10/1787
f 1224/10/1788 1227/10/1766 1222/10/1768 1223/10/1788
f 1224/10/1789 1225/10/1789 1226/10/1769 1227/10/1771
f 1211/10/1790 1226/10/1790 1225/10/1790 1212/10/1790
f 1228/10/1772 1226/10/1774 1211/10/1791 1218/10/1791
f 1229/10/1775 1228/10/1777 1218/10/1792 1217/10/1792
f 1234/10/1793 1235/10/1793 1240/10/1793 1241/10/1793
f 1239/10/1794 1240/10/1794 1235/10/1794 1236/10/1794
f 1238/10/1795 1239/10/1795 1236/10/1795 1237/10/1795
f 1237/10/1796 1230/10/1796 1245/10/1796
f 1233/10/1797 1234/10/1797 1241/10/1797 1242/10/1797
f 1231/10/1798 1232/10/1798 1243/10/1798 1244/10/1798
f 1232/10/1799 1233/10/1799 1242/10/1799 1243/10/1799
f 1240/10/1800 1261/10/1800 1260/10/1800 1241/10/1800
f 1240/10/1801 1239/10/1801 1246/10/1801 1261/10/1801
f 1238/10/1802 1247/10/1802 1246/10/1802 1239/10/1802
f 1238/10/1803 1237/10/1803 1245/10/1803 1247/10/1803
f 1262/10/1804 1261/10/1804 1265/10/1804
f 1261/10/1805 1262/10/1805 1260/10/1805
f 1262/10/1806 1264/10/1806 1263/10/1806 1260/10/1806
f 1259/10/1807 1241/10/1807 1260/10/1807 1263/10/1807
f 1258/10/1808 1242/10/1808 1241/10/1808 1259/10/1808
f 1243/10/1809 1242/10/1809 1258/10/1809 1267/10/1809
f 1244/10/1810 1245/10/1810 1230/10/1810 1231/10/1810
f 1243/10/1811 1267/10/1811 1252/10/1811 1244/10/1811
f 1245/10/1812 1251/10/1812 1250/10/1812 1248/10/1812
f 1248/10/1813 1249/10/1813 1247/10/1813
f 1247/10/1814 1245/10/1814 1248/10/1814
f 1249/10/1815 1248/10/1815 1250/10/1815 1253/10/1815
f 1251/10/1816 1245/10/1816 1244/10/1816 1252/10/1816
f 1249/10/1817 1254/10/1817 1247/10/1817
f 1254/10/1818 1255/10/1818 1246/10/1818 1247/10/1818
f 1255/10/1819 1265/10/1819 1261/10/1819 1246/10/1819
f 1256/10/1820 1266/10/1820 1265/10/1820 1255/10/1820
f 1264/10/1821 1262/10/1821 1265/10/1821 1266/10/1821
f 1254/10/1822 1257/10/1822 1256/10/1822 1255/10/1822
f 1253/10/1823 1257/10/1823 1254/10/1823 1249/10/1823
f 1256/10/1824 1257/10/1824 1253/10/1824 1270/10/1824
f 1264/10/1825 1266/10/1825 1256/10/1825 1270/10/1825
f 1253/10/1826 1250/10/1826 1269/10/1826 1270/10/1826
f 1269/10/1827 1263/10/1827 1264/10/1827 1270/10/1827
f 1250/10/1828 1251/10/1828 1268/10/1828 1269/10/1828
f 1268/10/1829 1259/10/1829 1263/10/1829 1269/10/1829
f 1251/10/1830 1252/10/1830 1267/10/1830 1268/10/1830
f 1268/10/1831 1267/10/1831 1258/10/1831 1259/10/1831
f 1311/15/1833 1312/17/1833 1303/16/1833 1301/12/1833
f 1312/17/1834 1340/19/1834 1336/18/1834 1303/16/1834
f 1335/20/1835 1320/23/1835 1307/22/1835 1331/21/1835
f 1344/24/1836 1324/27/1836 1306/26/1836 1345/25/1836
f 1330/28/1837 1306/31/1837 1323/30/1837 1332/29/1837
f 1332/29/1838 1323/30/1838 1322/33/1838 1333/32/1838
f 1333/32/1839 1322/33/1839 1321/35/1839 1334/34/1839
f 1334/34/1840 1321/35/1840 1320/23/1840 1335/20/1840
f 1302/36/1841 1338/39/1841 1339/38/1841 1315/37/1841
f 1315/37/1842 1339/38/1842 1337/41/1842 1314/40/1842
f 1314/40/1843 1337/41/1843 1341/43/1843 1313/42/1843
f 1313/42/1844 1341/43/1844 1340/19/1844 1312/17/1844
f 1300/44/1845 1302/36/1845 1315/37/1845 1308/45/1845
f 1308/45/1846 1315/37/1846 1314/40/1846 1309/46/1846
f 1309/46/1847 1314/40/1847 1313/42/1847 1310/47/1847
f 1310/47/1848 1313/42/1848 1312/17/1848 1311/15/1848
f 1321/35/1849 1328/49/1849 1329/48/1849 1320/23/1849
f 1322/33/1850 1327/50/1850 1328/49/1850 1321/35/1850
f 1323/30/1851 1326/51/1851 1327/50/1851 1322/33/1851
f 1320/23/1852 1329/48/1852 1325/52/1852 1307/22/1852
f 1306/31/1853 1324/53/1853 1326/51/1853 1323/30/1853
f 1303/54/1854 1336/60/1854 1305/59/1854 1331/58/1854 1307/57/1854 1325/56/1384 1301/55/1384
f 1347/61/1855 1350/64/1855 1338/63/1855 1302/62/1855
f 1317/65/1856 1334/34/1856 1335/20/1856 1316/66/1856
f 1318/67/1857 1333/32/1857 1334/34/1857 1317/65/1857
f 1319/68/1858 1332/29/1858 1333/32/1858 1318/67/1858
f 1304/69/1859 1330/28/1859 1332/29/1859 1319/68/1859
f 1316/66/1860 1335/20/1860 1331/21/1860 1305/70/1860
f 1337/41/1861 1318/67/1861 1317/65/1861 1341/43/1861
f 1341/43/1862 1317/65/1862 1316/66/1862 1340/19/1862
f 1340/19/1863 1316/66/1863 1305/70/1863 1336/18/1863
f 1338/39/1864 1304/69/1864 1319/68/1864 1339/38/1864
f 1339/38/1865 1319/68/1865 1318/67/1865 1337/41/1865
f 1306/26/1866 1330/72/1866 1348/71/1866 1345/25/1866
f 1330/72/1867 1304/74/1867 1349/73/1867 1348/71/1867
f 1345/25/1868 1348/71/1868 1349/73/1868 1346/75/1868
f 1346/75/1869 1349/73/1869 1350/64/1869 1347/61/1869
f 1300/76/1870 1342/77/1870 1347/61/1870 1302/62/1870
f 1342/77/1871 1343/78/1871 1346/75/1871 1347/61/1871
f 1343/78/1872 1344/24/1872 1345/25/1872 1346/75/1872
f 1304/74/1873 1338/63/1873 1350/64/1873 1349/73/1873
f 1303/16/1874 1336/18/1875 1357/80/1876 1352/79/1874
f 1301/12/1877 1303/16/1877 1352/79/1877 1351/12/1877
f 1307/22/1878 1325/52/1878 1355/52/1878 1354/22/1878
f 1305/59/1879 1353/82/1879 1357/81/1876 1336/60/1875
f 1331/58/1880 1356/83/1881 1353/82/1882 1305/59/1882
f 1331/21/1880 1307/22/1883 1354/22/1883 1356/84/1881
f 1356/83/1884 1106/86/1578 1107/85/1885 1353/82/1885
f 1351/12/1886 1352/79/1886 1067/87/1886 1066/12/1886
f 1353/82/1887 1107/85/1887 1108/88/1567 1357/81/1888
f 1354/22/1889 1355/52/1889 1105/52/1584 1104/22/1583
f 1352/79/1890 1357/80/1888 1108/89/1567 1067/87/1510
f 1356/84/1884 1354/22/1891 1104/22/1579 1106/90/1578
f 1298/10/1892 1297/10/1893 1296/10/1894 1295/10/1894 1294/10/1894 1293/10/1894 1292/10/1894
f 1388/91/1895 1376/94/1895 1361/93/1895 1369/92/1895
f 1376/94/1896 1378/96/1896 1365/95/1896 1361/93/1896
f 1384/97/1897 1380/100/1897 1363/99/1897 1373/98/1897
f 1380/100/1898 1375/102/1898 1359/101/1898 1363/99/1898
f 1367/103/1899 1358/106/1899 1362/105/1899 1370/104/1899
f 1373/98/1900 1363/99/1900 1359/108/1900 1368/107/1900
f 1365/95/1901 1372/111/1901 1369/110/1901 1361/109/1901
f 1372/111/1902 1373/98/1902 1368/107/1902 1369/110/1902
f 1360/112/1903 1366/115/1903 1371/114/1903 1364/113/1903
f 1366/115/1904 1367/103/1904 1370/104/1904 1371/114/1904
f 1378/96/1905 1382/116/1905 1372/111/1905 1365/95/1905
f 1382/116/1906 1384/97/1906 1373/98/1906 1372/111/1906
f 1375/117/1907 1386/120/1908 1368/119/1908 1359/118/1907
f 1386/120/1908 1388/91/1909 1369/92/1909 1368/119/1908
f 1367/121/1910 1366/124/1910 1389/123/1910 1387/122/1910
f 1387/122/1911 1389/123/1911 1388/91/1911 1386/120/1911
f 1358/125/1912 1367/121/1912 1387/122/1912 1374/126/1912
f 1374/126/1913 1387/122/1913 1386/120/1913 1375/117/1913
f 1371/114/1914 1370/104/1914 1385/128/1914 1383/127/1914
f 1383/127/1915 1385/128/1915 1384/97/1915 1382/116/1915
f 1364/113/1916 1371/114/1916 1383/127/1916 1379/129/1916
f 1379/129/1917 1383/127/1917 1382/116/1917 1378/96/1917
f 1362/105/1918 1358/132/1918 1374/131/1918 1381/130/1918
f 1381/130/1919 1374/131/1919 1375/102/1919 1380/100/1919
f 1370/104/1920 1362/105/1920 1381/130/1920 1385/128/1920
f 1385/128/1921 1381/130/1921 1380/100/1921 1384/97/1921
f 1360/133/1922 1364/113/1922 1379/129/1922 1377/134/1922
f 1377/134/1923 1379/129/1923 1378/96/1923 1376/94/1923
f 1366/124/1924 1360/133/1924 1377/134/1924 1389/123/1924
f 1389/123/1925 1377/134/1925 1376/94/1925 1388/91/1925
f 1390/135/1926 1392/136/1926 1393/93/1926 1391/118/1926
f 1392/136/1927 1393/93/1927 1397/95/1927 1396/137/1927
f 1396/137/1926 1397/95/1926 1395/99/1926 1394/138/1926
f 1394/138/1927 1390/139/1927 1391/101/1927 1395/99/1927
f 1392/140/1928 1396/137/1928 1394/138/1928 1390/141/1928
f 1397/95/1929 1393/109/1929 1391/108/1929 1395/99/1929
f 1398/135/1930 1399/118/1930 1401/93/1930 1400/142/1930
f 1400/142/1931 1401/93/1931 1405/95/1931 1404/143/1931
f 1404/143/1932 1405/95/1932 1403/99/1932 1402/144/1932
f 1402/144/1933 1403/99/1933 1399/101/1933 1398/139/1933
f 1400/145/1934 1404/143/1934 1402/144/1934 1398/146/1934
f 1405/95/1935 1401/109/1935 1399/108/1935 1403/99/1935
f 1406/135/1936 1407/118/1936 1409/93/1936 1408/136/1936
f 1408/136/1937 1412/137/1937 1413/95/1937 1409/93/1937
f 1412/137/1938 1413/95/1938 1411/99/1938 1410/138/1938
f 1410/138/1937 1411/99/1937 1407/101/1937 1406/139/1937
f 1408/140/1939 1412/137/1939 1410/138/1939 1406/141/1939
f 1413/95/1940 1409/109/1940 1407/108/1940 1411/99/1940
f 1414/135/1941 1415/118/1941 1417/148/1941 1416/147/1941
f 1416/147/1942 1417/148/1942 1421/95/1942 1420/143/1942
f 1420/143/1943 1421/95/1943 1419/99/1943 1418/144/1943
f 1418/144/1944 1419/99/1944 1415/101/1944 1414/139/1944
f 1416/149/1945 1420/143/1945 1418/144/1945 1414/146/1945
f 1421/95/1946 1417/150/1946 1415/108/1946 1419/99/1946
f 1422/135/1947 1423/118/1947 1425/93/1947 1424/136/1947
f 1424/136/1948 1425/93/1948 1429/95/1948 1428/137/1948
f 1428/137/1949 1429/95/1949 1427/99/1949 1426/138/1949
f 1426/138/1950 1427/99/1950 1423/101/1950 1422/139/1950
f 1424/140/1951 1428/137/1951 1426/138/1951 1422/141/1951
f 1429/95/1952 1425/109/1952 1423/108/1952 1427/99/1952
f 1430/151/1953 1431/154/1953 1433/153/1953 1432/152/1953
f 1432/152/1954 1433/153/1954 1437/95/1954 1436/143/1954
f 1436/143/1955 1437/95/1955 1435/99/1955 1434/144/1955
f 1434/144/1956 1435/99/1956 1431/156/1956 1430/155/1956
f 1432/157/1957 1436/143/1957 1434/144/1957 1430/158/1957
f 1437/95/1958 1433/160/1958 1431/159/1958 1435/99/1958
f 1438/161/1959 1440/162/1959 1441/93/1959 1439/118/1959
f 1440/162/1960 1441/93/1960 1445/95/1960 1444/163/1960
f 1444/163/1961 1445/95/1961 1443/99/1961 1442/164/1961
f 1442/164/1962 1438/165/1962 1439/101/1962 1443/99/1962
f 1440/166/1963 1444/163/1963 1442/164/1963 1438/167/1963
f 1445/95/1964 1441/109/1964 1439/108/1964 1443/99/1964
f 1446/168/1965 1447/93/1965 1449/95/1965 1448/169/1965
f 1451/170/1966 1450/93/1966 1453/95/1966 1452/171/1966
f 1446/168/1967 1451/170/1967 1450/93/1967 1447/93/1967
f 1449/95/1968 1448/169/1968 1452/171/1968 1453/95/1968
f 1448/169/1969 1446/168/1969 1451/170/1969 1452/171/1969
f 1447/93/1970 1449/95/1970 1453/95/1970 1450/93/1970
f 1454/172/1971 1456/173/1971 1457/95/1971 1455/93/1971
f 1459/174/1972 1458/93/1972 1461/95/1972 1460/175/1972
f 1454/172/1973 1459/174/1973 1458/93/1973 1455/93/1973
f 1457/95/1974 1456/173/1974 1460/175/1974 1461/95/1974
f 1456/173/1975 1454/172/1975 1459/174/1975 1460/175/1975
f 1455/93/1976 1457/95/1976 1461/95/1976 1458/93/1976
usemtl Metallic_Dark_Blue
f 670/10/1037 671/11/1037 673/12/1037 672/13/1037
f 687/10/1038 689/10/1039 688/10/1040 1065/10/1040
f 683/10/1041 697/10/1042 684/10/1042 681/10/1043
f 682/10/1044 698/10/1045 697/10/1045 683/10/1041
f 696/10/1046 699/10/1047 698/10/1047 682/10/1048
f 695/10/1049 700/10/1050 696/10/1046 679/10/1051
f 701/10/1052 699/10/1052 696/10/1052 700/10/1052
f 719/10/1053 725/10/1054 720/10/1055 717/10/1055
f 1110/10/1056 1102/10/1056 720/10/1056 725/10/1056
f 719/10/1053 706/10/1057 726/10/1057 725/10/1054
f 1114/10/1058 1110/10/1058 725/10/1058 728/10/1058
f 725/10/1059 727/10/1060 729/10/1061 728/10/1061
f 692/10/1062 730/10/1063 729/10/1063 727/10/1064
f 691/10/1065 731/10/1066 730/10/1066 692/10/1067
f 732/10/1068 731/10/1068 691/10/1069 690/10/1070
f 1119/10/1071 732/10/1071 690/10/1072 1070/10/1073
f 731/10/1074 732/10/1074 733/10/1074 734/10/1074
f 1069/10/1075 1070/10/1075 676/10/1075
f 687/10/1076 1065/10/1077 1064/10/1078 672/14/1079
f 670/10/1080 672/14/1079 1064/10/1078 1068/10/1080
f 676/10/1081 670/10/1081 1068/10/1081 1069/10/1081
f 671/11/1082 670/10/1082 676/10/1082 677/10/1082
f 732/10/1083 1119/10/1083 1120/10/1083 733/10/1083
f 733/10/1084 1120/10/1084 1127/10/1084 738/10/1084
f 1128/10/1085 751/10/1085 738/10/1085 1127/10/1085
f 738/10/1090 751/10/1090 750/10/1090 739/10/1090
f 734/10/1091 733/10/1091 738/10/1091 739/10/1091
f 678/10/1092 677/10/1092 690/10/1070 691/10/1069
f 675/10/1093 671/11/1093 677/10/1093 678/10/1093
f 671/11/1094 675/10/1094 674/10/1094 673/12/1094
f 672/14/1079 673/12/1095 686/10/1095 687/10/1076
f 686/10/1096 724/10/1097 689/10/1039 687/10/1038
f 673/12/1098 674/10/1099 685/10/1100 686/10/1098
f 686/10/1101 685/10/1101 723/10/1101 724/10/1101
f 674/10/1099 681/10/1102 684/10/1103 685/10/1100
f 685/10/1104 714/10/1105 722/10/1106 723/10/1106
f 714/10/1107 715/10/1108 721/10/1109 722/10/1110
f 1103/10/1111 1105/10/1112 721/10/1113 715/10/1114
f 1102/10/1115 1103/10/1111 715/10/1114 720/10/1115
f 715/10/1116 716/10/1116 717/10/1116 720/10/1116
f 715/10/1117 713/10/1117 716/10/1117
f 714/10/1107 713/10/1118 715/10/1108
f 685/10/1104 684/10/1119 713/10/1119 714/10/1105
f 684/10/1120 697/10/1120 712/10/1120 713/10/1120
f 697/10/1121 698/10/1121 711/10/1121 712/10/1121
f 711/10/1122 718/10/1122 713/10/1122 712/10/1122
f 713/10/1123 718/10/1123 717/10/1123 716/10/1123
f 717/10/1124 718/10/1124 707/10/1125 719/10/1126
f 707/10/1125 706/10/1127 719/10/1126
f 727/10/1060 725/10/1059 726/10/1128
f 1114/10/1129 728/10/1129 737/10/1129 1126/10/1129
f 1126/10/1130 737/10/1130 743/10/1130 1135/10/1130
f 1135/10/1131 743/10/1131 744/10/1131 1137/10/1131
f 1137/10/1132 744/10/1132 745/10/1132 1139/10/1132
f 742/10/1134 747/10/1134 745/10/1134 744/10/1134
f 742/10/1135 744/10/1135 743/10/1135 737/10/1135
f 737/10/1136 736/10/1136 741/10/1136 742/10/1136
f 728/10/1137 729/10/1137 736/10/1137 737/10/1137
f 729/10/1138 730/10/1138 735/10/1138 736/10/1138
f 736/10/1139 735/10/1139 740/10/1139 741/10/1139
f 741/10/1140 748/10/1140 747/10/1140 742/10/1140
f 739/10/1151 750/10/1151 749/10/1151 740/10/1151
f 735/10/1152 734/10/1152 739/10/1152 740/10/1152
f 730/10/1153 731/10/1153 734/10/1153 735/10/1153
f 740/10/1154 749/10/1154 748/10/1154 741/10/1154
f 674/10/1099 675/10/1180 680/10/1180 681/10/1102
f 681/10/1043 680/10/1181 682/10/1044 683/10/1041
f 675/10/1182 678/10/1182 679/10/1182 680/10/1182
f 679/10/1183 678/10/1183 693/10/1183 694/10/1183
f 678/10/1184 691/10/1065 692/10/1067 693/10/1184
f 693/10/1185 692/10/1185 702/10/1185
f 694/10/1186 693/10/1186 702/10/1186 703/10/1186
f 694/10/1187 695/10/1049 679/10/1051
f 679/10/1051 696/10/1046 682/10/1048 680/10/1188
f 695/10/1189 878/10/1190 872/10/1191 700/10/1191
f 872/10/1192 878/10/1190 879/10/1193 880/10/1192
f 701/10/1194 700/10/1194 872/10/1194 873/10/1194
f 698/10/1195 699/10/1195 710/10/1195 711/10/1195
f 699/10/1196 701/10/1196 709/10/1196 710/10/1196
f 711/10/1197 710/10/1197 707/10/1197 718/10/1197
f 707/10/1198 710/10/1199 709/10/1199 708/10/1200
f 705/10/1201 706/10/1201 707/10/1198 708/10/1200
f 702/10/1203 726/10/1203 706/10/1203 703/10/1203
f 726/10/1204 702/10/1204 692/10/1062 727/10/1064
f 705/10/1205 708/10/1206 875/10/1207 876/10/1205
f 708/10/1206 709/10/1208 874/10/1208 875/10/1207
f 709/10/1209 701/10/1209 873/10/1209 874/10/1209
f 695/10/1189 704/10/1211 877/10/1212 878/10/1190
f 704/10/1213 705/10/1213 876/10/1213 877/10/1213
f 877/10/1214 876/10/1214 884/10/1214 885/10/1214
f 878/10/1190 877/10/1212 885/10/1215 879/10/1193
f 881/10/1216 873/10/1216 872/10/1216 880/10/1216
f 882/10/1217 874/10/1217 873/10/1217 881/10/1217
f 883/10/1218 875/10/1219 874/10/1220 882/10/1220
f 876/10/1221 875/10/1219 883/10/1218 884/10/1221
f 884/10/1222 883/10/1223 889/10/1224 890/10/1222
f 885/10/1225 884/10/1225 890/10/1225 891/10/1225
f 879/10/1226 885/10/1227 891/10/1227 892/10/1228
f 886/10/1229 880/10/1229 879/10/1226 892/10/1228
f 887/10/1230 881/10/1230 880/10/1230 886/10/1230
f 888/10/1231 882/10/1231 881/10/1231 887/10/1231
f 889/10/1224 883/10/1223 882/10/1232 888/10/1232
f 889/10/1233 888/10/1234 895/10/1234 896/10/1235
f 890/10/1236 889/10/1233 896/10/1235 897/10/1236
f 891/10/1237 890/10/1237 897/10/1237 898/10/1237
f 892/10/1238 891/10/1239 898/10/1239 899/10/1240
f 893/10/1241 886/10/1241 892/10/1238 899/10/1240
f 894/10/1242 887/10/1242 886/10/1242 893/10/1242
f 895/10/1243 888/10/1243 887/10/1243 894/10/1243
f 1070/10/1073 690/10/1072 677/10/1361 676/10/1361
f 1046/10/1507 1048/13/1507 1049/12/1507 1047/11/1507
f 1063/10/1508 1065/10/1509 1066/10/1509 1067/10/1510
f 1059/10/1511 1057/10/1512 1060/10/1513 1078/10/1513
f 1058/10/1514 1059/10/1511 1078/10/1515 1079/10/1515
f 1077/10/1516 1058/10/1517 1079/10/1518 1080/10/1518
f 1076/10/1519 1055/10/1520 1077/10/1516 1081/10/1521
f 1082/10/1522 1081/10/1522 1077/10/1522 1080/10/1522
f 1100/10/1523 1098/10/1524 1101/10/1524 1109/10/1525
f 1110/10/1526 1109/10/1526 1101/10/1526 1102/10/1526
f 1100/10/1523 1109/10/1525 1111/10/1527 1087/10/1527
f 1114/10/1528 1113/10/1528 1109/10/1528 1110/10/1528
f 1109/10/1529 1113/10/1530 1115/10/1530 1112/10/1531
f 1073/10/1532 1112/10/1533 1115/10/1534 1116/10/1534
f 1072/10/1535 1073/10/1536 1116/10/1537 1117/10/1537
f 1118/10/1538 1071/10/1539 1072/10/1540 1117/10/1538
f 1119/10/1541 1070/10/1542 1071/10/1543 1118/10/1541
f 1117/10/1544 1122/10/1544 1121/10/1544 1118/10/1544
f 1069/10/1545 1052/10/1545 1070/10/1545
f 1063/10/1546 1048/14/1547 1064/10/1548 1065/10/1549
f 1046/10/1550 1068/10/1550 1064/10/1548 1048/14/1547
f 1052/10/1551 1069/10/1551 1068/10/1551 1046/10/1551
f 1047/11/1552 1053/10/1552 1052/10/1552 1046/10/1552
f 1118/10/1553 1121/10/1553 1120/10/1553 1119/10/1553
f 1121/10/1554 1129/10/1554 1127/10/1554 1120/10/1554
f 1128/10/1555 1127/10/1555 1129/10/1555 1146/10/1555
f 1129/10/1560 1130/10/1560 1145/10/1560 1146/10/1560
f 1122/10/1561 1130/10/1561 1129/10/1561 1121/10/1561
f 1054/10/1562 1072/10/1540 1071/10/1539 1053/10/1562
f 1051/10/1563 1054/10/1563 1053/10/1563 1047/11/1563
f 1047/11/1564 1049/12/1564 1050/10/1564 1051/10/1564
f 1048/14/1547 1063/10/1546 1062/10/1565 1049/12/1565
f 1062/10/1566 1063/10/1508 1067/10/1510 1108/10/1567
f 1049/12/1568 1062/10/1568 1061/10/1569 1050/10/1570
f 1062/10/1571 1108/10/1571 1107/10/1571 1061/10/1571
f 1050/10/1570 1061/10/1569 1060/10/1572 1057/10/1573
f 1061/10/1574 1107/10/1575 1106/10/1575 1095/10/1576
f 1095/10/1577 1106/10/1578 1104/10/1579 1096/10/1580
f 1103/10/1581 1096/10/1582 1104/10/1583 1105/10/1584
f 1102/10/1585 1101/10/1585 1096/10/1582 1103/10/1581
f 1096/10/1586 1101/10/1586 1098/10/1586 1097/10/1586
f 1096/10/1587 1097/10/1587 1094/10/1587
f 1095/10/1577 1096/10/1580 1094/10/1588
f 1061/10/1574 1095/10/1576 1094/10/1589 1060/10/1589
f 1060/10/1590 1094/10/1590 1093/10/1590 1078/10/1590
f 1078/10/1591 1093/10/1591 1092/10/1591 1079/10/1591
f 1092/10/1592 1093/10/1592 1094/10/1592 1099/10/1592
f 1094/10/1593 1097/10/1593 1098/10/1593 1099/10/1593
f 1098/10/1594 1100/10/1595 1088/10/1596 1099/10/1594
f 1088/10/1596 1100/10/1595 1087/10/1597
f 1112/10/1531 1111/10/1598 1109/10/1529
f 1114/10/1599 1126/10/1599 1125/10/1599 1113/10/1599
f 1126/10/1600 1135/10/1600 1134/10/1600 1125/10/1600
f 1135/10/1601 1137/10/1601 1136/10/1601 1134/10/1601
f 1137/10/1602 1139/10/1602 1138/10/1602 1136/10/1602
f 1133/10/1604 1136/10/1604 1138/10/1604 1142/10/1604
f 1133/10/1605 1125/10/1605 1134/10/1605 1136/10/1605
f 1125/10/1606 1133/10/1606 1132/10/1606 1124/10/1606
f 1113/10/1607 1125/10/1607 1124/10/1607 1115/10/1607
f 1115/10/1608 1124/10/1608 1123/10/1608 1116/10/1608
f 1124/10/1609 1132/10/1609 1131/10/1609 1123/10/1609
f 1132/10/1610 1133/10/1610 1142/10/1610 1143/10/1610
f 1130/10/1621 1131/10/1621 1144/10/1621 1145/10/1621
f 1123/10/1622 1131/10/1622 1130/10/1622 1122/10/1622
f 1116/10/1623 1123/10/1623 1122/10/1623 1117/10/1623
f 1131/10/1624 1132/10/1624 1143/10/1624 1144/10/1624
f 1050/10/1570 1057/10/1573 1056/10/1650 1051/10/1650
f 1057/10/1512 1059/10/1511 1058/10/1514 1056/10/1651
f 1051/10/1652 1056/10/1652 1055/10/1652 1054/10/1652
f 1055/10/1653 1075/10/1653 1074/10/1653 1054/10/1653
f 1054/10/1654 1074/10/1654 1073/10/1536 1072/10/1535
f 1074/10/1655 1083/10/1655 1073/10/1655
f 1075/10/1656 1084/10/1656 1083/10/1656 1074/10/1656
f 1075/10/1657 1055/10/1520 1076/10/1519
f 1055/10/1520 1056/10/1658 1058/10/1517 1077/10/1516
f 1076/10/1659 1081/10/1660 1271/10/1660 1277/10/1661
f 1271/10/1662 1279/10/1662 1278/10/1663 1277/10/1661
f 1082/10/1664 1272/10/1664 1271/10/1664 1081/10/1664
f 1079/10/1665 1092/10/1665 1091/10/1665 1080/10/1665
f 1080/10/1666 1091/10/1666 1090/10/1666 1082/10/1666
f 1092/10/1667 1099/10/1667 1088/10/1667 1091/10/1667
f 1088/10/1668 1089/10/1669 1090/10/1670 1091/10/1670
f 1086/10/1671 1089/10/1669 1088/10/1668 1087/10/1671
f 1083/10/1673 1084/10/1673 1087/10/1673 1111/10/1673
f 1111/10/1674 1112/10/1533 1073/10/1532 1083/10/1674
f 1086/10/1675 1275/10/1675 1274/10/1676 1089/10/1677
f 1089/10/1677 1274/10/1676 1273/10/1678 1090/10/1678
f 1090/10/1679 1273/10/1679 1272/10/1679 1082/10/1679
f 1076/10/1659 1277/10/1661 1276/10/1681 1085/10/1682
f 1085/10/1683 1276/10/1683 1275/10/1683 1086/10/1683
f 1276/10/1684 1284/10/1684 1283/10/1684 1275/10/1684
f 1277/10/1661 1278/10/1663 1284/10/1685 1276/10/1681
f 1280/10/1686 1279/10/1686 1271/10/1686 1272/10/1686
f 1281/10/1687 1280/10/1687 1272/10/1687 1273/10/1687
f 1282/10/1688 1281/10/1689 1273/10/1689 1274/10/1690
f 1275/10/1691 1283/10/1691 1282/10/1688 1274/10/1690
f 1283/10/1692 1289/10/1692 1288/10/1693 1282/10/1694
f 1284/10/1695 1290/10/1695 1289/10/1695 1283/10/1695
f 1278/10/1696 1291/10/1697 1290/10/1698 1284/10/1698
f 1285/10/1699 1291/10/1697 1278/10/1696 1279/10/1699
f 1286/10/1700 1285/10/1700 1279/10/1700 1280/10/1700
f 1287/10/1701 1286/10/1701 1280/10/1701 1281/10/1701
f 1288/10/1693 1287/10/1702 1281/10/1702 1282/10/1694
f 1288/10/1703 1295/10/1704 1294/10/1705 1287/10/1705
f 1289/10/1706 1296/10/1706 1295/10/1704 1288/10/1703
f 1290/10/1707 1297/10/1707 1296/10/1707 1289/10/1707
f 1291/10/1708 1298/10/1709 1297/10/1710 1290/10/1711
f 1292/10/1712 1298/10/1709 1291/10/1708 1285/10/1712
f 1293/10/1713 1292/10/1713 1285/10/1713 1286/10/1713
f 1294/10/1714 1293/10/1714 1286/10/1714 1287/10/1714
f 1070/10/1542 1052/10/1832 1053/10/1832 1071/10/1543
o Shoulder
v 0.574872 3.916696 -0.243295
v 0.462771 4.104794 -0.196154
v 0.469560 4.163230 -0.703169
v 0.518821 4.010745 -0.219724
v 0.518332 4.047499 -0.680651
v 0.359335 4.255713 -0.242706
v 0.295751 4.351380 -0.438038
v 0.567105 3.931768 -0.658134
v 0.310846 4.339736 -0.564648
v 0.411053 4.218769 -0.219430
v 0.390203 4.289999 -0.633908
v 0.673109 4.104794 -0.196154
v 0.679898 4.163230 -0.703169
v 0.673109 4.010745 -0.219724
v 0.672620 4.047499 -0.680651
v 0.673109 4.255713 -0.242706
v 0.609526 4.351380 -0.438038
v 0.624620 4.339736 -0.564648
v 0.673109 4.218769 -0.219430
v 0.652259 4.289999 -0.633908
v 0.587345 3.916696 -0.243295
v 0.579578 3.931768 -0.658134
v 0.685583 4.104794 -0.196154
v 0.692372 4.163230 -0.703169
v 0.685583 4.010745 -0.219724
v 0.685094 4.047499 -0.680651
v 0.685583 4.255713 -0.242706
v 0.621999 4.351380 -0.438038
v 0.637094 4.339736 -0.564648
v 0.685583 4.218769 -0.219430
v 0.664733 4.289999 -0.633908
v 0.673538 4.043539 -0.690259
v 0.681103 4.163821 -0.713662
v 0.674047 4.005339 -0.211205
v 0.674047 4.103086 -0.186707
v 0.674047 4.259941 -0.235091
v 0.607963 4.359371 -0.438104
v 0.623651 4.347269 -0.569693
v 0.674047 4.221544 -0.210899
v 0.652377 4.295575 -0.641678
v 0.563873 3.923256 -0.666856
v 0.571946 3.907591 -0.235702
v 0.686503 4.043539 -0.690259
v 0.694067 4.163821 -0.713662
v 0.687011 4.005339 -0.211205
v 0.687011 4.103086 -0.186707
v 0.687011 4.259941 -0.235091
v 0.620927 4.359371 -0.438104
v 0.636615 4.347269 -0.569693
v 0.687011 4.221544 -0.210899
v 0.665341 4.295575 -0.641678
v 0.576838 3.923256 -0.666856
v 0.584910 3.907591 -0.235702
v 0.673538 4.043539 -0.690259
v 0.681103 4.163821 -0.713662
v 0.674047 4.005339 -0.211205
v 0.674047 4.103086 -0.186707
v 0.674047 4.259941 -0.235091
v 0.607963 4.359371 -0.438104
v 0.623651 4.347269 -0.569693
v 0.674047 4.221544 -0.210899
v 0.652377 4.295575 -0.641678
v 0.563873 3.923256 -0.666856
v 0.571946 3.907591 -0.235702
v 0.686503 4.043539 -0.690259
v 0.694067 4.163821 -0.713662
v 0.687011 4.005339 -0.211205
v 0.687011 4.103086 -0.186707
v 0.687011 4.259941 -0.235091
v 0.620927 4.359371 -0.438104
v 0.636615 4.347269 -0.569693
v 0.687011 4.221544 -0.210899
v 0.665341 4.295575 -0.641678
v 0.576838 3.923256 -0.666856
v 0.584910 3.907591 -0.235702
v 0.671448 4.052556 -0.668385
v 0.678360 4.162476 -0.689772
v 0.671912 4.017647 -0.230601
v 0.671912 4.106974 -0.208214
v 0.671912 4.250316 -0.252429
v 0.611521 4.341179 -0.437953
v 0.625858 4.330120 -0.558206
v 0.671912 4.215227 -0.230322
v 0.652109 4.282879 -0.623989
v 0.571230 3.942636 -0.646998
v 0.578607 3.928320 -0.252988
v 0.683295 4.052556 -0.668385
v 0.690207 4.162476 -0.689772
v 0.683760 4.017647 -0.230601
v 0.683760 4.106974 -0.208214
v 0.683760 4.250316 -0.252429
v 0.623368 4.341179 -0.437953
v 0.637705 4.330120 -0.558206
v 0.683760 4.215227 -0.230322
v 0.663956 4.282879 -0.623989
v 0.583077 3.942636 -0.646998
v 0.590455 3.928320 -0.252988
v -0.574872 3.916696 -0.243295
v -0.462771 4.104794 -0.196154
v -0.469560 4.163230 -0.703169
v -0.518821 4.010745 -0.219724
v -0.518332 4.047499 -0.680651
v -0.462771 4.104794 -0.196154
v -0.359335 4.255713 -0.242706
v -0.295751 4.351380 -0.438038
v -0.567105 3.931768 -0.658134
v -0.310846 4.339736 -0.564648
v -0.469560 4.163230 -0.703169
v -0.518332 4.047499 -0.680651
v -0.411053 4.218769 -0.219430
v -0.390203 4.289999 -0.633908
v -0.673109 4.104794 -0.196154
v -0.679898 4.163230 -0.703169
v -0.673109 4.010745 -0.219724
v -0.672620 4.047499 -0.680651
v -0.673109 4.255713 -0.242706
v -0.609526 4.351380 -0.438038
v -0.624620 4.339736 -0.564648
v -0.673109 4.218769 -0.219430
v -0.652259 4.289999 -0.633908
v -0.587345 3.916696 -0.243295
v -0.579578 3.931768 -0.658134
v -0.685583 4.104794 -0.196154
v -0.692372 4.163230 -0.703169
v -0.685583 4.010745 -0.219724
v -0.685094 4.047499 -0.680651
v -0.685583 4.255713 -0.242706
v -0.621999 4.351380 -0.438038
v -0.637094 4.339736 -0.564648
v -0.685583 4.218769 -0.219430
v -0.664733 4.289999 -0.633908
v -0.673538 4.043539 -0.690259
v -0.681103 4.163821 -0.713662
v -0.674047 4.005339 -0.211205
v -0.674047 4.103086 -0.186707
v -0.674047 4.259941 -0.235091
v -0.607963 4.359371 -0.438104
v -0.623651 4.347269 -0.569693
v -0.674047 4.221544 -0.210899
v -0.652377 4.295575 -0.641678
v -0.563873 3.923256 -0.666856
v -0.571946 3.907591 -0.235702
v -0.686503 4.043539 -0.690259
v -0.694067 4.163821 -0.713662
v -0.687011 4.005339 -0.211205
v -0.687011 4.103086 -0.186707
v -0.687011 4.259941 -0.235091
v -0.620927 4.359371 -0.438104
v -0.636615 4.347269 -0.569693
v -0.687011 4.221544 -0.210899
v -0.665341 4.295575 -0.641678
v -0.576838 3.923256 -0.666856
v -0.584910 3.907591 -0.235702
v -0.673538 4.043539 -0.690259
v -0.681103 4.163821 -0.713662
v -0.674047 4.005339 -0.211205
v -0.674047 4.103086 -0.186707
v -0.674047 4.259941 -0.235091
v -0.607963 4.359371 -0.438104
v -0.623651 4.347269 -0.569693
v -0.674047 4.221544 -0.210899
v -0.652377 4.295575 -0.641678
v -0.563873 3.923256 -0.666856
v -0.571946 3.907591 -0.235702
v -0.686503 4.043539 -0.690259
v -0.694067 4.163821 -0.713662
v -0.687011 4.005339 -0.211205
v -0.687011 4.103086 -0.186707
v -0.687011 4.259941 -0.235091
v -0.620927 4.359371 -0.438104
v -0.636615 4.347269 -0.569693
v -0.687011 4.221544 -0.210899
v -0.665341 4.295575 -0.641678
v -0.576838 3.923256 -0.666856
v -0.584910 3.907591 -0.235702
v -0.671448 4.052556 -0.668385
v -0.678360 4.162476 -0.689772
v -0.671912 4.017647 -0.230601
v -0.671912 4.106974 -0.208214
v -0.671912 4.250316 -0.252429
v -0.611521 4.341179 -0.437953
v -0.625858 4.330120 -0.558206
v -0.671912 4.215227 -0.230322
v -0.652109 4.282879 -0.623989
v -0.571230 3.942636 -0.646998
v -0.578607 3.928320 -0.252988
v -0.683295 4.052556 -0.668385
v -0.690207 4.162476 -0.689772
v -0.683760 4.017647 -0.230601
v -0.683760 4.106974 -0.208214
v -0.683760 4.250316 -0.252429
v -0.623368 4.341179 -0.437953
v -0.637705 4.330120 -0.558206
v -0.683760 4.215227 -0.230322
v -0.663956 4.282879 -0.623989
v -0.583077 3.942636 -0.646998
v -0.590455 3.928320 -0.252988
v 0.567206 3.919836 -0.245789
v 0.456517 4.105566 -0.199242
v 0.463221 4.163266 -0.699870
v 0.511862 4.012701 -0.222515
v 0.511379 4.048992 -0.677637
v 0.354384 4.254584 -0.245208
v 0.291601 4.349046 -0.438079
v 0.559537 3.934719 -0.655403
v 0.306506 4.337549 -0.563094
v 0.405451 4.218104 -0.222225
v 0.384863 4.288437 -0.631482
v 0.664206 4.105566 -0.199242
v 0.670909 4.163266 -0.699870
v 0.664206 4.012701 -0.222515
v 0.663723 4.048992 -0.677637
v 0.664206 4.254584 -0.245208
v 0.601423 4.349046 -0.438079
v 0.616328 4.337549 -0.563094
v 0.664206 4.218104 -0.222225
v 0.643619 4.288437 -0.631482
v -0.568056 3.919836 -0.245789
v -0.457367 4.105566 -0.199242
v -0.464070 4.163266 -0.699870
v -0.512712 4.012701 -0.222515
v -0.512228 4.048992 -0.677637
v -0.457367 4.105566 -0.199242
v -0.355234 4.254584 -0.245208
v -0.292451 4.349046 -0.438079
v -0.560387 3.934719 -0.655403
v -0.307355 4.337549 -0.563094
v -0.464070 4.163266 -0.699870
v -0.512228 4.048992 -0.677637
v -0.406300 4.218104 -0.222225
v -0.385713 4.288437 -0.631482
v -0.665056 4.105566 -0.199242
v -0.671759 4.163266 -0.699870
v -0.665056 4.012701 -0.222515
v -0.664573 4.048992 -0.677637
v -0.665056 4.254584 -0.245208
v -0.602273 4.349046 -0.438079
v -0.617178 4.337549 -0.563094
v -0.665056 4.218104 -0.222225
v -0.644469 4.288437 -0.631482
vn 0.2698 0.8148 0.5131
vn 0.0067 0.4658 0.8849
vn 0.0130 0.3993 0.9167
vn -0.2727 0.6923 0.6681
vn -0.0000 0.9810 0.1938
vn -0.0000 0.9864 0.1641
vn 0.0414 -0.2270 -0.9730
vn 0.0585 -0.2418 -0.9686
vn 0.0772 -0.1944 0.9779
vn -0.0000 -0.2431 0.9700
vn 0.1051 0.2076 0.9726
vn -0.0000 0.9240 -0.3824
vn -0.0000 0.9655 -0.2605
vn 0.0051 0.7259 -0.6878
vn 0.0091 0.6473 -0.7622
vn 0.0897 0.4686 -0.8789
vn 0.0351 -0.1158 -0.9927
vn 0.9874 -0.0317 -0.1550
vn -0.9572 -0.0206 0.2888
vn -0.9935 -0.1109 0.0250
vn -0.9808 -0.1915 0.0369
vn -0.9785 -0.1907 0.0788
vn -0.9284 0.2590 0.2666
vn -0.6720 0.5896 0.4481
vn -0.8751 0.3593 0.3243
vn 0.9786 0.1232 0.1650
vn -0.9951 0.0006 0.0989
vn -0.9952 -0.0040 0.0981
vn 0.9505 0.2124 0.2268
vn -0.9914 -0.0588 -0.1171
vn -0.9921 -0.0459 -0.1165
vn -0.8987 0.3685 -0.2378
vn -0.9236 0.3153 -0.2183
vn -0.9652 -0.2195 -0.1422
vn -0.9612 -0.2278 -0.1555
vn -0.9678 -0.1972 -0.1562
vn -0.9657 -0.2039 -0.1610
vn -0.0000 -0.6404 -0.7680
vn 0.9868 -0.0864 -0.1371
vn -0.0000 1.0000 -0.0000
vn 0.9870 -0.0314 0.1577
vn 0.7250 -0.5928 0.3507
vn 0.9891 0.0359 -0.1431
vn -0.0000 -0.7157 0.6984
vn -0.9946 0.0397 0.0964
vn -0.9946 0.0382 0.0969
vn 0.6650 -0.5752 -0.4765
vn 0.9598 0.1267 -0.2504
vn -0.7305 0.6040 -0.3188
vn 0.9855 0.1331 0.1052
vn -0.0000 -0.0221 0.9998
vn 0.2728 0.7306 0.6260
vn -0.0000 0.3726 0.9280
vn -0.2728 0.6923 0.6680
vn -0.0000 -0.1910 -0.9816
vn -0.0000 0.9500 -0.3121
vn -0.0000 0.1667 -0.9860
vn -0.0000 0.1376 -0.9905
vn -0.0000 0.6335 -0.7737
vn -0.0000 0.6882 -0.7255
vn -0.9571 -0.0205 0.2889
vn -0.9935 -0.1109 0.0249
vn 0.9505 0.2123 0.2268
vn -0.9914 -0.0586 -0.1171
vn -0.9921 -0.0461 -0.1165
vn -0.0000 0.1910 0.9816
vn -0.0000 -0.4795 0.8776
vn -0.0000 -0.8123 0.5833
vn -0.0000 -0.9958 0.0916
vn -0.0000 -0.8981 -0.4398
vn -0.0000 -0.5331 -0.8461
vn -0.0000 -0.2001 -0.9798
vn -0.0000 0.2431 -0.9700
vn 0.2722 0.8025 0.5309
vn -0.2728 0.6972 0.6630
vn -0.0000 0.4324 0.9017
vn -0.0000 0.2001 0.9798
vn -0.0000 0.7229 -0.6910
vn -0.0000 0.4795 -0.8776
vn -0.9874 -0.0317 -0.1550
vn 0.9850 -0.1639 0.0535
vn 0.9785 -0.1907 0.0788
vn 0.9808 -0.1915 0.0369
vn 0.9650 0.0327 0.2602
vn 0.9284 0.2590 0.2666
vn 0.8751 0.3593 0.3243
vn 0.6720 0.5896 0.4481
vn -0.9786 0.1232 0.1650
vn 0.9951 0.0006 0.0989
vn 0.9952 -0.0040 0.0981
vn -0.9505 0.2124 0.2268
vn 0.9914 -0.0588 -0.1171
vn 0.9236 0.3153 -0.2183
vn 0.8987 0.3685 -0.2378
vn 0.9921 -0.0459 -0.1165
vn 0.9652 -0.2195 -0.1422
vn 0.9657 -0.2039 -0.1610
vn 0.9678 -0.1972 -0.1562
vn 0.9612 -0.2278 -0.1555
vn -0.9868 -0.0864 -0.1371
vn -0.9870 -0.0314 0.1577
vn -0.7250 -0.5928 0.3507
vn -0.9891 0.0359 -0.1431
vn 0.9946 0.0397 0.0964
vn 0.9946 0.0382 0.0969
vn -0.6650 -0.5752 -0.4765
vn -0.9598 0.1267 -0.2504
vn 0.7305 0.6040 -0.3188
vn -0.9855 0.1331 0.1052
vn -0.2728 0.7306 0.6260
vn -0.2729 0.6972 0.6630
vn 0.9650 0.0328 0.2603
vn 0.9850 -0.1640 0.0533
vn 0.9284 0.2592 0.2663
vn -0.9505 0.2123 0.2268
vn -0.2698 -0.8148 -0.5131
vn 0.2727 -0.6923 -0.6681
vn -0.0130 -0.3993 -0.9167
vn -0.0067 -0.4658 -0.8849
vn -0.0000 -0.9864 -0.1641
vn -0.0000 -0.9810 -0.1938
vn -0.0414 0.2270 0.9730
vn -0.0585 0.2418 0.9686
vn -0.0772 0.1944 -0.9779
vn -0.1050 -0.2075 -0.9726
vn -0.0000 -0.9655 0.2605
vn -0.0000 -0.9240 0.3824
vn -0.0051 -0.7259 0.6878
vn -0.0352 0.1157 0.9927
vn -0.0897 -0.4685 0.8789
vn -0.0091 -0.6473 0.7622
vn -0.2722 -0.8025 -0.5309
vn -0.0000 -0.4324 -0.9017
vn -0.0000 -0.3726 -0.9280
vn 0.2728 -0.6972 -0.6630
vn -0.0000 -0.7229 0.6910
vn -0.0000 -0.6335 0.7737
vt 0.000000 0.000000
s 1
usemtl Black
f 1468/176/1977 1472/176/1978 1481/176/1979 1478/176/1980
f 1468/176/1977 1478/176/1980 1479/176/1981 1469/176/1982
f 1467/176/1983 1477/176/1983 1470/176/1984
f 1464/176/1985 1466/176/1986 1476/176/1986 1474/176/1987
f 1469/176/1982 1479/176/1981 1480/176/1988 1471/176/1989
f 1472/176/1978 1464/176/1985 1474/176/1987 1481/176/1979
f 1473/176/1990 1482/176/1991 1475/176/1992 1465/176/1993
f 1466/176/1986 1463/176/1986 1476/176/1986
f 1465/176/1993 1475/176/1992 1477/176/1983 1467/176/1983
f 1471/176/1989 1480/176/1988 1482/176/1991 1473/176/1990
s 0
f 1485/176/1994 1492/176/1994 1512/176/1994 1508/176/1994
s 1
f 1478/176/1995 1498/176/1996 1499/176/1997 1479/176/1998
f 1476/176/1999 1463/176/2000 1504/176/2000 1496/176/2001
s 0
f 1486/176/2002 1506/176/2002 1513/176/2002 1493/176/2002
s 1
f 1474/176/2003 1476/176/1999 1496/176/2001 1497/176/2004
s 0
f 1493/176/2005 1513/176/2005 1511/176/2005 1491/176/2005
s 1
f 1475/176/2006 1495/176/2007 1494/176/2008 1477/176/2009
f 1480/176/2010 1500/176/2011 1502/176/2012 1482/176/2013
s 0
f 1463/176/2014 1483/176/2014 1515/176/2014 1504/176/2014
f 1492/176/2015 1489/176/2015 1509/176/2015 1512/176/2015
f 1506/176/2016 1513/176/2016 1535/176/2016 1528/176/2016
s 1
f 1497/176/2016 1496/176/2016 1518/176/2016 1519/176/2016
f 1494/176/2016 1503/176/2016 1525/176/2016 1516/176/2016
s 0
f 1513/176/2016 1511/176/2016 1533/176/2016 1535/176/2016
s 1
f 1495/176/2016 1494/176/2016 1516/176/2016 1517/176/2016
f 1501/176/2016 1497/176/2016 1519/176/2016 1523/176/2016
s 0
f 1504/176/2016 1515/176/2016 1537/176/2016 1526/176/2016
f 1512/176/2016 1509/176/2016 1531/176/2016 1534/176/2016
s 1
f 1502/176/2016 1495/176/2016 1517/176/2016 1524/176/2016
s 0
f 1511/176/2016 1510/176/2016 1532/176/2016 1533/176/2016
f 1488/176/2017 1505/176/2017 1506/176/2017 1486/176/2017
s 1
f 1479/176/1998 1499/176/1997 1500/176/2011 1480/176/2010
s 0
f 1484/176/2018 1514/176/2018 1505/176/2018 1488/176/2018
f 1487/176/2019 1485/176/2019 1508/176/2019 1507/176/2019
f 1470/176/2020 1503/176/2020 1514/176/2020 1484/176/2020
s 1
f 1481/176/2021 1474/176/2003 1497/176/2004 1501/176/2022
s 0
f 1483/176/2023 1487/176/2023 1507/176/2023 1515/176/2023
f 1490/176/2024 1510/176/2024 1509/176/2024 1489/176/2024
s 1
f 1478/176/1995 1481/176/2021 1501/176/2022 1498/176/1996
f 1477/176/2009 1494/176/2008 1503/176/2025 1470/176/2025
s 0
f 1491/176/2026 1511/176/2026 1510/176/2026 1490/176/2026
s 1
f 1482/176/2013 1502/176/2012 1495/176/2007 1475/176/2006
f 1519/176/2027 1518/176/1986 1529/176/1986 1530/176/2027
f 1520/176/2028 1523/176/2029 1534/176/2029 1531/176/2030
f 1520/176/2028 1531/176/2030 1532/176/1981 1521/176/1982
f 1523/176/2029 1519/176/2027 1530/176/2027 1534/176/2029
f 1516/176/2031 1527/176/2031 1536/176/2031 1525/176/2031
f 1521/176/1982 1532/176/1981 1533/176/1988 1522/176/2032
f 1517/176/2033 1528/176/2034 1527/176/2031 1516/176/2031
f 1518/176/1986 1526/176/1986 1537/176/1986 1529/176/1986
f 1522/176/2032 1533/176/1988 1535/176/2035 1524/176/2036
f 1524/176/2036 1535/176/2035 1528/176/2034 1517/176/2033
f 1496/176/2016 1504/176/2016 1526/176/2016 1518/176/2016
f 1498/176/2016 1499/176/2016 1521/176/2016 1520/176/2016
s 0
f 1508/176/2016 1512/176/2016 1534/176/2016 1530/176/2016
f 1505/176/2016 1506/176/2016 1528/176/2016 1527/176/2016
s 1
f 1499/176/2016 1500/176/2016 1522/176/2016 1521/176/2016
s 0
f 1514/176/2016 1505/176/2016 1527/176/2016 1536/176/2016
f 1507/176/2016 1508/176/2016 1530/176/2016 1529/176/2016
f 1503/176/2016 1514/176/2016 1536/176/2016 1525/176/2016
s 1
f 1498/176/2016 1501/176/2016 1523/176/2016 1520/176/2016
s 0
f 1515/176/2016 1507/176/2016 1529/176/2016 1537/176/2016
f 1510/176/2016 1509/176/2016 1531/176/2016 1532/176/2016
s 1
f 1500/176/2016 1502/176/2016 1524/176/2016 1522/176/2016
f 1479/176/1997 1543/176/1998 1542/176/2037 1478/176/2038
f 1463/176/2000 1476/176/2001 1540/176/1999 1548/176/2000
s 0
f 1493/176/2002 1557/176/2002 1550/176/2002 1486/176/2002
s 1
f 1476/176/2001 1474/176/2004 1541/176/2003 1540/176/1999
s 0
f 1491/176/2039 1555/176/2039 1557/176/2039 1493/176/2039
s 1
f 1477/176/2008 1538/176/2009 1539/176/2040 1475/176/2041
f 1482/176/2012 1546/176/2013 1544/176/2010 1480/176/2011
s 0
f 1483/176/2014 1463/176/2014 1548/176/2014 1559/176/2014
f 1489/176/2015 1492/176/2015 1556/176/2015 1553/176/2015
s 1
f 1475/176/2041 1539/176/2040 1546/176/2013 1482/176/2012
s 0
f 1558/176/2042 1549/176/2042 1538/176/2042 1547/176/2042
f 1549/176/2042 1550/176/2042 1539/176/2042 1538/176/2042
f 1546/176/2043 1539/176/2043 1550/176/2043 1557/176/2043
f 1544/176/2044 1546/176/2044 1557/176/2044 1555/176/2044
f 1555/176/2045 1554/176/2045 1543/176/2045 1544/176/2045
f 1542/176/2046 1543/176/2046 1554/176/2046 1553/176/2046
f 1556/176/2047 1545/176/2047 1542/176/2047 1553/176/2047
f 1552/176/2048 1541/176/2048 1545/176/2048 1556/176/2048
f 1551/176/2049 1540/176/2049 1541/176/2049 1552/176/2049
f 1559/176/2049 1548/176/2049 1540/176/2049 1551/176/2049
f 1492/176/1994 1485/176/1994 1552/176/1994 1556/176/1994
f 1486/176/2017 1550/176/2017 1549/176/2017 1488/176/2017
s 1
f 1480/176/2011 1544/176/2010 1543/176/1998 1479/176/1997
s 0
f 1488/176/2018 1549/176/2018 1558/176/2018 1484/176/2018
f 1485/176/2019 1487/176/2019 1551/176/2019 1552/176/2019
f 1484/176/2020 1558/176/2020 1547/176/2020 1470/176/2020
s 1
f 1474/176/2004 1481/176/2022 1545/176/2021 1541/176/2003
s 0
f 1487/176/2023 1483/176/2023 1559/176/2023 1551/176/2023
f 1489/176/2024 1553/176/2024 1554/176/2024 1490/176/2024
s 1
f 1481/176/2022 1478/176/2038 1542/176/2037 1545/176/2021
f 1470/176/2025 1547/176/2025 1538/176/2009 1477/176/2008
s 0
f 1490/176/2026 1554/176/2026 1555/176/2026 1491/176/2026
s 1
f 1566/176/2050 1578/176/2051 1581/176/2029 1572/176/2052
f 1566/176/2050 1567/176/1982 1579/176/1981 1578/176/2051
f 1571/176/2031 1568/176/2031 1577/176/2031
f 1561/176/1986 1574/176/1986 1576/176/1986 1563/176/1986
f 1567/176/1982 1569/176/1989 1580/176/1988 1579/176/1981
f 1572/176/2052 1581/176/2029 1574/176/2053 1565/176/2053
f 1573/176/2054 1570/176/2055 1575/176/2055 1582/176/2035
f 1563/176/1986 1576/176/1986 1560/176/1986
f 1562/176/2031 1564/176/2031 1577/176/2031 1575/176/2031
f 1569/176/1989 1573/176/2054 1582/176/2035 1580/176/1988
s 0
f 1585/176/2056 1608/176/2056 1612/176/2056 1592/176/2056
s 1
f 1578/176/2057 1579/176/2058 1599/176/2059 1598/176/2060
f 1576/176/2061 1596/176/2062 1604/176/2063 1560/176/2063
s 0
f 1586/176/2064 1593/176/2064 1613/176/2064 1606/176/2064
s 1
f 1574/176/2065 1597/176/2066 1596/176/2062 1576/176/2061
s 0
f 1593/176/2067 1591/176/2067 1611/176/2067 1613/176/2067
s 1
f 1575/176/2068 1577/176/2069 1594/176/2070 1595/176/2071
f 1580/176/2072 1582/176/2073 1602/176/2074 1600/176/2075
s 0
f 1560/176/2014 1604/176/2014 1615/176/2014 1583/176/2014
f 1592/176/2076 1612/176/2076 1609/176/2076 1589/176/2076
f 1606/176/2016 1613/176/2016 1635/176/2016 1628/176/2016
s 1
f 1597/176/2016 1596/176/2016 1618/176/2016 1619/176/2016
f 1594/176/2016 1603/176/2016 1625/176/2016 1616/176/2016
s 0
f 1613/176/2016 1611/176/2016 1633/176/2016 1635/176/2016
s 1
f 1595/176/2016 1594/176/2016 1616/176/2016 1617/176/2016
f 1601/176/2016 1597/176/2016 1619/176/2016 1623/176/2016
s 0
f 1604/176/2016 1615/176/2016 1637/176/2016 1626/176/2016
f 1612/176/2016 1609/176/2016 1631/176/2016 1634/176/2016
s 1
f 1602/176/2016 1595/176/2016 1617/176/2016 1624/176/2016
s 0
f 1611/176/2016 1610/176/2016 1632/176/2016 1633/176/2016
f 1588/176/2077 1586/176/2077 1606/176/2077 1605/176/2077
s 1
f 1579/176/2058 1580/176/2072 1600/176/2075 1599/176/2059
s 0
f 1584/176/2078 1588/176/2078 1605/176/2078 1614/176/2078
f 1587/176/2079 1607/176/2079 1608/176/2079 1585/176/2079
f 1568/176/2020 1584/176/2020 1614/176/2020 1603/176/2020
s 1
f 1581/176/2080 1601/176/2081 1597/176/2066 1574/176/2065
s 0
f 1583/176/2082 1615/176/2082 1607/176/2082 1587/176/2082
f 1590/176/2083 1589/176/2083 1609/176/2083 1610/176/2083
s 1
f 1578/176/2057 1598/176/2060 1601/176/2081 1581/176/2080
f 1577/176/2069 1568/176/2084 1603/176/2084 1594/176/2070
s 0
f 1591/176/2085 1590/176/2085 1610/176/2085 1611/176/2085
s 1
f 1582/176/2073 1575/176/2068 1595/176/2071 1602/176/2074
f 1619/176/2027 1630/176/2027 1629/176/1986 1618/176/1986
f 1620/176/2086 1631/176/2087 1634/176/2029 1623/176/2029
f 1620/176/2086 1621/176/1982 1632/176/1981 1631/176/2087
f 1623/176/2029 1634/176/2029 1630/176/2027 1619/176/2027
f 1616/176/2031 1625/176/2031 1636/176/2031 1627/176/2031
f 1621/176/1982 1622/176/2032 1633/176/1988 1632/176/1981
f 1617/176/2033 1616/176/2031 1627/176/2031 1628/176/2034
f 1618/176/1986 1629/176/1986 1637/176/1986 1626/176/1986
f 1622/176/2032 1624/176/2036 1635/176/2035 1633/176/1988
f 1624/176/2036 1617/176/2033 1628/176/2034 1635/176/2035
f 1596/176/2016 1604/176/2016 1626/176/2016 1618/176/2016
f 1598/176/2016 1599/176/2016 1621/176/2016 1620/176/2016
s 0
f 1608/176/2016 1612/176/2016 1634/176/2016 1630/176/2016
f 1605/176/2016 1606/176/2016 1628/176/2016 1627/176/2016
s 1
f 1599/176/2016 1600/176/2016 1622/176/2016 1621/176/2016
s 0
f 1614/176/2016 1605/176/2016 1627/176/2016 1636/176/2016
f 1607/176/2016 1608/176/2016 1630/176/2016 1629/176/2016
f 1603/176/2016 1614/176/2016 1636/176/2016 1625/176/2016
s 1
f 1598/176/2016 1601/176/2016 1623/176/2016 1620/176/2016
s 0
f 1615/176/2016 1607/176/2016 1629/176/2016 1637/176/2016
f 1610/176/2016 1609/176/2016 1631/176/2016 1632/176/2016
s 1
f 1600/176/2016 1602/176/2016 1624/176/2016 1622/176/2016
f 1579/176/2059 1578/176/2088 1642/176/2089 1643/176/2058
f 1560/176/2063 1648/176/2063 1640/176/2090 1576/176/2062
s 0
f 1593/176/2064 1586/176/2064 1650/176/2064 1657/176/2064
s 1
f 1576/176/2062 1640/176/2090 1641/176/2065 1574/176/2066
s 0
f 1591/176/2091 1593/176/2091 1657/176/2091 1655/176/2091
s 1
f 1577/176/2070 1575/176/2071 1639/176/2068 1638/176/2069
f 1582/176/2074 1580/176/2075 1644/176/2072 1646/176/2073
s 0
f 1583/176/2014 1659/176/2014 1648/176/2014 1560/176/2014
f 1589/176/2076 1653/176/2076 1656/176/2076 1592/176/2076
s 1
f 1575/176/2071 1582/176/2074 1646/176/2073 1639/176/2068
s 0
f 1658/176/2042 1647/176/2042 1638/176/2042 1649/176/2042
f 1649/176/2042 1638/176/2042 1639/176/2042 1650/176/2042
f 1646/176/2043 1657/176/2043 1650/176/2043 1639/176/2043
f 1644/176/2044 1655/176/2044 1657/176/2044 1646/176/2044
f 1655/176/2045 1644/176/2045 1643/176/2045 1654/176/2045
f 1642/176/2046 1653/176/2046 1654/176/2046 1643/176/2046
f 1656/176/2047 1653/176/2047 1642/176/2047 1645/176/2047
f 1652/176/2048 1656/176/2048 1645/176/2048 1641/176/2048
f 1651/176/2049 1652/176/2049 1641/176/2049 1640/176/2049
f 1659/176/2049 1651/176/2049 1640/176/2049 1648/176/2049
f 1592/176/2056 1656/176/2056 1652/176/2056 1585/176/2056
f 1586/176/2077 1588/176/2077 1649/176/2077 1650/176/2077
s 1
f 1580/176/2075 1579/176/2059 1643/176/2058 1644/176/2072
s 0
f 1588/176/2078 1584/176/2078 1658/176/2078 1649/176/2078
f 1585/176/2079 1652/176/2079 1651/176/2079 1587/176/2079
f 1584/176/2020 1568/176/2020 1647/176/2020 1658/176/2020
s 1
f 1574/176/2066 1641/176/2065 1645/176/2080 1581/176/2081
s 0
f 1587/176/2082 1651/176/2082 1659/176/2082 1583/176/2082
f 1589/176/2083 1590/176/2083 1654/176/2083 1653/176/2083
s 1
f 1581/176/2081 1645/176/2080 1642/176/2089 1578/176/2088
f 1568/176/2084 1577/176/2070 1638/176/2069 1647/176/2084
s 0
f 1590/176/2085 1591/176/2085 1655/176/2085 1654/176/2085
s 1
usemtl Black.004
f 1665/176/2092 1675/176/2093 1678/176/2094 1669/176/2095
f 1665/176/2092 1666/176/2096 1676/176/2097 1675/176/2093
f 1664/176/2098 1667/176/2099 1674/176/2098
f 1661/176/2100 1671/176/2101 1673/176/2049 1663/176/2049
f 1666/176/2096 1668/176/2102 1677/176/2103 1676/176/2097
f 1669/176/2095 1678/176/2094 1671/176/2101 1661/176/2100
f 1670/176/2104 1662/176/2105 1672/176/2106 1679/176/2107
f 1663/176/2049 1673/176/2049 1660/176/2049
f 1662/176/2105 1664/176/2098 1674/176/2098 1672/176/2106
f 1668/176/2102 1670/176/2104 1679/176/2107 1677/176/2103
f 1686/176/2108 1692/176/2109 1701/176/2110 1698/176/2111
f 1686/176/2108 1698/176/2111 1699/176/2097 1687/176/2096
f 1691/176/2042 1697/176/2042 1688/176/2042
f 1681/176/2049 1683/176/2049 1696/176/2049 1694/176/2049
f 1687/176/2096 1699/176/2097 1700/176/2103 1689/176/2102
f 1692/176/2109 1685/176/2048 1694/176/2048 1701/176/2110
f 1693/176/2112 1702/176/2113 1695/176/2043 1690/176/2043
f 1683/176/2049 1680/176/2049 1696/176/2049
f 1682/176/2042 1695/176/2042 1697/176/2042 1684/176/2042
f 1689/176/2102 1700/176/2103 1702/176/2113 1693/176/2112
o Upper_Arms
v 0.570316 3.750069 -0.322883
v 0.669008 3.897669 -0.314556
v 0.729678 3.906098 -0.430541
v 0.545904 3.635479 -0.415688
v 0.523723 3.674076 -0.516629
v 0.590821 3.721521 -0.570493
v 0.679771 3.852113 -0.554893
v 0.850509 3.502686 -0.296273
v 0.893270 3.566568 -0.405189
v 0.811547 3.566059 -0.547332
v 0.743791 3.528816 -0.580043
v 0.706025 3.460742 -0.487284
v 0.706842 3.424808 -0.370009
v 0.742506 3.435589 -0.310592
v 0.570316 3.750069 -0.322883
v 0.669008 3.897669 -0.314556
v 0.729678 3.906098 -0.430541
v 0.545904 3.635479 -0.415688
v 0.523723 3.674076 -0.516629
v 0.590821 3.721521 -0.570493
v 0.679771 3.852113 -0.554893
v 0.659764 3.904454 -0.315777
v 0.561073 3.756854 -0.324103
v 0.720434 3.912882 -0.431761
v 0.670528 3.858897 -0.556113
v 0.581578 3.728305 -0.571713
v 0.514480 3.680861 -0.517850
v 0.536660 3.642264 -0.416909
v 0.672220 3.904177 -0.307217
v 0.568065 3.748406 -0.316004
v 0.736249 3.913073 -0.429622
v 0.683580 3.856099 -0.560859
v 0.589705 3.718277 -0.577322
v 0.518892 3.668206 -0.520477
v 0.542301 3.627472 -0.413947
v 0.662465 3.911338 -0.308504
v 0.558310 3.755566 -0.317292
v 0.726494 3.920233 -0.430910
v 0.673825 3.863259 -0.562146
v 0.579950 3.725437 -0.578610
v 0.509137 3.675366 -0.521764
v 0.532546 3.634632 -0.415235
v 0.854691 3.496853 -0.298294
v 0.746688 3.429756 -0.312613
v 0.897452 3.560735 -0.407210
v 0.747972 3.522983 -0.582064
v 0.710206 3.454910 -0.489305
v 0.815729 3.560226 -0.549353
v 0.711024 3.418975 -0.372030
v 0.852529 3.502910 -0.292396
v 0.741374 3.433856 -0.307133
v 0.896537 3.568657 -0.404491
v 0.742696 3.529803 -0.584447
v 0.703828 3.459743 -0.488981
v 0.812430 3.568133 -0.550782
v 0.704669 3.422760 -0.368284
v 0.856832 3.496907 -0.294477
v 0.745677 3.427853 -0.309213
v 0.900841 3.562654 -0.406571
v 0.746999 3.523800 -0.586527
v 0.708131 3.453740 -0.491061
v 0.816733 3.562130 -0.552862
v 0.708973 3.416757 -0.370364
v -0.570316 3.750069 -0.322883
v -0.669008 3.897669 -0.314556
v -0.729678 3.906098 -0.430541
v -0.545904 3.635479 -0.415688
v -0.523723 3.674076 -0.516629
v -0.590821 3.721521 -0.570493
v -0.679771 3.852113 -0.554893
v -0.850509 3.502686 -0.296273
v -0.893270 3.566568 -0.405189
v -0.811547 3.566059 -0.547332
v -0.743791 3.528816 -0.580043
v -0.706025 3.460742 -0.487284
v -0.706842 3.424808 -0.370009
v -0.742506 3.435589 -0.310592
v -0.570316 3.750069 -0.322883
v -0.669008 3.897669 -0.314556
v -0.729678 3.906098 -0.430541
v -0.545904 3.635479 -0.415688
v -0.523723 3.674076 -0.516629
v -0.590821 3.721521 -0.570493
v -0.679771 3.852113 -0.554893
v -0.659764 3.904454 -0.315777
v -0.561073 3.756854 -0.324103
v -0.720434 3.912882 -0.431761
v -0.670528 3.858897 -0.556113
v -0.581578 3.728305 -0.571713
v -0.514480 3.680861 -0.517850
v -0.536660 3.642264 -0.416909
v -0.672220 3.904177 -0.307217
v -0.568065 3.748406 -0.316004
v -0.736249 3.913073 -0.429622
v -0.683580 3.856099 -0.560859
v -0.589705 3.718277 -0.577322
v -0.518892 3.668206 -0.520477
v -0.542301 3.627472 -0.413947
v -0.662465 3.911338 -0.308504
v -0.558310 3.755566 -0.317292
v -0.726494 3.920233 -0.430910
v -0.673825 3.863259 -0.562146
v -0.579950 3.725437 -0.578610
v -0.509137 3.675366 -0.521764
v -0.532546 3.634632 -0.415235
v -0.854691 3.496853 -0.298294
v -0.746688 3.429756 -0.312613
v -0.897452 3.560735 -0.407210
v -0.747972 3.522983 -0.582064
v -0.710206 3.454910 -0.489305
v -0.815729 3.560226 -0.549353
v -0.711024 3.418975 -0.372030
v -0.852529 3.502910 -0.292396
v -0.741374 3.433856 -0.307133
v -0.896537 3.568657 -0.404491
v -0.742696 3.529803 -0.584447
v -0.703828 3.459743 -0.488981
v -0.812430 3.568133 -0.550782
v -0.704669 3.422760 -0.368284
v -0.856832 3.496907 -0.294477
v -0.745677 3.427853 -0.309213
v -0.900841 3.562654 -0.406571
v -0.746999 3.523800 -0.586527
v -0.708131 3.453740 -0.491061
v -0.816733 3.562130 -0.552862
v -0.708973 3.416757 -0.370364
vn -0.0726 -0.4706 0.8794
vn -0.9808 0.1203 0.1533
vn -0.1012 -0.0076 0.9948
vn 0.7797 0.3952 0.4857
vn -0.5118 -0.4580 -0.7269
vn 0.1570 -0.5107 -0.8453
vn -0.4718 0.1775 -0.8636
vn 0.1813 0.1119 -0.9770
vn 0.8068 0.3562 -0.4713
vn -0.7071 -0.3829 0.5944
vn -0.2680 0.7320 0.6264
vn -0.7577 -0.6378 -0.1380
vn -0.0000 1.0000 -0.0000
vn 0.7537 -0.6328 0.1774
vn 0.7372 -0.6490 0.1878
vn 0.7663 -0.6396 0.0618
vn 0.7764 -0.6254 0.0777
vn -0.8016 0.5884 -0.1058
vn -0.8017 0.5977 -0.0059
vn -0.7958 0.6056 0.0030
vn -0.7304 0.6744 -0.1081
vn -0.7524 0.6520 -0.0936
vn 0.7041 -0.6870 0.1798
vn 0.7108 -0.6886 0.1434
vn -0.7573 0.6396 -0.1318
vn -0.7493 0.6382 -0.1769
vn 0.7384 -0.6314 0.2367
vn 0.7588 -0.6153 0.2135
vn -0.7636 0.5860 -0.2712
vn -0.7511 0.5955 -0.2848
vn 0.8688 -0.4643 0.1721
vn 0.8702 -0.4613 0.1733
vn -0.3226 -0.2767 0.9052
vn -0.2877 -0.2246 0.9310
vn -0.5913 -0.7543 0.2853
vn -0.5818 -0.7271 0.3646
vn -0.4650 -0.7249 -0.5082
vn -0.4361 -0.6966 -0.5697
vn -0.0831 -0.2849 -0.9549
vn -0.0567 -0.2510 -0.9663
vn 0.3986 0.3942 -0.8281
vn 0.3805 0.3657 -0.8494
vn 0.5968 0.7979 -0.0845
vn 0.5976 0.7939 -0.1125
vn 0.2813 0.5274 0.8017
vn 0.2288 0.4655 0.8549
vn -0.7557 0.6418 0.1305
vn -0.7472 0.6575 0.0969
vn 0.7876 -0.6139 -0.0522
vn 0.7980 -0.5953 -0.0938
vn -0.8679 0.4881 0.0921
vn -0.8777 0.4786 0.0246
vn 0.9059 -0.4198 -0.0563
vn 0.8970 -0.4278 -0.1115
vn -0.8393 0.4833 -0.2491
vn -0.8408 0.4799 -0.2504
vn 0.5971 -0.7626 -0.2489
vn -0.2013 -0.9792 -0.0267
vn 0.6298 -0.7334 -0.2558
vn 0.6272 -0.7376 -0.2499
vn 0.5608 -0.7823 -0.2711
vn 0.5723 -0.7763 -0.2645
vn -0.5588 0.7792 0.2838
vn -0.5589 0.7812 0.2781
vn -0.5648 0.7631 0.3143
vn -0.5626 0.7642 0.3155
vn 0.0942 -0.8746 0.4756
vn 0.5326 -0.7984 -0.2808
vn 0.5421 -0.7939 -0.2756
vn 0.5124 -0.8108 -0.2829
vn 0.5124 -0.8104 -0.2842
vn -0.5743 0.7567 0.3124
vn -0.5765 0.7549 0.3125
vn 0.6021 -0.7518 -0.2689
vn 0.5902 -0.7614 -0.2680
vn -0.5473 0.8022 0.2386
vn -0.5469 0.8025 0.2384
vn -0.8108 -0.4526 -0.3711
vn -0.8115 -0.4546 -0.3671
vn -0.9590 0.0261 0.2821
vn 0.8221 0.5650 0.0701
vn 0.8226 0.5636 0.0753
vn 0.4656 0.5687 -0.6781
vn 0.4585 0.5661 -0.6851
vn -0.6094 0.1185 0.7839
vn 0.4951 0.0545 0.8671
vn 0.4792 0.0397 0.8768
vn -0.3772 0.0501 -0.9248
vn -0.3551 0.0685 -0.9323
vn 0.5225 -0.8048 -0.2816
vn 0.5228 -0.8046 -0.2817
vn -0.5712 0.7692 0.2865
vn -0.5665 0.7765 0.2761
vn 0.4680 0.1291 0.8743
vn 0.1012 -0.0076 0.9948
vn -0.2142 0.6276 0.7485
vn -0.7797 0.3952 0.4857
vn 0.5118 -0.4580 -0.7269
vn 0.0173 -0.3998 -0.9164
vn 0.3835 0.1182 -0.9159
vn -0.1813 0.1119 -0.9770
vn -0.8068 0.3562 -0.4713
vn 0.9946 -0.0858 -0.0583
vn 0.7071 -0.3829 0.5944
vn 0.7577 -0.6378 -0.1380
vn -0.7537 -0.6328 0.1774
vn -0.7764 -0.6254 0.0777
vn -0.7663 -0.6395 0.0618
vn -0.7372 -0.6490 0.1878
vn 0.8016 0.5884 -0.1058
vn 0.8017 0.5977 -0.0059
vn 0.7524 0.6520 -0.0936
vn 0.7304 0.6744 -0.1081
vn 0.7958 0.6056 0.0030
vn -0.7109 -0.6886 0.1434
vn -0.7041 -0.6870 0.1798
vn 0.7573 0.6396 -0.1318
vn 0.7493 0.6382 -0.1769
vn -0.7588 -0.6153 0.2135
vn -0.7384 -0.6314 0.2367
vn 0.7636 0.5860 -0.2712
vn 0.7511 0.5955 -0.2848
vn -0.8702 -0.4613 0.1733
vn -0.8688 -0.4643 0.1721
vn 0.3226 -0.2767 0.9052
vn 0.5818 -0.7271 0.3646
vn 0.5913 -0.7543 0.2852
vn 0.2877 -0.2246 0.9310
vn 0.4650 -0.7249 -0.5082
vn 0.0567 -0.2510 -0.9663
vn 0.0831 -0.2849 -0.9549
vn 0.4361 -0.6966 -0.5697
vn -0.3986 0.3942 -0.8281
vn -0.5976 0.7939 -0.1125
vn -0.5968 0.7979 -0.0845
vn -0.3805 0.3657 -0.8494
vn -0.2813 0.5274 0.8017
vn -0.2288 0.4655 0.8549
vn 0.7472 0.6575 0.0969
vn 0.7557 0.6418 0.1305
vn -0.7876 -0.6139 -0.0522
vn -0.7980 -0.5953 -0.0938
vn 0.8777 0.4786 0.0246
vn 0.8679 0.4881 0.0921
vn -0.9059 -0.4198 -0.0563
vn -0.8969 -0.4278 -0.1115
vn 0.8408 0.4799 -0.2504
vn 0.8392 0.4833 -0.2491
vn -0.5971 -0.7626 -0.2489
vn -0.6272 -0.7376 -0.2499
vn -0.6298 -0.7334 -0.2558
vn 0.2013 -0.9792 -0.0267
vn -0.5608 -0.7823 -0.2711
vn -0.5723 -0.7763 -0.2645
vn 0.5588 0.7792 0.2838
vn 0.5626 0.7642 0.3155
vn 0.5648 0.7631 0.3143
vn 0.5589 0.7812 0.2781
vn -0.0942 -0.8746 0.4756
vn -0.5326 -0.7984 -0.2808
vn -0.5124 -0.8104 -0.2842
vn -0.5124 -0.8108 -0.2829
vn -0.5421 -0.7939 -0.2756
vn 0.5765 0.7550 0.3125
vn 0.5743 0.7567 0.3124
vn -0.6021 -0.7518 -0.2689
vn -0.5902 -0.7614 -0.2680
vn 0.5473 0.8022 0.2386
vn 0.5469 0.8025 0.2384
vn 0.8108 -0.4526 -0.3711
vn 0.9590 0.0261 0.2821
vn 0.8115 -0.4546 -0.3671
vn -0.8221 0.5651 0.0701
vn -0.4585 0.5661 -0.6851
vn -0.4655 0.5687 -0.6781
vn -0.8226 0.5636 0.0753
vn 0.6094 0.1185 0.7839
vn -0.4792 0.0397 0.8768
vn -0.4951 0.0545 0.8671
vn 0.3551 0.0685 -0.9323
vn 0.3772 0.0501 -0.9248
vn -0.5225 -0.8048 -0.2816
vn -0.5228 -0.8046 -0.2817
vn 0.5665 0.7765 0.2761
vn 0.5712 0.7692 0.2865
vt 0.000000 0.000000
s 1
usemtl Black
f 1703/177/2114 1716/177/2115 1710/177/2116 1704/177/2116
f 1705/177/2117 1704/177/2117 1710/177/2117 1711/177/2117
f 1707/177/2118 1708/177/2119 1713/177/2120 1714/177/2118
f 1708/177/2119 1709/177/2121 1712/177/2121 1713/177/2120
f 1709/177/2122 1705/177/2122 1711/177/2122 1712/177/2122
f 1703/177/2114 1706/177/2123 1715/177/2124 1716/177/2115
f 1706/177/2125 1707/177/2125 1714/177/2125 1715/177/2125
f 1708/177/2126 1722/177/2126 1721/177/2126 1707/177/2126
f 1709/177/2126 1723/177/2126 1719/177/2126 1705/177/2126
f 1705/177/2126 1719/177/2126 1718/177/2126 1704/177/2126
f 1707/177/2126 1721/177/2126 1720/177/2126 1706/177/2126
f 1708/177/2126 1722/177/2126 1723/177/2126 1709/177/2126
f 1706/177/2126 1720/177/2126 1717/177/2126 1703/177/2126
f 1704/177/2126 1718/177/2126 1717/177/2126 1703/177/2126
f 1722/177/2127 1735/177/2128 1734/177/2129 1723/177/2130
f 1724/177/2131 1726/177/2131 1727/177/2131 1728/177/2131 1729/177/2131 1730/177/2131 1725/177/2131
f 1727/177/2132 1741/177/2133 1742/177/2134 1728/177/2135
f 1723/177/2130 1734/177/2129 1733/177/2136 1719/177/2137
f 1726/177/2138 1740/177/2139 1741/177/2133 1727/177/2132
f 1719/177/2137 1733/177/2136 1731/177/2140 1718/177/2141
f 1724/177/2142 1738/177/2143 1740/177/2139 1726/177/2138
f 1718/177/2141 1731/177/2140 1732/177/2144 1717/177/2145
f 1732/177/2146 1739/177/2147 1744/177/2148 1737/177/2149
f 1736/177/2150 1743/177/2151 1742/177/2152 1735/177/2153
f 1734/177/2154 1741/177/2155 1740/177/2156 1733/177/2157
f 1731/177/2158 1738/177/2159 1739/177/2147 1732/177/2146
f 1737/177/2149 1744/177/2148 1743/177/2151 1736/177/2150
f 1735/177/2153 1742/177/2152 1741/177/2155 1734/177/2154
f 1733/177/2157 1740/177/2156 1738/177/2159 1731/177/2158
f 1728/177/2135 1742/177/2134 1743/177/2160 1729/177/2161
f 1721/177/2162 1736/177/2163 1735/177/2128 1722/177/2127
f 1729/177/2161 1743/177/2160 1744/177/2164 1730/177/2165
f 1720/177/2166 1737/177/2167 1736/177/2163 1721/177/2162
f 1730/177/2165 1744/177/2164 1739/177/2168 1725/177/2169
f 1717/177/2145 1732/177/2144 1737/177/2167 1720/177/2166
f 1725/177/2169 1739/177/2168 1738/177/2143 1724/177/2142
f 1751/177/2170 1765/177/2171 1763/177/2172 1749/177/2173
f 1745/177/2174 1746/177/2175 1751/177/2170 1749/177/2174 1748/177/2174 1750/177/2174 1747/177/2174
f 1711/177/2176 1754/177/2177 1757/177/2178 1712/177/2179
f 1746/177/2175 1760/177/2180 1765/177/2171 1751/177/2170
f 1750/177/2181 1764/177/2182 1761/177/2183 1747/177/2184
f 1712/177/2179 1757/177/2178 1755/177/2185 1713/177/2186
f 1748/177/2187 1762/177/2188 1764/177/2182 1750/177/2181
f 1710/177/2189 1752/177/2190 1754/177/2177 1711/177/2176
f 1756/177/2191 1763/177/2192 1765/177/2171 1758/177/2193
f 1754/177/2194 1761/177/2195 1764/177/2196 1757/177/2197
f 1753/177/2198 1760/177/2180 1759/177/2199 1752/177/2200
f 1757/177/2197 1764/177/2196 1762/177/2201 1755/177/2202
f 1755/177/2202 1762/177/2201 1763/177/2192 1756/177/2191
f 1758/177/2193 1765/177/2171 1760/177/2180 1753/177/2198
f 1752/177/2200 1759/177/2199 1761/177/2195 1754/177/2194
f 1716/177/2115 1753/177/2198 1752/177/2190 1710/177/2189
f 1745/177/2203 1759/177/2204 1760/177/2180 1746/177/2175
f 1747/177/2184 1761/177/2183 1759/177/2204 1745/177/2203
f 1715/177/2124 1758/177/2193 1753/177/2198 1716/177/2115
f 1713/177/2186 1755/177/2185 1756/177/2205 1714/177/2206
f 1749/177/2173 1763/177/2172 1762/177/2188 1748/177/2187
f 1714/177/2206 1756/177/2205 1758/177/2193 1715/177/2124
f 1766/177/2207 1767/177/2208 1773/177/2208 1779/177/2209
f 1768/177/2210 1774/177/2210 1773/177/2210 1767/177/2210
f 1770/177/2211 1777/177/2211 1776/177/2212 1771/177/2213
f 1771/177/2213 1776/177/2212 1775/177/2214 1772/177/2214
f 1772/177/2215 1775/177/2215 1774/177/2215 1768/177/2215
f 1766/177/2207 1779/177/2209 1778/177/2216 1769/177/2217
f 1769/177/2218 1778/177/2218 1777/177/2218 1770/177/2218
f 1771/177/2126 1785/177/2126 1784/177/2126 1770/177/2126
f 1772/177/2126 1786/177/2126 1782/177/2126 1768/177/2126
f 1768/177/2126 1782/177/2126 1781/177/2126 1767/177/2126
f 1770/177/2126 1784/177/2126 1783/177/2126 1769/177/2126
f 1771/177/2126 1785/177/2126 1786/177/2126 1772/177/2126
f 1769/177/2126 1783/177/2126 1780/177/2126 1766/177/2126
f 1767/177/2126 1781/177/2126 1780/177/2126 1766/177/2126
f 1785/177/2219 1786/177/2220 1797/177/2221 1798/177/2222
f 1787/177/2223 1788/177/2223 1793/177/2223 1792/177/2223 1791/177/2223 1790/177/2223 1789/177/2223
f 1790/177/2224 1791/177/2225 1805/177/2226 1804/177/2227
f 1786/177/2220 1782/177/2228 1796/177/2229 1797/177/2221
f 1789/177/2230 1790/177/2224 1804/177/2227 1803/177/2231
f 1782/177/2228 1781/177/2232 1794/177/2233 1796/177/2229
f 1787/177/2234 1789/177/2230 1803/177/2231 1801/177/2235
f 1781/177/2232 1780/177/2236 1795/177/2237 1794/177/2233
f 1795/177/2238 1800/177/2239 1807/177/2240 1802/177/2241
f 1799/177/2242 1798/177/2243 1805/177/2244 1806/177/2245
f 1797/177/2246 1796/177/2247 1803/177/2248 1804/177/2249
f 1794/177/2250 1795/177/2238 1802/177/2241 1801/177/2251
f 1800/177/2239 1799/177/2242 1806/177/2245 1807/177/2240
f 1798/177/2243 1797/177/2246 1804/177/2249 1805/177/2244
f 1796/177/2247 1794/177/2250 1801/177/2251 1803/177/2248
f 1791/177/2225 1792/177/2252 1806/177/2253 1805/177/2226
f 1784/177/2254 1785/177/2219 1798/177/2222 1799/177/2255
f 1792/177/2252 1793/177/2256 1807/177/2257 1806/177/2253
f 1783/177/2258 1784/177/2254 1799/177/2255 1800/177/2259
f 1793/177/2256 1788/177/2260 1802/177/2261 1807/177/2257
f 1780/177/2236 1783/177/2258 1800/177/2259 1795/177/2237
f 1788/177/2260 1787/177/2234 1801/177/2235 1802/177/2261
f 1814/177/2262 1812/177/2263 1826/177/2264 1828/177/2265
f 1808/177/2266 1810/177/2266 1813/177/2266 1811/177/2266 1812/177/2266 1814/177/2262 1809/177/2267
f 1774/177/2268 1775/177/2269 1820/177/2270 1817/177/2271
f 1809/177/2267 1814/177/2262 1828/177/2265 1823/177/2272
f 1813/177/2273 1810/177/2274 1824/177/2275 1827/177/2276
f 1775/177/2269 1776/177/2277 1818/177/2278 1820/177/2270
f 1811/177/2279 1813/177/2273 1827/177/2276 1825/177/2280
f 1773/177/2281 1774/177/2268 1817/177/2271 1815/177/2282
f 1819/177/2283 1821/177/2284 1828/177/2265 1826/177/2285
f 1817/177/2286 1820/177/2287 1827/177/2288 1824/177/2289
f 1816/177/2290 1815/177/2291 1822/177/2292 1823/177/2272
f 1820/177/2287 1818/177/2293 1825/177/2294 1827/177/2288
f 1818/177/2293 1819/177/2283 1826/177/2285 1825/177/2294
f 1821/177/2284 1816/177/2290 1823/177/2272 1828/177/2265
f 1815/177/2291 1817/177/2286 1824/177/2289 1822/177/2292
f 1779/177/2209 1773/177/2281 1815/177/2282 1816/177/2290
f 1808/177/2295 1809/177/2267 1823/177/2272 1822/177/2296
f 1810/177/2274 1808/177/2295 1822/177/2296 1824/177/2275
f 1778/177/2216 1779/177/2209 1816/177/2290 1821/177/2284
f 1776/177/2277 1777/177/2297 1819/177/2298 1818/177/2278
f 1812/177/2263 1811/177/2279 1825/177/2280 1826/177/2264
f 1777/177/2297 1778/177/2216 1821/177/2284 1819/177/2298
o Upper_Thigh
v -0.041657 2.034832 -0.519490
v -0.214891 2.069905 -0.692361
v -0.406409 2.150492 -0.737525
v -0.525681 2.236763 -0.618541
v -0.578013 2.293556 -0.347052
v -0.557324 1.920609 -0.379123
v -0.513663 1.890452 -0.632335
v -0.404039 1.838747 -0.756766
v -0.229188 1.789726 -0.704719
v -0.096432 1.781270 -0.514386
v -0.092082 2.046781 -0.235753
v -0.308702 2.181461 -0.076907
v -0.515811 2.259912 -0.130114
v -0.144787 1.801331 -0.263196
v -0.323667 1.889547 -0.151336
v -0.480169 1.922985 -0.208239
vn -0.3466 -0.2319 0.9089
vn -0.9369 -0.1250 0.3266
vn -0.9841 -0.0336 -0.1745
vn 0.4630 -0.2210 0.8584
vn -0.7230 0.0189 -0.6906
vn 0.2713 0.0459 -0.9614
vn 0.7564 -0.0891 -0.6480
vn 0.9580 -0.2148 0.1898
vn 0.4281 0.9003 -0.0784
vn -0.2888 -0.9519 0.1021
vt 0.000000 0.000000
s 1
usemtl Black
f 1841/178/2299 1844/178/2299 1843/178/2299 1840/178/2299
f 1834/178/2300 1844/178/2300 1841/178/2300 1833/178/2300
f 1832/178/2301 1835/178/2301 1834/178/2301 1833/178/2301
f 1840/178/2302 1843/178/2302 1842/178/2302 1839/178/2302
f 1836/178/2303 1835/178/2303 1832/178/2303 1831/178/2303
f 1837/178/2304 1836/178/2304 1831/178/2304 1830/178/2304
f 1838/178/2305 1837/178/2305 1830/178/2305 1829/178/2305
f 1842/178/2306 1838/178/2306 1829/178/2306 1839/178/2306
f 1840/178/2307 1839/178/2307 1829/178/2307 1830/178/2307 1831/178/2307 1832/178/2307 1833/178/2307 1841/178/2307
f 1843/178/2308 1844/178/2308 1834/178/2308 1835/178/2308 1836/178/2308 1837/178/2308 1838/178/2308 1842/178/2308
o Knee_Caps
v 0.442735 1.628953 -0.267349
v 0.332845 1.638354 -0.211563
v 0.180748 1.588597 -0.292843
v 0.127992 1.571160 -0.497388
v 0.246542 1.550586 -0.703195
v 0.405993 1.575045 -0.759548
v 0.490972 1.585011 -0.635726
v 0.522082 1.588616 -0.405286
v 0.465841 1.451819 -0.298194
v 0.524733 1.352039 -0.463014
v 0.515265 1.438357 -0.648621
v 0.518069 1.484954 -0.436916
v 0.413360 1.472494 -0.762999
v 0.249798 1.411655 -0.715966
v 0.148695 1.439528 -0.518143
v 0.209825 1.409381 -0.322776
v 0.258132 1.244281 -0.378856
v 0.192818 1.285293 -0.542058
v 0.368246 1.215980 -0.330824
v 0.459185 1.271752 -0.368148
v 0.424760 1.590280 -0.226936
v 0.330973 1.598304 -0.179325
v 0.201163 1.555838 -0.248694
v 0.444480 1.439103 -0.253261
v 0.344512 1.420500 -0.189623
v 0.225979 1.402883 -0.274241
v 0.267207 1.261975 -0.322103
v 0.361186 1.237822 -0.281110
v 0.438800 1.285421 -0.312964
v -0.442735 1.628953 -0.267349
v -0.332845 1.638354 -0.211563
v -0.180748 1.588597 -0.292843
v -0.127992 1.571160 -0.497388
v -0.246542 1.550586 -0.703195
v -0.405993 1.575045 -0.759548
v -0.490972 1.585011 -0.635726
v -0.522082 1.588616 -0.405286
v -0.465841 1.451819 -0.298194
v -0.524733 1.352039 -0.463014
v -0.515265 1.438357 -0.648621
v -0.518069 1.484954 -0.436916
v -0.413360 1.472494 -0.762999
v -0.249798 1.411655 -0.715966
v -0.148695 1.439528 -0.518143
v -0.209825 1.409381 -0.322776
v -0.258132 1.244281 -0.378856
v -0.192818 1.285293 -0.542058
v -0.368246 1.215980 -0.330824
v -0.459185 1.271752 -0.368148
v -0.424760 1.590280 -0.226936
v -0.330973 1.598304 -0.179325
v -0.201163 1.555838 -0.248694
v -0.444480 1.439103 -0.253261
v -0.344512 1.420500 -0.189623
v -0.225979 1.402883 -0.274241
v -0.267207 1.261975 -0.322103
v -0.361186 1.237822 -0.281110
v -0.438800 1.285421 -0.312964
vn 0.9910 0.0025 -0.1338
vn 0.9846 0.1675 -0.0499
vn 0.9982 0.0550 -0.0253
vn 0.9373 -0.0213 0.3478
vn 0.9375 -0.1342 0.3209
vn 0.8700 0.0278 0.4923
vn 0.8979 0.0408 0.4384
vn -0.9374 -0.1997 0.2853
vn -0.9391 -0.1953 0.2826
vn -0.9387 -0.2011 0.2801
vn -0.9439 -0.1974 0.2649
vn -0.9466 -0.1905 0.2601
vn -0.9471 -0.1894 0.2591
vn -0.9466 -0.1899 0.2603
vn -0.8676 -0.0586 -0.4939
vn -0.8890 0.0212 -0.4574
vn -0.3163 0.0497 -0.9473
vn 0.7859 0.1394 -0.6024
vn -0.8851 -0.1872 -0.4260
vn -0.9096 -0.3274 0.2558
vn -0.5266 0.5479 0.6500
vn -0.3674 -0.8696 0.3299
vn 0.8773 -0.2016 0.4355
vn 0.4993 -0.0458 0.8652
vn -0.4945 -0.1501 0.8561
vn -0.4716 -0.4186 0.7761
vn 0.5396 -0.3304 0.7744
vn 0.9071 -0.1811 0.3800
vn -0.9019 -0.3499 0.2533
vn 0.4128 0.5593 0.7189
vn 0.5925 -0.7031 0.3931
vn -0.9910 0.0025 -0.1338
vn -0.9846 0.1675 -0.0499
vn -0.9982 0.0550 -0.0253
vn -0.9373 -0.0213 0.3478
vn -0.9375 -0.1342 0.3209
vn -0.8700 0.0278 0.4923
vn -0.8979 0.0408 0.4384
vn 0.9374 -0.1997 0.2853
vn 0.9361 -0.1984 0.2904
vn 0.9356 -0.2042 0.2879
vn 0.9439 -0.1974 0.2649
vn 0.9436 -0.1973 0.2658
vn 0.9432 -0.1987 0.2663
vn 0.9466 -0.1899 0.2603
vn 0.8676 -0.0586 -0.4939
vn 0.8890 0.0212 -0.4574
vn 0.3163 0.0497 -0.9473
vn -0.7859 0.1394 -0.6024
vn 0.8851 -0.1872 -0.4260
vn 0.9096 -0.3274 0.2558
vn 0.5266 0.5479 0.6500
vn 0.3674 -0.8696 0.3299
vn -0.8773 -0.2016 0.4355
vn -0.4993 -0.0458 0.8652
vn 0.4945 -0.1501 0.8561
vn 0.4716 -0.4186 0.7761
vn -0.5396 -0.3304 0.7744
vn -0.9071 -0.1811 0.3800
vn 0.9019 -0.3499 0.2533
vn -0.4128 0.5593 0.7189
vn -0.5925 -0.7031 0.3931
vt 0.000000 0.000000
s 1
usemtl Black
f 1852/179/2309 1856/179/2309 1851/179/2309
f 1855/179/2310 1851/179/2310 1856/179/2310
f 1855/179/2311 1856/179/2311 1854/179/2311
f 1854/179/2312 1856/179/2312 1853/179/2312
f 1853/179/2313 1856/179/2313 1852/179/2313
f 1852/179/2314 1845/179/2314 1853/179/2314
f 1845/179/2315 1865/179/2315 1868/179/2315 1853/179/2315
f 1860/179/2316 1870/179/2316 1867/179/2317 1847/179/2318
f 1860/179/2319 1847/179/2320 1859/179/2321
f 1847/179/2320 1848/179/2322 1859/179/2321
f 1849/179/2323 1859/179/2323 1848/179/2323
f 1858/179/2324 1859/179/2324 1849/179/2324
f 1850/179/2325 1857/179/2325 1858/179/2325 1849/179/2325
f 1851/179/2326 1855/179/2326 1857/179/2326 1850/179/2326
f 1859/179/2327 1858/179/2327 1862/179/2327
f 1859/179/2328 1862/179/2328 1861/179/2328 1860/179/2328
s 0
f 1847/179/2329 1867/179/2329 1866/179/2329 1846/179/2329
f 1863/179/2330 1872/179/2330 1871/179/2330 1861/179/2330
s 1
f 1854/179/2331 1853/179/2331 1864/179/2331
f 1853/179/2336 1868/179/2336 1873/179/2336 1864/179/2336
f 1861/179/2337 1871/179/2337 1870/179/2337 1860/179/2337
s 0
f 1846/179/2338 1866/179/2338 1865/179/2338 1845/179/2338
f 1864/179/2339 1873/179/2339 1872/179/2339 1863/179/2339
s 1
f 1881/179/2340 1880/179/2340 1885/179/2340
f 1884/179/2341 1885/179/2341 1880/179/2341
f 1884/179/2342 1883/179/2342 1885/179/2342
f 1883/179/2343 1882/179/2343 1885/179/2343
f 1882/179/2344 1881/179/2344 1885/179/2344
f 1881/179/2345 1882/179/2345 1874/179/2345
f 1874/179/2346 1882/179/2346 1897/179/2346 1894/179/2346
f 1889/179/2347 1876/179/2348 1896/179/2349 1899/179/2347
f 1889/179/2350 1888/179/2351 1876/179/2352
f 1876/179/2352 1888/179/2351 1877/179/2353
f 1878/179/2354 1877/179/2354 1888/179/2354
f 1887/179/2355 1878/179/2355 1888/179/2355
f 1879/179/2356 1878/179/2356 1887/179/2356 1886/179/2356
f 1880/179/2357 1879/179/2357 1886/179/2357 1884/179/2357
f 1888/179/2358 1891/179/2358 1887/179/2358
f 1888/179/2359 1889/179/2359 1890/179/2359 1891/179/2359
s 0
f 1876/179/2360 1875/179/2360 1895/179/2360 1896/179/2360
f 1892/179/2361 1890/179/2361 1900/179/2361 1901/179/2361
s 1
f 1883/179/2362 1893/179/2362 1882/179/2362
f 1882/179/2367 1893/179/2367 1902/179/2367 1897/179/2367
f 1890/179/2368 1889/179/2368 1899/179/2368 1900/179/2368
s 0
f 1875/179/2369 1874/179/2369 1894/179/2369 1895/179/2369
f 1893/179/2370 1892/179/2370 1901/179/2370 1902/179/2370
s 1
usemtl Reflective
f 1866/179/2332 1869/179/2332 1868/179/2332 1865/179/2332
f 1866/179/2333 1867/179/2333 1870/179/2333 1869/179/2333
f 1871/179/2334 1872/179/2334 1869/179/2334 1870/179/2334
f 1868/179/2335 1869/179/2335 1872/179/2335 1873/179/2335
f 1895/179/2363 1894/179/2363 1897/179/2363 1898/179/2363
f 1895/179/2364 1898/179/2364 1899/179/2364 1896/179/2364
f 1900/179/2365 1899/179/2365 1898/179/2365 1901/179/2365
f 1897/179/2366 1902/179/2366 1901/179/2366 1898/179/2366
o Wrist_Rings
v 1.162784 2.900401 -0.046643
v 1.229423 2.940417 -0.079964
v 1.261382 2.913411 -0.166540
v 1.241767 2.858549 -0.230857
v 1.205240 2.820393 -0.231328
v 1.161898 2.823702 -0.186129
v 1.152128 2.860187 -0.107690
v 1.251922 2.846177 -0.223311
v 1.271537 2.901039 -0.158993
v 1.215394 2.808021 -0.223781
v 1.172053 2.811329 -0.178583
v 1.162282 2.847815 -0.100144
v 1.172939 2.888028 -0.039097
v 1.239578 2.928045 -0.072418
v 1.245123 2.857663 -0.239076
v 1.266640 2.917846 -0.168521
v 1.205053 2.815808 -0.239592
v 1.157508 2.819437 -0.190010
v 1.146791 2.859461 -0.103965
v 1.158481 2.903574 -0.036998
v 1.231582 2.947471 -0.073551
v 1.256262 2.844091 -0.230797
v 1.277779 2.904274 -0.160243
v 1.216192 2.802236 -0.231314
v 1.168648 2.805865 -0.181732
v 1.157930 2.845889 -0.095687
v 1.169620 2.890002 -0.028720
v 1.242721 2.933899 -0.065273
v -1.162784 2.900401 -0.046643
v -1.229423 2.940417 -0.079964
v -1.261382 2.913411 -0.166540
v -1.241767 2.858549 -0.230857
v -1.205240 2.820393 -0.231328
v -1.161898 2.823702 -0.186129
v -1.152128 2.860187 -0.107690
v -1.251922 2.846177 -0.223311
v -1.271537 2.901039 -0.158993
v -1.215394 2.808021 -0.223781
v -1.172053 2.811329 -0.178583
v -1.162282 2.847815 -0.100144
v -1.172939 2.888028 -0.039097
v -1.239578 2.928045 -0.072418
v -1.245123 2.857663 -0.239076
v -1.266640 2.917846 -0.168521
v -1.205053 2.815808 -0.239592
v -1.157508 2.819437 -0.190010
v -1.146791 2.859461 -0.103965
v -1.158481 2.903574 -0.036998
v -1.231582 2.947471 -0.073551
v -1.256262 2.844091 -0.230797
v -1.277779 2.904274 -0.160243
v -1.216192 2.802236 -0.231314
v -1.168648 2.805865 -0.181732
v -1.157930 2.845889 -0.095687
v -1.169620 2.890002 -0.028720
v -1.242721 2.933899 -0.065273
vn 0.6271 -0.7035 0.3344
vn 0.6190 -0.7112 0.3332
vn -0.1741 -0.8598 0.4801
vn 0.6627 -0.6543 0.3644
vn -0.2042 -0.9623 0.1798
vn 0.6166 -0.6447 0.4519
vn -0.4120 0.8011 -0.4341
vn -0.9762 0.1941 -0.0965
vn -0.5473 0.6914 -0.4717
vn -0.5128 0.7210 -0.4660
vn 0.2900 -0.9078 -0.3030
vn 0.5675 -0.6229 0.5385
vn -0.6751 0.6257 -0.3909
vn -0.6750 0.6251 -0.3919
vn 0.0555 0.4673 -0.8824
vn -0.6768 0.6496 -0.3463
vn 0.8528 -0.4015 -0.3339
vn 0.5385 -0.6776 0.5009
vn -0.4028 0.8072 -0.4314
vn -0.8981 0.0142 -0.4395
vn 0.8170 0.5248 -0.2390
vn 0.8170 0.5248 -0.2389
vn 0.4832 0.7095 0.5130
vn 0.4723 0.7079 0.5251
vn -0.5107 0.1015 0.8537
vn -0.5076 0.1049 0.8552
vn -0.4416 -0.0641 -0.8949
vn -0.5327 0.7451 -0.4014
vn -0.6363 0.6165 -0.4638
vn -0.6471 0.6117 -0.4550
vn 0.5359 -0.7532 0.3813
vn 0.5596 -0.7446 0.3639
vn 0.4802 -0.7527 0.4504
vn 0.4803 -0.7531 0.4497
vn -0.6272 -0.7035 0.3344
vn -0.6627 -0.6543 0.3644
vn 0.1741 -0.8598 0.4801
vn -0.6190 -0.7112 0.3332
vn -0.6166 -0.6447 0.4519
vn 0.2042 -0.9623 0.1798
vn 0.4120 0.8011 -0.4341
vn 0.5128 0.7210 -0.4660
vn 0.5473 0.6914 -0.4717
vn 0.9762 0.1941 -0.0965
vn -0.5675 -0.6229 0.5385
vn -0.2900 -0.9078 -0.3030
vn 0.6751 0.6257 -0.3909
vn 0.6768 0.6496 -0.3463
vn -0.0555 0.4673 -0.8824
vn 0.6750 0.6251 -0.3919
vn -0.5385 -0.6776 0.5009
vn -0.8528 -0.4015 -0.3339
vn 0.4028 0.8072 -0.4314
vn 0.8981 0.0142 -0.4395
vn -0.8170 0.5248 -0.2390
vn -0.8170 0.5248 -0.2389
vn -0.4832 0.7095 0.5130
vn -0.4723 0.7079 0.5251
vn 0.5107 0.1015 0.8537
vn 0.5076 0.1049 0.8552
vn 0.4416 -0.0641 -0.8949
vn 0.5327 0.7451 -0.4014
vn 0.6471 0.6117 -0.4550
vn 0.6363 0.6165 -0.4638
vn -0.5359 -0.7532 0.3813
vn -0.5596 -0.7446 0.3639
vn -0.4802 -0.7527 0.4504
vn -0.4803 -0.7531 0.4497
vt 0.000000 0.000000
s 1
usemtl Black
f 1915/180/2371 1929/180/2372 1928/180/2373 1914/180/2374
f 1914/180/2374 1928/180/2373 1927/180/2375 1913/180/2376
f 1909/180/2377 1921/180/2378 1922/180/2379 1903/180/2380
f 1913/180/2376 1927/180/2375 1926/180/2381 1912/180/2382
f 1905/180/2383 1918/180/2384 1917/180/2385 1906/180/2386
f 1912/180/2382 1926/180/2381 1924/180/2387 1910/180/2388
f 1908/180/2389 1920/180/2390 1921/180/2378 1909/180/2377
f 1918/180/2391 1925/180/2392 1924/180/2387 1917/180/2385
f 1923/180/2393 1930/180/2394 1925/180/2392 1918/180/2391
f 1922/180/2395 1929/180/2396 1930/180/2394 1923/180/2393
f 1921/180/2378 1928/180/2373 1929/180/2396 1922/180/2395
f 1920/180/2390 1927/180/2375 1928/180/2373 1921/180/2378
f 1919/180/2397 1926/180/2381 1927/180/2375 1920/180/2390
f 1917/180/2385 1924/180/2387 1926/180/2381 1919/180/2397
f 1906/180/2386 1917/180/2385 1919/180/2397 1907/180/2398
f 1903/180/2380 1922/180/2379 1923/180/2399 1904/180/2400
f 1916/180/2401 1930/180/2402 1929/180/2372 1915/180/2371
f 1911/180/2403 1925/180/2404 1930/180/2402 1916/180/2401
f 1907/180/2398 1919/180/2397 1920/180/2390 1908/180/2389
f 1904/180/2400 1923/180/2399 1918/180/2384 1905/180/2383
f 1910/180/2388 1924/180/2387 1925/180/2404 1911/180/2403
f 1943/180/2405 1942/180/2406 1956/180/2407 1957/180/2408
f 1942/180/2406 1941/180/2409 1955/180/2410 1956/180/2407
f 1937/180/2411 1931/180/2412 1950/180/2413 1949/180/2414
f 1941/180/2409 1940/180/2415 1954/180/2416 1955/180/2410
f 1933/180/2417 1934/180/2418 1945/180/2419 1946/180/2420
f 1940/180/2415 1938/180/2421 1952/180/2422 1954/180/2416
f 1936/180/2423 1937/180/2411 1949/180/2414 1948/180/2424
f 1946/180/2425 1945/180/2419 1952/180/2422 1953/180/2426
f 1951/180/2427 1946/180/2425 1953/180/2426 1958/180/2428
f 1950/180/2429 1951/180/2427 1958/180/2428 1957/180/2430
f 1949/180/2414 1950/180/2429 1957/180/2430 1956/180/2407
f 1948/180/2424 1949/180/2414 1956/180/2407 1955/180/2410
f 1947/180/2431 1948/180/2424 1955/180/2410 1954/180/2416
f 1945/180/2419 1947/180/2431 1954/180/2416 1952/180/2422
f 1934/180/2418 1935/180/2432 1947/180/2431 1945/180/2419
f 1931/180/2412 1932/180/2433 1951/180/2434 1950/180/2413
f 1944/180/2435 1943/180/2405 1957/180/2408 1958/180/2436
f 1939/180/2437 1944/180/2435 1958/180/2436 1953/180/2438
f 1935/180/2432 1936/180/2423 1948/180/2424 1947/180/2431
f 1932/180/2433 1933/180/2417 1946/180/2420 1951/180/2434
f 1938/180/2421 1939/180/2437 1953/180/2438 1952/180/2422
o Helmet
v -0.000000 4.710336 -0.566702
v 0.053539 4.710336 -0.561429
v 0.105021 4.710336 -0.545812
v 0.152467 4.710336 -0.520452
v 0.194053 4.710336 -0.486323
v 0.228183 4.710336 -0.444736
v 0.253543 4.710336 -0.397290
v 0.269160 4.710336 -0.345809
v 0.274433 4.710336 -0.292269
v 0.269160 4.710336 -0.238730
v 0.253543 4.710336 -0.187249
v 0.228183 4.710336 -0.139803
v -0.053539 4.666704 -0.561429
v -0.105021 4.666704 -0.545812
v -0.152467 4.666704 -0.520452
v -0.194053 4.666704 -0.486323
v -0.228182 4.666704 -0.444736
v -0.253543 4.666704 -0.397290
v -0.269160 4.666704 -0.345809
v -0.274433 4.666704 -0.292269
v -0.269160 4.666704 -0.238730
v -0.253543 4.666704 -0.187249
v -0.228183 4.666704 -0.139803
v 0.228183 4.666704 -0.139803
v 0.253543 4.666704 -0.187249
v 0.269160 4.666704 -0.238730
v 0.274433 4.666704 -0.292269
v 0.269160 4.666704 -0.345809
v 0.253543 4.666704 -0.397290
v 0.228183 4.666704 -0.444736
v 0.194053 4.666704 -0.486323
v 0.152467 4.666704 -0.520452
v 0.105021 4.666704 -0.545812
v 0.053539 4.666704 -0.561429
v -0.000000 4.666704 -0.566702
v -0.228183 4.710336 -0.139803
v -0.253543 4.710336 -0.187249
v -0.269160 4.710336 -0.238730
v -0.274433 4.710336 -0.292269
v -0.269160 4.710336 -0.345809
v -0.253543 4.710336 -0.397290
v -0.228182 4.710336 -0.444736
v -0.194053 4.710336 -0.486323
v -0.152467 4.710336 -0.520452
v -0.105021 4.710336 -0.545812
v -0.053539 4.710336 -0.561429
v -0.064232 4.481024 -0.597389
v -0.125996 4.481024 -0.578654
v -0.182918 4.481024 -0.548228
v -0.232811 4.481024 -0.507282
v -0.273756 4.481024 -0.457390
v -0.304182 4.481024 -0.400468
v -0.322918 4.481024 -0.338704
v -0.329244 4.481024 -0.274472
v -0.322918 4.481024 -0.210240
v -0.304182 4.481024 -0.148476
v 0.304182 4.481024 -0.148476
v 0.322918 4.481024 -0.210240
v 0.329244 4.481024 -0.274472
v 0.322918 4.481024 -0.338704
v 0.304182 4.481024 -0.400468
v 0.273756 4.481024 -0.457390
v 0.232811 4.481024 -0.507283
v 0.182918 4.481024 -0.548228
v 0.125996 4.481024 -0.578654
v 0.064232 4.481024 -0.597390
v -0.000000 4.481024 -0.603716
v -0.000000 5.177994 -0.346194
v -0.000000 5.133521 -0.453563
v -0.000000 5.096478 -0.498698
v -0.000000 4.999848 -0.563264
v -0.000000 4.885865 -0.585937
v -0.000000 4.717290 -0.576545
v 0.011336 5.177994 -0.345077
v 0.022237 5.161043 -0.399878
v 0.032283 5.133521 -0.450383
v 0.041088 5.096478 -0.494651
v 0.048315 5.051342 -0.530981
v 0.053685 4.999848 -0.557977
v 0.056991 4.943973 -0.574601
v 0.058108 4.885865 -0.580214
v 0.060047 4.776160 -0.588489
v 0.056563 4.717290 -0.570974
v 0.022237 5.177994 -0.341770
v 0.043619 5.161043 -0.393392
v 0.063325 5.133521 -0.440967
v 0.080598 5.096478 -0.482666
v 0.094773 5.051342 -0.516888
v 0.105306 4.999848 -0.542318
v 0.111792 4.943973 -0.557977
v 0.113983 4.885865 -0.563264
v 0.117786 4.776160 -0.570974
v 0.110952 4.717290 -0.554475
v 0.032283 5.177994 -0.336401
v 0.063325 5.161043 -0.382859
v 0.091934 5.133521 -0.425675
v 0.117010 5.096478 -0.463204
v 0.137589 5.051342 -0.494003
v 0.152881 4.999848 -0.516888
v 0.162298 4.943973 -0.530981
v 0.165477 4.885865 -0.535740
v 0.170998 4.776160 -0.542531
v 0.161077 4.717290 -0.527683
v 0.041088 5.177994 -0.329174
v 0.080598 5.161043 -0.368684
v 0.117010 5.133521 -0.405096
v 0.148925 5.096478 -0.437011
v 0.175118 5.051342 -0.463204
v 0.194581 4.999848 -0.482666
v 0.206566 4.943973 -0.494651
v 0.210612 4.885865 -0.498698
v 0.217639 4.776160 -0.504254
v 0.205012 4.717290 -0.491626
v 0.048315 5.177994 -0.320369
v 0.094773 5.161043 -0.351411
v 0.137589 5.133521 -0.380020
v 0.175118 5.096478 -0.405096
v 0.205917 5.051342 -0.425675
v 0.228803 4.999848 -0.440967
v 0.242895 4.943973 -0.450383
v 0.247654 4.885865 -0.453563
v 0.255917 4.776160 -0.457613
v 0.241068 4.717290 -0.447691
v -0.000000 5.183717 -0.288086
v 0.053685 5.177994 -0.310323
v 0.105306 5.161043 -0.331705
v 0.152881 5.133521 -0.351411
v 0.194581 5.096478 -0.368684
v 0.228803 5.051342 -0.382859
v 0.254232 4.999848 -0.393392
v 0.269891 4.943973 -0.399878
v 0.275178 4.885865 -0.402068
v 0.284359 4.776160 -0.404400
v 0.267861 4.717290 -0.397566
v 0.056991 5.177994 -0.299422
v 0.111792 5.161043 -0.310323
v 0.162298 5.133521 -0.320369
v 0.206566 5.096478 -0.329174
v 0.242895 5.051342 -0.336401
v 0.269891 4.999848 -0.341770
v 0.286515 4.943973 -0.345077
v 0.292128 4.885865 -0.346194
v 0.301874 4.776160 -0.346661
v 0.284359 4.717290 -0.343177
v 0.058108 5.177994 -0.288086
v 0.113983 5.161043 -0.288086
v 0.165477 5.133521 -0.288086
v 0.210612 5.096478 -0.288086
v 0.247654 5.051342 -0.288086
v 0.275178 4.999848 -0.288086
v 0.292128 4.943973 -0.288086
v 0.297851 4.885865 -0.288086
v 0.307788 4.776160 -0.286615
v 0.289930 4.717290 -0.286615
v 0.056991 5.177994 -0.276749
v 0.111792 5.161043 -0.265849
v 0.162298 5.133521 -0.255803
v 0.206566 5.096478 -0.246997
v 0.242895 5.051342 -0.239771
v 0.269891 4.999848 -0.234401
v 0.286515 4.943973 -0.231094
v 0.292128 4.885865 -0.229978
v 0.301874 4.776160 -0.226568
v 0.284359 4.717290 -0.230052
v 0.053685 5.177994 -0.265849
v 0.105306 5.161043 -0.244466
v 0.152881 5.133521 -0.224760
v 0.194581 5.096478 -0.207488
v 0.228803 5.051342 -0.193313
v 0.254232 4.999848 -0.182780
v 0.269891 4.943973 -0.176293
v 0.275178 4.885865 -0.174103
v 0.284359 4.776160 -0.168829
v 0.267861 4.717290 -0.175663
v 0.048315 5.177994 -0.255803
v 0.094773 5.161043 -0.224760
v 0.137589 5.133521 -0.196152
v 0.175118 5.096478 -0.171076
v 0.205917 5.051342 -0.150496
v 0.228802 4.999848 -0.135205
v 0.242895 4.943973 -0.125788
v 0.247654 4.885865 -0.122609
v 0.255917 4.776160 -0.115616
v 0.241068 4.717290 -0.125538
v 0.041088 5.177994 -0.246997
v 0.080598 5.161043 -0.207488
v 0.117010 5.133521 -0.146812
v 0.148925 5.096478 -0.114896
v 0.169096 5.034177 -0.121030
v 0.206566 4.943973 -0.130601
v 0.210612 4.885865 -0.126554
v 0.217639 4.776160 -0.118056
v 0.032283 5.177994 -0.239771
v 0.063325 5.161043 -0.193313
v 0.091934 5.133521 -0.126232
v 0.117010 5.096478 -0.088704
v 0.022237 5.177994 -0.234401
v 0.043619 5.161043 -0.182780
v 0.063325 5.133521 -0.110941
v 0.080598 5.096478 -0.069241
v 0.094773 5.051342 -0.035019
v 0.011336 5.177994 -0.231094
v 0.022237 5.161043 -0.176293
v 0.032283 5.133521 -0.101524
v 0.041088 5.096478 -0.057256
v 0.048315 5.051342 -0.020926
v -0.056563 4.671194 -0.570974
v -0.110951 4.671194 -0.554475
v -0.161077 4.671194 -0.527683
v -0.205012 4.671194 -0.491626
v -0.241068 4.671194 -0.447691
v -0.000000 5.177994 -0.229978
v -0.000000 5.161043 -0.174103
v -0.000000 5.133521 -0.098344
v -0.000000 5.096478 -0.053209
v -0.000000 5.051342 -0.016168
v -0.267861 4.671194 -0.397566
v -0.284359 4.671194 -0.343177
v -0.289930 4.671194 -0.286615
v -0.284359 4.671194 -0.230052
v -0.267861 4.671194 -0.175663
v -0.011336 5.177994 -0.231094
v -0.022237 5.161043 -0.176293
v -0.032283 5.133521 -0.101524
v -0.041088 5.096478 -0.057256
v -0.048315 5.051342 -0.020926
v -0.241068 4.671194 -0.125538
v -0.217639 4.776160 -0.118056
v 0.241068 4.671194 -0.125538
v 0.267861 4.671194 -0.175663
v -0.022237 5.177994 -0.234401
v -0.043619 5.161043 -0.182780
v -0.063325 5.133521 -0.110941
v -0.080598 5.096478 -0.069241
v -0.094773 5.051342 -0.035019
v 0.284359 4.671194 -0.230052
v 0.289930 4.671194 -0.286615
v 0.284359 4.671194 -0.343177
v 0.267861 4.671194 -0.397566
v 0.241068 4.671194 -0.447691
v -0.032283 5.177994 -0.239771
v -0.063325 5.161043 -0.193313
v -0.091934 5.133521 -0.126232
v -0.117010 5.096478 -0.088704
v -0.169096 5.034177 -0.121031
v 0.205012 4.671194 -0.491626
v 0.161077 4.671194 -0.527683
v 0.110952 4.671194 -0.554475
v 0.056563 4.671194 -0.570974
v -0.000000 4.671194 -0.576545
v -0.041088 5.177994 -0.246997
v -0.080598 5.161043 -0.207488
v -0.117010 5.133521 -0.146812
v -0.148925 5.096478 -0.114896
v -0.206566 4.943973 -0.130601
v -0.210612 4.885865 -0.126554
v -0.048315 5.177994 -0.255803
v -0.094773 5.161043 -0.224760
v -0.137589 5.133521 -0.196152
v -0.175118 5.096478 -0.171076
v -0.205917 5.051342 -0.150497
v -0.228802 4.999848 -0.135205
v -0.242895 4.943973 -0.125788
v -0.247654 4.885865 -0.122609
v -0.255917 4.776160 -0.115616
v -0.241068 4.717290 -0.125538
v -0.053685 5.177994 -0.265849
v -0.105306 5.161043 -0.244466
v -0.152881 5.133521 -0.224760
v -0.194580 5.096478 -0.207488
v -0.228803 5.051342 -0.193313
v -0.254232 4.999848 -0.182780
v -0.269891 4.943973 -0.176293
v -0.275178 4.885865 -0.174103
v -0.284359 4.776160 -0.168829
v -0.267861 4.717290 -0.175663
v -0.056991 5.177994 -0.276749
v -0.111792 5.161043 -0.265849
v -0.162298 5.133521 -0.255803
v -0.206565 5.096478 -0.246997
v -0.242895 5.051342 -0.239771
v -0.269891 4.999848 -0.234401
v -0.286515 4.943973 -0.231094
v -0.292128 4.885865 -0.229978
v -0.301874 4.776160 -0.226568
v -0.284359 4.717290 -0.230052
v -0.058108 5.177994 -0.288086
v -0.113983 5.161043 -0.288086
v -0.165477 5.133521 -0.288086
v -0.210612 5.096478 -0.288086
v -0.247654 5.051342 -0.288086
v -0.275178 4.999848 -0.288086
v -0.292128 4.943973 -0.288086
v -0.297851 4.885865 -0.288086
v -0.307788 4.776160 -0.286615
v -0.289930 4.717290 -0.286615
v -0.056991 5.177994 -0.299422
v -0.111792 5.161043 -0.310323
v -0.162298 5.133521 -0.320369
v -0.206565 5.096478 -0.329174
v -0.242895 5.051342 -0.336401
v -0.269891 4.999848 -0.341770
v -0.286515 4.943973 -0.345077
v -0.292128 4.885865 -0.346194
v -0.301874 4.776160 -0.346661
v -0.284359 4.717290 -0.343177
v -0.053685 5.177994 -0.310323
v -0.105306 5.161043 -0.331705
v -0.152881 5.133521 -0.351411
v -0.194580 5.096478 -0.368684
v -0.228803 5.051342 -0.382859
v -0.254232 4.999848 -0.393392
v -0.269891 4.943973 -0.399878
v -0.275178 4.885865 -0.402068
v -0.284359 4.776160 -0.404400
v -0.267861 4.717290 -0.397566
v -0.048315 5.177994 -0.320369
v -0.094773 5.161043 -0.351411
v -0.137589 5.133521 -0.380020
v -0.175118 5.096478 -0.405096
v -0.205917 5.051342 -0.425675
v -0.228802 4.999848 -0.440967
v -0.242895 4.943973 -0.450383
v -0.247654 4.885865 -0.453563
v -0.255917 4.776160 -0.457613
v -0.241068 4.717290 -0.447691
v -0.041088 5.177994 -0.329174
v -0.080598 5.161043 -0.368684
v -0.117010 5.133521 -0.405096
v -0.148925 5.096478 -0.437011
v -0.175118 5.051342 -0.463204
v -0.194580 4.999848 -0.482666
v -0.206566 4.943973 -0.494651
v -0.210612 4.885865 -0.498698
v -0.217639 4.776160 -0.504254
v -0.205012 4.717290 -0.491626
v -0.032283 5.177994 -0.336401
v -0.063325 5.161043 -0.382859
v -0.091934 5.133521 -0.425675
v -0.117010 5.096478 -0.463203
v -0.137589 5.051342 -0.494003
v -0.152881 4.999848 -0.516888
v -0.162297 4.943973 -0.530981
v -0.165477 4.885865 -0.535740
v -0.170998 4.776160 -0.542531
v -0.161077 4.717290 -0.527683
v -0.022237 5.177994 -0.341770
v -0.043619 5.161043 -0.393392
v -0.063325 5.133521 -0.440967
v -0.080598 5.096478 -0.482666
v -0.094773 5.051342 -0.516888
v -0.105306 4.999848 -0.542317
v -0.111792 4.943973 -0.557977
v -0.113983 4.885865 -0.563264
v -0.117786 4.776160 -0.570974
v -0.110951 4.717290 -0.554475
v -0.011336 5.177994 -0.345077
v -0.022237 5.161043 -0.399878
v -0.032283 5.133521 -0.450383
v -0.041088 5.096478 -0.494651
v -0.048315 5.051342 -0.530981
v -0.053685 4.999848 -0.557976
v -0.056991 4.943973 -0.574600
v -0.058108 4.885865 -0.580214
v -0.060047 4.776160 -0.588489
v -0.056563 4.717290 -0.570974
v -0.000000 5.161043 -0.402068
v 0.000000 5.051342 -0.535740
v 0.000000 4.943973 -0.580213
v -0.000000 4.776160 -0.594403
v -0.067860 4.475029 -0.608965
v -0.133111 4.475029 -0.589171
v -0.193248 4.475029 -0.557027
v -0.245958 4.475029 -0.513770
v -0.289216 4.475029 -0.461060
v -0.321359 4.475029 -0.400923
v -0.341153 4.475029 -0.335671
v -0.347837 4.475029 -0.267812
v -0.341153 4.475029 -0.199952
v -0.321359 4.475029 -0.134701
v 0.321359 4.475029 -0.134701
v 0.341153 4.475029 -0.199952
v 0.347837 4.475029 -0.267812
v 0.341153 4.475029 -0.335671
v 0.321359 4.475029 -0.400923
v 0.289216 4.475029 -0.461060
v 0.245958 4.475029 -0.513770
v 0.193248 4.475029 -0.557028
v 0.133111 4.475029 -0.589171
v 0.067860 4.475029 -0.608965
v -0.000000 4.475029 -0.615649
v -0.067860 4.463251 -0.608965
v -0.133111 4.463251 -0.589171
v -0.193248 4.463251 -0.557027
v -0.245958 4.463251 -0.513770
v -0.289216 4.463251 -0.461060
v -0.321359 4.463251 -0.400923
v -0.341153 4.463251 -0.335671
v -0.347837 4.463251 -0.267812
v -0.341153 4.463251 -0.199952
v -0.321359 4.463251 -0.134701
v 0.321359 4.463251 -0.134701
v 0.341153 4.463251 -0.199952
v 0.347837 4.463251 -0.267812
v 0.341153 4.463251 -0.335671
v 0.321359 4.463251 -0.400923
v 0.289216 4.463251 -0.461060
v 0.245958 4.463251 -0.513770
v 0.193248 4.463251 -0.557028
v 0.133111 4.463251 -0.589171
v 0.067860 4.463251 -0.608965
v -0.000000 4.463251 -0.615649
v -0.069119 4.475138 -0.612531
v -0.135582 4.475138 -0.592370
v -0.250523 4.475138 -0.515569
v -0.294584 4.475138 -0.461880
v -0.327324 4.475138 -0.400628
v -0.354293 4.475138 -0.265046
v -0.347485 4.475138 -0.334165
v -0.347485 4.475138 -0.195926
v -0.327324 4.475138 -0.129464
v -0.000000 4.475138 -0.619339
v -0.196835 4.475138 -0.559629
v 0.347486 4.475138 -0.195926
v 0.354293 4.475138 -0.265046
v 0.347486 4.475138 -0.334165
v 0.327324 4.475138 -0.400628
v 0.294584 4.475138 -0.461880
v 0.250523 4.475138 -0.515569
v 0.196835 4.475138 -0.559630
v 0.135582 4.475138 -0.592370
v 0.069119 4.475138 -0.612531
v 0.327324 4.475138 -0.129464
v -0.069119 4.463141 -0.612531
v -0.135582 4.463141 -0.592370
v -0.250523 4.463141 -0.515569
v -0.294584 4.463141 -0.461880
v -0.327324 4.463141 -0.400628
v -0.354293 4.463141 -0.265046
v -0.347485 4.463141 -0.334165
v -0.347485 4.463141 -0.195926
v -0.327324 4.463141 -0.129464
v -0.000000 4.463141 -0.619339
v -0.196835 4.463141 -0.559629
v 0.347486 4.463141 -0.195926
v 0.354293 4.463141 -0.265046
v 0.347486 4.463141 -0.334165
v 0.327324 4.463141 -0.400628
v 0.294584 4.463141 -0.461880
v 0.250523 4.463141 -0.515569
v 0.196835 4.463141 -0.559630
v 0.135582 4.463141 -0.592370
v 0.069119 4.463141 -0.612531
v 0.327324 4.463141 -0.129464
v 0.214920 5.081952 -0.155547
v 0.000000 5.065248 -0.477442
v 0.228186 5.081952 -0.199280
v 0.049443 5.065248 -0.472572
v 0.232666 5.081952 -0.244761
v 0.096986 5.065248 -0.458150
v 0.228186 5.081952 -0.290242
v 0.140802 5.065248 -0.434730
v 0.214920 5.081952 -0.333975
v 0.179207 5.065248 -0.403212
v 0.193377 5.081952 -0.374279
v 0.193377 5.067225 -0.374279
v 0.234145 4.536100 -0.061544
v 0.214920 5.067225 -0.333975
v 0.228186 5.067225 -0.290242
v 0.232666 5.067225 -0.244761
v 0.228186 5.067225 -0.199280
v 0.214920 5.067225 -0.140112
v 0.210725 4.518542 -0.065483
v 0.193377 5.067225 -0.115243
v 0.179207 4.506836 -0.027078
v 0.164384 5.067225 -0.079916
v 0.140802 4.493960 0.004440
v 0.129057 5.067225 -0.050924
v 0.096986 4.483425 0.027860
v 0.088753 5.067225 -0.029380
v 0.049443 4.478743 0.042282
v 0.045020 5.067225 -0.016114
v 0.000000 4.475231 0.047152
v -0.000461 5.067225 -0.011635
v -0.049443 4.478743 0.042282
v -0.045941 5.067225 -0.016114
v -0.096986 4.483425 0.027860
v -0.089674 5.067225 -0.029380
v -0.140802 4.493960 0.004440
v -0.129979 5.067225 -0.050924
v -0.179207 4.506836 -0.027078
v -0.165306 5.067225 -0.079916
v -0.210725 4.518542 -0.065483
v -0.194298 5.067225 -0.115243
v -0.234145 4.536100 -0.061544
v -0.215841 5.067225 -0.140112
v -0.229108 5.067225 -0.199280
v -0.233587 5.067225 -0.244761
v -0.229108 5.067225 -0.290242
v -0.215841 5.067225 -0.333975
v 0.164384 5.081952 -0.409606
v -0.194298 5.067225 -0.374279
v 0.129057 5.081952 -0.438599
v -0.179207 5.065248 -0.403212
v 0.088753 5.081952 -0.460142
v -0.140802 5.065248 -0.434730
v -0.000461 5.081952 -0.477887
v -0.096986 5.065248 -0.458150
v 0.045020 5.081952 -0.473408
v -0.049443 5.065248 -0.472572
v 0.193377 5.081952 -0.115243
v 0.164384 5.081952 -0.079916
v 0.129057 5.081952 -0.050924
v 0.088753 5.081952 -0.029380
v 0.045020 5.081952 -0.016114
v -0.000461 5.081952 -0.011635
v -0.045941 5.081952 -0.016114
v -0.089674 5.081952 -0.029380
v -0.129979 5.081952 -0.050924
v -0.165306 5.081952 -0.079916
v -0.194298 5.081952 -0.115243
v -0.215841 5.081952 -0.155547
v -0.229108 5.081952 -0.199280
v -0.233587 5.081952 -0.244761
v -0.229108 5.081952 -0.290242
v -0.215841 5.081952 -0.333975
v -0.194298 5.081952 -0.374279
v -0.165306 5.081952 -0.409606
v -0.129979 5.081952 -0.438599
v -0.089674 5.081952 -0.460142
v -0.045941 5.081952 -0.473408
v -0.235269 5.082150 -0.200209
v -0.221645 5.082150 -0.155297
v -0.199522 5.082150 -0.113907
v -0.169748 5.082150 -0.077628
v -0.133469 5.082150 -0.047854
v -0.092078 5.082150 -0.025730
v -0.047167 5.082150 -0.012107
v -0.000461 5.082150 -0.007507
v 0.046246 5.082150 -0.012107
v 0.091157 5.082150 -0.025730
v 0.132548 5.082150 -0.047854
v 0.168827 5.082150 -0.077628
v 0.198600 5.082150 -0.113907
v 0.220724 5.067027 -0.338533
v 0.198600 5.067027 -0.379923
v 0.234348 5.067027 -0.293621
v 0.238948 5.067027 -0.246915
v 0.234348 5.067027 -0.200209
v 0.220724 5.067027 -0.155297
v 0.198600 5.067027 -0.113907
v 0.168827 5.067027 -0.077628
v 0.132548 5.067027 -0.047854
v 0.091157 5.067027 -0.025730
v 0.046246 5.067027 -0.012107
v -0.000461 5.067027 -0.007507
v -0.047167 5.067027 -0.012107
v -0.092078 5.067027 -0.025730
v -0.133469 5.067027 -0.047854
v -0.169748 5.067027 -0.077628
v -0.199522 5.067027 -0.113907
v -0.221645 5.067027 -0.155297
v -0.235269 5.067027 -0.200209
v -0.239869 5.067027 -0.246915
v -0.235269 5.067027 -0.293621
v -0.221645 5.067027 -0.338533
v 0.220724 5.082150 -0.155297
v -0.199522 5.067027 -0.379923
v 0.234348 5.082150 -0.200209
v 0.238948 5.082150 -0.246915
v 0.234348 5.082150 -0.293621
v 0.220724 5.082150 -0.338533
v 0.198600 5.082150 -0.379923
v -0.239869 5.082150 -0.246915
v -0.235269 5.082150 -0.293621
v -0.221645 5.082150 -0.338533
v -0.199522 5.082150 -0.379923
v 0.234145 4.525410 -0.083169
v 0.210725 4.507852 -0.065483
v 0.179207 4.496146 -0.027078
v 0.140802 4.483270 0.004440
v 0.096986 4.472734 0.027860
v 0.049443 4.468052 0.042282
v 0.000000 4.464541 0.047152
v -0.049443 4.468052 0.042282
v -0.096986 4.472734 0.027860
v -0.140802 4.483270 0.004440
v -0.179207 4.496146 -0.027078
v -0.210725 4.507852 -0.065483
v -0.234145 4.525410 -0.083169
v 0.242235 4.534895 -0.077743
v 0.218006 4.516731 -0.065849
v 0.185399 4.504621 -0.026118
v 0.145667 4.491300 0.006489
v 0.100338 4.480401 0.030718
v 0.051153 4.475557 0.045638
v 0.000002 4.471924 0.050676
v -0.051149 4.475557 0.045638
v -0.100334 4.480401 0.030718
v -0.145663 4.491300 0.006489
v -0.185395 4.504621 -0.026118
v -0.218001 4.516731 -0.065849
v -0.242230 4.534895 -0.077743
v 0.242235 4.523836 -0.084146
v 0.218006 4.505671 -0.065849
v 0.185399 4.493561 -0.026118
v 0.145667 4.480240 0.006489
v 0.100338 4.469341 0.030718
v 0.051153 4.464498 0.045638
v 0.000002 4.460864 0.050676
v -0.051149 4.464498 0.045638
v -0.100334 4.469341 0.030718
v -0.145663 4.480240 0.006489
v -0.185395 4.493561 -0.026118
v -0.218001 4.505671 -0.065849
v -0.242230 4.523836 -0.084146
v 0.232666 5.021326 -0.245085
v 0.228186 5.021326 -0.290566
v 0.228186 5.021326 -0.199604
v 0.208155 5.021227 -0.135323
v -0.209077 5.021227 -0.135323
v -0.229108 5.021326 -0.199604
v -0.233587 5.021326 -0.245085
v -0.229108 5.021326 -0.290566
v 0.234348 5.021128 -0.200533
v -0.235269 5.021128 -0.293945
v 0.238948 5.021128 -0.247239
v 0.234348 5.021128 -0.293945
v -0.235269 5.021128 -0.200533
v -0.239869 5.021128 -0.247239
vn -0.8819 -0.0000 0.4714
vn -0.9569 -0.0000 0.2903
vn -0.6344 -0.0000 0.7730
vn -0.9952 -0.0000 0.0980
vn -0.2903 -0.0000 0.9569
vn 0.2903 -0.0000 0.9569
vn -0.7730 -0.0000 0.6344
vn -0.4714 -0.0000 0.8819
vn -0.9569 -0.0000 -0.2903
vn 0.7730 -0.0000 0.6344
vn 0.4714 -0.0000 0.8819
vn 0.0980 -0.0000 0.9952
vn 0.8819 -0.0000 0.4714
vn 0.6344 -0.0000 0.7730
vn -0.0980 -0.0000 0.9952
vn 0.8819 -0.0000 -0.4714
vn 0.9952 -0.0000 -0.0980
vn 0.9569 -0.0000 0.2903
vn 0.9952 -0.0000 0.0980
vn -0.8819 -0.0000 -0.4714
vn -0.9952 -0.0000 -0.0980
vn 0.9569 -0.0000 -0.2903
vn -0.9110 -0.3062 -0.2763
vn -0.9524 -0.2901 -0.0938
vn -0.0961 -0.1946 0.9762
vn 0.6196 -0.2146 0.7550
vn -0.8352 -0.3210 -0.4464
vn -0.9572 -0.2735 0.0943
vn -0.9248 -0.2570 0.2805
vn 0.2845 -0.1980 0.9380
vn -0.7529 -0.2269 0.6178
vn 0.7529 -0.2269 0.6178
vn -0.8559 -0.2412 0.4575
vn -0.4614 -0.2048 0.8632
vn 0.8559 -0.2412 0.4575
vn -0.6196 -0.2146 0.7550
vn 0.0961 -0.1946 0.9762
vn 0.9572 -0.2735 0.0943
vn 0.9248 -0.2570 0.2805
vn 0.8352 -0.3210 -0.4464
vn 0.9110 -0.3062 -0.2763
vn 0.9524 -0.2901 -0.0938
vn -0.2845 -0.1980 0.9380
vn 0.4614 -0.2048 0.8632
vn 0.0977 0.0766 -0.9923
vn 0.0286 0.9565 -0.2902
vn 0.0938 -0.2890 -0.9527
vn 0.0464 0.8810 -0.4709
vn 0.0624 0.7715 -0.6332
vn 0.0759 0.6326 -0.7708
vn 0.0865 0.4696 -0.8786
vn 0.0938 0.2890 -0.9527
vn 0.0975 0.0976 -0.9904
vn 0.0096 0.9951 -0.0980
vn 0.2889 0.0976 -0.9524
vn 0.0285 0.9951 -0.0942
vn 0.2894 0.0771 -0.9541
vn 0.0846 0.9565 -0.2790
vn 0.2779 -0.2890 -0.9161
vn 0.1374 0.8810 -0.4528
vn 0.1847 0.7715 -0.6088
vn 0.2248 0.6326 -0.7412
vn 0.2563 0.4696 -0.8448
vn 0.2779 0.2890 -0.9161
vn 0.2999 0.7715 -0.5611
vn 0.3651 0.6326 -0.6831
vn 0.4162 0.4696 -0.7786
vn 0.4513 0.2890 -0.8443
vn 0.4691 0.0976 -0.8777
vn 0.0465 0.9951 -0.0869
vn 0.4700 0.0781 -0.8792
vn 0.1375 0.9565 -0.2572
vn 0.4513 -0.2890 -0.8443
vn 0.2230 0.8810 -0.4173
vn 0.6314 0.0976 -0.7693
vn 0.0624 0.9951 -0.0761
vn 0.6324 0.0795 -0.7706
vn 0.1850 0.9565 -0.2254
vn 0.6073 -0.2890 -0.7400
vn 0.3002 0.8810 -0.3657
vn 0.4036 0.7715 -0.4918
vn 0.4913 0.6326 -0.5987
vn 0.5601 0.4696 -0.6825
vn 0.6073 0.2890 -0.7400
vn 0.5987 0.6326 -0.4913
vn 0.6825 0.4696 -0.5601
vn 0.7400 0.2890 -0.6073
vn 0.7693 0.0975 -0.6314
vn 0.0761 0.9951 -0.0625
vn 0.7704 0.0814 -0.6323
vn 0.2254 0.9565 -0.1850
vn 0.7400 -0.2890 -0.6073
vn 0.3657 0.8810 -0.3002
vn 0.4918 0.7715 -0.4036
vn 0.8788 0.0835 -0.4697
vn 0.2572 0.9565 -0.1375
vn 0.8443 -0.2890 -0.4513
vn 0.4173 0.8810 -0.2230
vn 0.5611 0.7715 -0.2999
vn 0.6831 0.6326 -0.3651
vn 0.7786 0.4696 -0.4162
vn 0.8443 0.2890 -0.4513
vn 0.8777 0.0976 -0.4692
vn 0.0869 0.9951 -0.0464
vn 0.8448 0.4696 -0.2563
vn 0.9161 0.2890 -0.2779
vn 0.9524 0.0976 -0.2889
vn 0.0943 0.9951 -0.0286
vn 0.9534 0.0859 -0.2892
vn 0.2790 0.9565 -0.0846
vn 0.9161 -0.2890 -0.2779
vn 0.4528 0.8810 -0.1373
vn 0.6088 0.7715 -0.1847
vn 0.7412 0.6326 -0.2248
vn 0.2902 0.9565 -0.0286
vn 0.9527 -0.2890 -0.0938
vn 0.4709 0.8810 -0.0464
vn 0.6332 0.7715 -0.0624
vn 0.7708 0.6326 -0.0759
vn 0.8786 0.4696 -0.0865
vn 0.9527 0.2890 -0.0938
vn 0.9904 0.0976 -0.0975
vn 0.0980 0.9951 -0.0097
vn 0.9913 0.0885 -0.0976
vn 0.8786 0.4696 0.0865
vn 0.9527 0.2890 0.0938
vn 0.9904 0.0976 0.0976
vn 0.0980 0.9951 0.0097
vn 0.9910 0.0911 0.0976
vn 0.2902 0.9565 0.0286
vn 0.9527 -0.2890 0.0938
vn 0.4709 0.8810 0.0464
vn 0.6332 0.7715 0.0624
vn 0.7708 0.6326 0.0759
vn 0.9161 -0.2890 0.2779
vn 0.4528 0.8810 0.1373
vn 0.6088 0.7715 0.1847
vn 0.7412 0.6326 0.2248
vn 0.8448 0.4696 0.2563
vn 0.9161 0.2890 0.2779
vn 0.9524 0.0975 0.2889
vn 0.0943 0.9951 0.0286
vn 0.9527 0.0936 0.2890
vn 0.2790 0.9565 0.0846
vn 0.8443 0.2890 0.4513
vn 0.8777 0.0975 0.4691
vn 0.0869 0.9951 0.0464
vn 0.8778 0.0960 0.4692
vn 0.2572 0.9565 0.1375
vn 0.8443 -0.2890 0.4513
vn 0.4173 0.8810 0.2230
vn 0.5611 0.7715 0.2999
vn 0.6831 0.6326 0.3651
vn 0.7786 0.4696 0.4162
vn 0.3923 0.8968 0.2047
vn 0.5944 0.7598 0.2635
vn 0.6940 0.4089 0.5926
vn 0.4344 0.4284 0.7924
vn 0.1104 0.0379 0.9932
vn -0.1184 0.0527 0.9916
vn 0.0761 0.9951 0.0625
vn -0.0843 0.0643 0.9944
vn 0.2254 0.9565 0.1850
vn -0.0629 -0.1504 0.9866
vn 0.0625 0.9951 0.0761
vn 0.1850 0.9565 0.2254
vn 0.2321 0.9307 0.2828
vn 0.4036 0.7715 0.4918
vn 0.6292 0.1282 0.7666
vn 0.2999 0.7715 0.5611
vn 0.6597 0.4179 0.6246
vn 0.0464 0.9951 0.0869
vn 0.1374 0.9565 0.2572
vn 0.1670 0.9351 0.3125
vn 0.0286 0.9951 0.0942
vn 0.0846 0.9565 0.2790
vn 0.1006 0.9380 0.3317
vn 0.1847 0.7715 0.6088
vn 0.2248 0.6326 0.7412
vn 0.0759 0.6326 0.7708
vn 0.0096 0.9951 0.0980
vn 0.6344 -0.0000 -0.7730
vn 0.0286 0.9565 0.2902
vn 0.0336 0.9394 0.3413
vn 0.0624 0.7715 0.6332
vn -0.0096 0.9951 0.0980
vn 0.2903 -0.0000 -0.9569
vn -0.0286 0.9565 0.2902
vn -0.2903 -0.0000 -0.9569
vn -0.0336 0.9394 0.3413
vn -0.0624 0.7715 0.6332
vn -0.0759 0.6326 0.7708
vn 0.7730 -0.0000 -0.6344
vn 0.4714 -0.0000 -0.8819
vn -0.2248 0.6326 0.7412
vn -0.7730 -0.0000 -0.6344
vn -0.4714 -0.0000 -0.8819
vn -0.0980 -0.0000 -0.9952
vn -0.0286 0.9951 0.0942
vn -0.0846 0.9565 0.2790
vn -0.6344 -0.0000 -0.7730
vn -0.1006 0.9380 0.3317
vn -0.1847 0.7715 0.6088
vn 0.0980 -0.0000 -0.9952
vn -0.1375 0.9565 0.2572
vn -0.3042 -0.0000 0.9526
vn -0.1670 0.9351 0.3125
vn -0.2999 0.7715 0.5611
vn -0.6597 0.4179 0.6246
vn -0.0464 0.9951 0.0869
vn 0.3042 -0.0000 0.9526
vn -0.0625 0.9951 0.0761
vn -0.1850 0.9565 0.2254
vn -0.2321 0.9307 0.2828
vn -0.4036 0.7715 0.4918
vn -0.6292 0.1282 0.7666
vn -0.2254 0.9565 0.1850
vn 0.0629 -0.1504 0.9866
vn -0.3923 0.8968 0.2047
vn -0.5944 0.7598 0.2635
vn -0.6940 0.4089 0.5926
vn -0.4344 0.4284 0.7924
vn -0.1104 0.0379 0.9932
vn 0.1184 0.0527 0.9916
vn -0.0762 0.9951 0.0625
vn 0.0843 0.0643 0.9944
vn -0.7786 0.4696 0.4162
vn -0.8443 0.2890 0.4513
vn -0.8777 0.0975 0.4691
vn -0.0869 0.9951 0.0464
vn -0.8778 0.0960 0.4692
vn -0.2572 0.9565 0.1375
vn -0.8443 -0.2890 0.4513
vn -0.4173 0.8810 0.2230
vn -0.5611 0.7715 0.2999
vn -0.6831 0.6326 0.3651
vn -0.9161 -0.2890 0.2779
vn -0.4528 0.8810 0.1373
vn -0.6088 0.7715 0.1847
vn -0.7412 0.6326 0.2248
vn -0.8448 0.4696 0.2563
vn -0.9161 0.2890 0.2779
vn -0.9524 0.0976 0.2889
vn -0.0943 0.9951 0.0286
vn -0.9527 0.0936 0.2890
vn -0.2790 0.9565 0.0846
vn -0.9527 0.2890 0.0938
vn -0.9904 0.0976 0.0976
vn -0.0980 0.9951 0.0097
vn -0.9910 0.0911 0.0976
vn -0.2902 0.9565 0.0286
vn -0.9527 -0.2890 0.0938
vn -0.4709 0.8810 0.0464
vn -0.6332 0.7715 0.0624
vn -0.7708 0.6326 0.0759
vn -0.8786 0.4696 0.0865
vn -0.6332 0.7715 -0.0624
vn -0.7708 0.6326 -0.0759
vn -0.8786 0.4696 -0.0865
vn -0.9527 0.2890 -0.0938
vn -0.9904 0.0976 -0.0976
vn -0.0980 0.9951 -0.0097
vn -0.9913 0.0885 -0.0976
vn -0.2902 0.9565 -0.0286
vn -0.9527 -0.2890 -0.0938
vn -0.4709 0.8810 -0.0464
vn -0.9524 0.0976 -0.2889
vn -0.0943 0.9951 -0.0286
vn -0.9534 0.0859 -0.2892
vn -0.2790 0.9565 -0.0846
vn -0.9161 -0.2890 -0.2779
vn -0.4528 0.8810 -0.1373
vn -0.6088 0.7715 -0.1847
vn -0.7412 0.6326 -0.2248
vn -0.8448 0.4696 -0.2563
vn -0.9161 0.2890 -0.2779
vn -0.5611 0.7715 -0.2999
vn -0.6831 0.6326 -0.3651
vn -0.7786 0.4696 -0.4162
vn -0.8443 0.2890 -0.4513
vn -0.8777 0.0976 -0.4692
vn -0.0869 0.9951 -0.0464
vn -0.8788 0.0835 -0.4698
vn -0.2572 0.9565 -0.1375
vn -0.8443 -0.2890 -0.4513
vn -0.4173 0.8810 -0.2230
vn -0.7693 0.0976 -0.6314
vn -0.0761 0.9951 -0.0625
vn -0.7704 0.0814 -0.6323
vn -0.2254 0.9565 -0.1850
vn -0.7400 -0.2890 -0.6073
vn -0.3657 0.8810 -0.3002
vn -0.4918 0.7715 -0.4036
vn -0.5987 0.6326 -0.4913
vn -0.6825 0.4696 -0.5601
vn -0.7400 0.2890 -0.6073
vn -0.4914 0.6326 -0.5987
vn -0.5601 0.4696 -0.6825
vn -0.6073 0.2890 -0.7400
vn -0.6314 0.0976 -0.7693
vn -0.0624 0.9951 -0.0761
vn -0.6324 0.0795 -0.7706
vn -0.1850 0.9565 -0.2254
vn -0.6073 -0.2890 -0.7400
vn -0.3001 0.8810 -0.3657
vn -0.4036 0.7715 -0.4918
vn -0.0465 0.9951 -0.0869
vn -0.4700 0.0781 -0.8792
vn -0.1375 0.9565 -0.2572
vn -0.4513 -0.2890 -0.8443
vn -0.2230 0.8810 -0.4173
vn -0.2999 0.7715 -0.5611
vn -0.3651 0.6326 -0.6831
vn -0.4162 0.4696 -0.7786
vn -0.4513 0.2890 -0.8443
vn -0.4692 0.0975 -0.8777
vn -0.2248 0.6326 -0.7412
vn -0.2563 0.4696 -0.8448
vn -0.2779 0.2890 -0.9161
vn -0.2889 0.0976 -0.9524
vn -0.0285 0.9951 -0.0942
vn -0.2894 0.0771 -0.9541
vn -0.0846 0.9565 -0.2790
vn -0.2779 -0.2890 -0.9161
vn -0.1374 0.8810 -0.4528
vn -0.1847 0.7715 -0.6088
vn -0.0977 0.0766 -0.9923
vn -0.0286 0.9565 -0.2902
vn -0.0938 -0.2890 -0.9527
vn -0.0464 0.8810 -0.4709
vn -0.0624 0.7715 -0.6332
vn -0.0759 0.6326 -0.7708
vn -0.0865 0.4696 -0.8786
vn -0.0938 0.2890 -0.9527
vn -0.0975 0.0976 -0.9904
vn -0.0096 0.9951 -0.0980
vn 0.9110 0.3062 0.2763
vn 0.9524 0.2901 0.0938
vn 0.0961 0.1946 -0.9762
vn -0.6196 0.2146 -0.7550
vn 0.8352 0.3210 0.4464
vn 0.9572 0.2735 -0.0943
vn 0.9248 0.2570 -0.2805
vn -0.2845 0.1980 -0.9380
vn 0.7529 0.2269 -0.6178
vn -0.7529 0.2269 -0.6178
vn 0.8559 0.2412 -0.4575
vn 0.4614 0.2048 -0.8632
vn -0.8559 0.2412 -0.4575
vn 0.6196 0.2146 -0.7550
vn -0.0961 0.1946 -0.9762
vn -0.1302 -0.0994 0.9865
vn -0.9572 0.2735 -0.0943
vn -0.9248 0.2570 -0.2805
vn -0.8352 0.3210 0.4464
vn -0.9110 0.3062 0.2763
vn -0.9524 0.2901 0.0938
vn 0.2845 0.1980 -0.9380
vn -0.4614 0.2048 -0.8632
vn 0.1303 -0.0994 0.9865
vn -0.0162 -0.9997 0.0198
vn -0.0188 0.9998 0.0100
vn 0.0188 -0.9998 0.0101
vn 0.0181 0.9997 0.0148
vn -0.0188 -0.9998 0.0101
vn -0.0145 0.9999 -0.0044
vn -0.0176 0.9998 0.0017
vn 0.0181 -0.9997 0.0149
vn 0.0084 0.9996 0.0276
vn -0.0177 -0.9998 0.0017
vn 0.0162 0.9999 -0.0016
vn 0.6598 -0.0000 0.7515
vn 0.0084 -0.9996 0.0278
vn 0.0162 -0.9999 -0.0016
vn 0.0185 0.9998 0.0056
vn 0.0188 -0.9998 0.0057
vn -0.0129 0.9996 0.0241
vn -0.0130 -0.9996 0.0242
vn -0.0181 0.9997 0.0148
vn -0.6598 -0.0000 0.7515
vn 0.0188 0.9998 0.0100
vn 0.0177 -0.9998 0.0017
vn -0.0161 0.9997 0.0197
vn -0.0084 -0.9996 0.0278
vn 0.0176 0.9998 0.0017
vn 0.0145 -0.9999 -0.0044
vn -0.0084 0.9996 0.0276
vn -0.0029 -0.9996 0.0297
vn 0.0145 0.9999 -0.0044
vn 0.0029 -0.9996 0.0297
vn -0.0029 0.9996 0.0296
vn -0.0145 -0.9999 -0.0044
vn 0.0029 0.9996 0.0296
vn 0.0130 -0.9996 0.0242
vn 0.0129 0.9996 0.0241
vn 0.0162 -0.9997 0.0198
vn 0.0161 0.9997 0.0197
vn -0.0163 -0.9999 -0.0016
vn -0.0162 0.9999 -0.0016
vn -0.0188 -0.9998 0.0057
vn -0.0185 0.9998 0.0056
vn -0.0182 -0.9997 0.0149
vn -0.6180 0.2260 -0.7530
vn 0.0214 -0.9990 -0.0400
vn -0.9389 -0.0559 0.3395
vn 0.2902 0.0290 -0.9565
vn 0.0326 0.9995 -0.0032
vn 0.0333 0.9993 -0.0178
vn 0.9508 -0.1135 -0.2884
vn 0.9947 -0.0310 -0.0980
vn 0.9945 0.0366 0.0980
vn 0.9735 0.0675 0.2183
vn 0.3794 0.1219 0.9172
vn 0.7641 0.0814 0.6400
vn 0.6226 0.0888 0.7775
vn 0.4601 0.0939 0.8829
vn 0.2843 0.0972 0.9538
vn 0.0939 0.0987 0.9907
vn -0.0939 0.0986 0.9907
vn -0.2844 0.0967 0.9538
vn -0.4603 0.0931 0.8829
vn -0.6227 0.0878 0.7775
vn -0.7643 0.0801 0.6399
vn -0.3796 0.1212 0.9172
vn -0.9737 0.0658 0.2183
vn -0.9946 0.0348 0.0980
vn -0.9947 -0.0327 -0.0980
vn -0.9506 -0.1151 -0.2884
vn -0.0273 0.9991 -0.0333
vn -0.7971 0.2398 -0.5542
vn -0.0326 0.9995 -0.0032
vn 0.9952 0.0007 -0.0980
vn -0.0214 -0.9990 -0.0400
vn -0.0980 -0.0292 -0.9948
vn 0.0980 -0.0238 -0.9949
vn -0.0000 1.0000 -0.0000
vn -0.0336 0.9994 -0.0102
vn 0.0336 0.9994 -0.0102
vn -0.0214 0.9990 -0.0400
vn 0.4676 0.1262 -0.8749
vn 0.0240 -0.9996 0.0128
vn 0.0137 -0.9989 -0.0451
vn -0.4690 0.1007 -0.8774
vn -0.4808 0.0062 -0.8768
vn -0.0137 0.9989 -0.0451
vn -0.0333 0.9993 -0.0178
vn 0.6129 0.2580 -0.7468
vn -0.9952 -0.0007 0.0980
vn -0.0274 -0.9991 -0.0333
vn -0.2903 0.0130 -0.9569
vn -0.0047 0.9988 -0.0479
vn 0.0275 -0.9996 0.0083
vn 0.0047 -0.9988 -0.0479
vn 0.7966 0.2652 -0.5432
vn -0.0312 0.9992 -0.0257
vn 0.0312 0.9992 -0.0257
vn 0.0305 0.9995 0.0030
vn -0.0305 0.9995 0.0030
vn -0.0240 -0.9996 0.0128
vn -0.0137 -0.9989 -0.0451
vn 0.0273 0.9991 -0.0333
vn 0.0275 0.9996 0.0083
vn -0.0275 0.9996 0.0083
vn 0.0240 0.9996 0.0128
vn 0.0274 -0.9991 -0.0333
vn 0.0214 0.9990 -0.0400
vn -0.0240 0.9996 0.0128
vn -0.0275 -0.9996 0.0083
vn 0.7339 -0.0000 -0.6792
vn -0.0047 -0.9988 -0.0479
vn 0.9952 -0.0007 0.0980
vn 0.0137 0.9989 -0.0451
vn -0.0312 -0.9992 -0.0257
vn 0.0312 -0.9992 -0.0257
vn -0.7339 -0.0000 -0.6792
vn 0.0047 0.9988 -0.0479
vn 0.1894 -0.4223 -0.8864
vn -0.1525 0.7628 0.6285
vn -0.6514 0.3551 0.6705
vn -0.2044 -0.5459 -0.8126
vn 0.6504 0.3563 0.6708
vn 0.1524 0.7628 0.6284
vn 0.2045 -0.5458 -0.8126
vn 0.2740 -0.8339 -0.4791
vn -0.1232 0.7502 0.6496
vn 0.2296 -0.7705 -0.5946
vn -0.6177 -0.0000 -0.7865
vn -0.5393 -0.5843 0.6064
vn 0.1979 0.7991 0.5676
vn 0.1770 -0.7303 -0.6598
vn 0.9984 0.0134 -0.0549
vn -0.6280 -0.2164 0.7475
vn -0.9985 0.0129 -0.0526
vn 0.6280 -0.2164 0.7475
vn 0.5392 -0.5841 0.6066
vn -0.1893 -0.4226 -0.8863
vn 0.1231 0.7503 0.6495
vn -0.2739 -0.8340 -0.4790
vn 0.6177 -0.0000 -0.7865
vn -0.2295 -0.7706 -0.5945
vn -0.1980 0.7991 0.5677
vn -0.1770 -0.7304 -0.6597
vn 0.0156 0.7291 0.6842
vn -0.1379 -0.7141 -0.6863
vn -0.0219 -0.6918 -0.7217
vn 0.2364 0.8582 0.4556
vn -0.2366 0.8581 0.4557
vn 0.0219 -0.6918 -0.7218
vn -0.0156 0.7291 0.6843
vn 0.1379 -0.7141 -0.6864
vn -0.0337 -0.9994 -0.0121
vn 0.0337 -0.9994 -0.0121
vn -0.0325 -0.9995 -0.0032
vn -0.0305 -0.9995 0.0030
vn 0.0325 -0.9995 -0.0032
vn 0.0305 -0.9995 0.0030
vn 0.9639 0.0583 -0.2599
vn -0.9952 0.0007 -0.0980
vn 0.4808 0.0062 -0.8768
vn -0.9639 0.0583 -0.2599
vn 0.9389 -0.0559 0.3395
vt 0.593750 0.375000
vt 0.562500 0.375000
vt 0.531250 0.375000
vt 0.656250 0.375000
vt 0.625000 0.375000
vt 0.500000 0.375000
vt 0.718750 0.375000
vt 0.687500 0.375000
vt 0.812500 0.375000
vt 0.781250 0.375000
vt 0.468750 0.375000
vt 0.437500 0.375000
vt 0.906250 0.375000
vt 0.875000 0.375000
vt 0.843750 0.375000
vt 0.750000 0.375000
vt 0.937500 0.375000
vt 0.093750 0.375000
vt 0.062500 0.375000
vt 0.031250 0.375000
vt 0.000000 0.375000
vt 0.968750 0.375000
vt 1.000000 0.375000
vt 0.406250 0.375000
vt 0.750000 0.437500
vt 0.750000 0.500000
vt 0.718750 0.500000
vt 0.718750 0.437500
vt 0.750000 0.875000
vt 0.750000 0.937500
vt 0.718750 0.937500
vt 0.718750 0.875000
vt 0.750000 0.812500
vt 0.718750 0.812500
vt 0.750000 0.750000
vt 0.718750 0.750000
vt 0.750000 0.687500
vt 0.718750 0.687500
vt 0.750000 0.625000
vt 0.718750 0.625000
vt 0.750000 0.562500
vt 0.718750 0.562500
vt 0.734375 1.000000
vt 0.687500 0.562500
vt 0.687500 0.500000
vt 0.703125 1.000000
vt 0.687500 0.937500
vt 0.687500 0.437500
vt 0.687500 0.875000
vt 0.687500 0.812500
vt 0.687500 0.750000
vt 0.687500 0.687500
vt 0.687500 0.625000
vt 0.656250 0.812500
vt 0.656250 0.750000
vt 0.656250 0.687500
vt 0.656250 0.625000
vt 0.656250 0.562500
vt 0.656250 0.500000
vt 0.671875 1.000000
vt 0.656250 0.937500
vt 0.656250 0.437500
vt 0.656250 0.875000
vt 0.625000 0.562500
vt 0.625000 0.500000
vt 0.640625 1.000000
vt 0.625000 0.937500
vt 0.625000 0.437500
vt 0.625000 0.875000
vt 0.625000 0.812500
vt 0.625000 0.750000
vt 0.625000 0.687500
vt 0.625000 0.625000
vt 0.593750 0.750000
vt 0.593750 0.687500
vt 0.593750 0.625000
vt 0.593750 0.562500
vt 0.593750 0.500000
vt 0.609375 1.000000
vt 0.593750 0.937500
vt 0.593750 0.437500
vt 0.593750 0.875000
vt 0.593750 0.812500
vt 0.562500 0.500000
vt 0.562500 0.437500
vt 0.562500 0.937500
vt 0.562500 0.875000
vt 0.562500 0.812500
vt 0.562500 0.750000
vt 0.562500 0.687500
vt 0.562500 0.625000
vt 0.562500 0.562500
vt 0.578125 1.000000
vt 0.531250 0.687500
vt 0.531250 0.625000
vt 0.531250 0.562500
vt 0.531250 0.500000
vt 0.546875 1.000000
vt 0.531250 0.937500
vt 0.531250 0.437500
vt 0.531250 0.875000
vt 0.531250 0.812500
vt 0.531250 0.750000
vt 0.500000 0.937500
vt 0.500000 0.875000
vt 0.500000 0.437500
vt 0.500000 0.812500
vt 0.500000 0.750000
vt 0.500000 0.687500
vt 0.500000 0.625000
vt 0.500000 0.562500
vt 0.500000 0.500000
vt 0.515625 1.000000
vt 0.468750 0.687500
vt 0.468750 0.625000
vt 0.468750 0.562500
vt 0.468750 0.500000
vt 0.484375 1.000000
vt 0.468750 0.937500
vt 0.468750 0.437500
vt 0.468750 0.875000
vt 0.468750 0.812500
vt 0.468750 0.750000
vt 0.437500 0.437500
vt 0.437500 0.875000
vt 0.437500 0.812500
vt 0.437500 0.750000
vt 0.437500 0.687500
vt 0.437500 0.625000
vt 0.437500 0.562500
vt 0.437500 0.500000
vt 0.453125 1.000000
vt 0.437500 0.937500
vt 0.406250 0.625000
vt 0.406250 0.562500
vt 0.406250 0.500000
vt 0.421875 1.000000
vt 0.406250 0.937500
vt 0.406250 0.437500
vt 0.406250 0.875000
vt 0.406250 0.812500
vt 0.406250 0.750000
vt 0.406250 0.687500
vt 0.375000 0.875000
vt 0.375000 0.812500
vt 0.375000 0.750000
vt 0.375000 0.687500
vt 0.375000 0.625000
vt 0.375000 0.562500
vt 0.375000 0.500000
vt 0.390625 1.000000
vt 0.375000 0.937500
vt 0.375000 0.437500
vt 0.375000 0.375000
vt 0.359375 1.000000
vt 0.343750 0.937500
vt 0.343750 0.875000
vt 0.343750 0.812500
vt 0.343750 0.750000
vt 0.312500 0.812500
vt 0.312500 0.750000
vt 0.343750 0.687500
vt 0.312500 0.687500
vt 0.328125 1.000000
vt 0.312500 0.937500
vt 0.312500 0.875000
vt 0.296875 1.000000
vt 0.281250 0.937500
vt 0.281250 0.875000
vt 0.281250 0.812500
vt 0.281250 0.750000
vt 0.281250 0.687500
vt 0.250000 0.750000
vt 0.250000 0.687500
vt 0.265625 1.000000
vt 0.250000 0.937500
vt 0.250000 0.875000
vt 0.250000 0.812500
vt 0.234375 1.000000
vt 0.218750 0.937500
vt 0.218750 0.875000
vt 0.218750 0.812500
vt 0.218750 0.750000
vt 0.218750 0.687500
vt 0.187500 0.750000
vt 0.187500 0.687500
vt 0.203125 1.000000
vt 0.187500 0.937500
vt 0.187500 0.875000
vt 0.187500 0.812500
vt 0.156250 0.937500
vt 0.156250 0.875000
vt 0.125000 0.375000
vt 0.156250 0.812500
vt 0.156250 0.750000
vt 0.156250 0.687500
vt 0.171875 1.000000
vt 0.140625 1.000000
vt 0.125000 0.937500
vt 0.125000 0.875000
vt 0.125000 0.812500
vt 0.125000 0.750000
vt 0.093750 0.937500
vt 0.093750 0.875000
vt 0.125000 0.437500
vt 0.093750 0.437500
vt 0.093750 0.812500
vt 0.093750 0.750000
vt 0.125000 0.687500
vt 0.093750 0.687500
vt 0.093750 0.625000
vt 0.125000 0.562500
vt 0.125000 0.625000
vt 0.093750 0.562500
vt 0.125000 0.500000
vt 0.093750 0.500000
vt 0.109375 1.000000
vt 0.062500 0.687500
vt 0.062500 0.625000
vt 0.062500 0.562500
vt 0.062500 0.500000
vt 0.078125 1.000000
vt 0.062500 0.937500
vt 0.062500 0.437500
vt 0.062500 0.875000
vt 0.062500 0.812500
vt 0.062500 0.750000
vt 0.031250 0.437500
vt 0.031250 0.875000
vt 0.031250 0.812500
vt 0.031250 0.750000
vt 0.031250 0.687500
vt 0.031250 0.625000
vt 0.031250 0.562500
vt 0.031250 0.500000
vt 0.046875 1.000000
vt 0.031250 0.937500
vt 0.000000 0.625000
vt 0.000000 0.562500
vt 0.000000 0.500000
vt 0.015625 1.000000
vt 0.000000 0.937500
vt 0.000000 0.437500
vt 0.000000 0.875000
vt 0.000000 0.812500
vt 0.000000 0.750000
vt 0.000000 0.687500
vt 1.000000 0.750000
vt 1.000000 0.812500
vt 0.968750 0.812500
vt 0.968750 0.750000
vt 1.000000 0.687500
vt 0.968750 0.687500
vt 1.000000 0.625000
vt 0.968750 0.625000
vt 1.000000 0.562500
vt 0.968750 0.562500
vt 1.000000 0.500000
vt 0.968750 0.500000
vt 1.000000 0.937500
vt 0.984375 1.000000
vt 0.968750 0.937500
vt 1.000000 0.437500
vt 0.968750 0.437500
vt 1.000000 0.875000
vt 0.968750 0.875000
vt 0.937500 0.562500
vt 0.937500 0.500000
vt 0.953125 1.000000
vt 0.937500 0.937500
vt 0.937500 0.437500
vt 0.937500 0.875000
vt 0.937500 0.812500
vt 0.937500 0.750000
vt 0.937500 0.687500
vt 0.937500 0.625000
vt 0.906250 0.812500
vt 0.906250 0.750000
vt 0.906250 0.687500
vt 0.906250 0.625000
vt 0.906250 0.562500
vt 0.906250 0.500000
vt 0.921875 1.000000
vt 0.906250 0.937500
vt 0.906250 0.437500
vt 0.906250 0.875000
vt 0.875000 0.562500
vt 0.875000 0.500000
vt 0.890625 1.000000
vt 0.875000 0.937500
vt 0.875000 0.437500
vt 0.875000 0.875000
vt 0.875000 0.812500
vt 0.875000 0.750000
vt 0.875000 0.687500
vt 0.875000 0.625000
vt 0.843750 0.750000
vt 0.843750 0.687500
vt 0.843750 0.625000
vt 0.843750 0.562500
vt 0.843750 0.500000
vt 0.859375 1.000000
vt 0.843750 0.937500
vt 0.843750 0.437500
vt 0.843750 0.875000
vt 0.843750 0.812500
vt 0.828125 1.000000
vt 0.812500 0.937500
vt 0.812500 0.500000
vt 0.812500 0.437500
vt 0.812500 0.875000
vt 0.812500 0.812500
vt 0.812500 0.750000
vt 0.812500 0.687500
vt 0.812500 0.625000
vt 0.812500 0.562500
vt 0.781250 0.750000
vt 0.781250 0.687500
vt 0.781250 0.625000
vt 0.781250 0.562500
vt 0.781250 0.500000
vt 0.796875 1.000000
vt 0.781250 0.937500
vt 0.781250 0.437500
vt 0.781250 0.875000
vt 0.781250 0.812500
vt 0.765625 1.000000
vt 0.000000 0.000000
vt 0.406250 1.000000
vt 0.437500 1.000000
vt 0.312500 1.000000
vt 0.281250 1.000000
vt 0.014612 0.203178
vt 0.010000 0.250000
vt 0.050447 0.116663
vt 0.028269 0.158156
vt 0.812500 1.000000
vt 0.781250 1.000000
vt 0.750000 1.000000
vt 0.718750 1.000000
vt 0.687500 1.000000
vt 0.656250 1.000000
vt 0.625000 1.000000
vt 0.593750 1.000000
vt 0.562500 1.000000
vt 0.531250 1.000000
vt 0.500000 1.000000
vt 0.468750 1.000000
vt 0.375000 1.000000
vt 0.343750 1.000000
vt 0.343750 0.500000
vt 0.312500 0.500000
vt 0.281250 0.500000
vt 0.250000 1.000000
vt 0.250000 0.500000
vt 0.218750 1.000000
vt 0.218750 0.500000
vt 0.187500 1.000000
vt 0.419706 0.080294
vt 0.383337 0.050447
vt 0.490000 0.250000
vt 0.485388 0.203178
vt 0.296822 0.485388
vt 0.250000 0.490000
vt 0.203178 0.485388
vt 0.158156 0.471731
vt 0.116663 0.449553
vt 0.080294 0.419706
vt 0.050447 0.383337
vt 0.028269 0.341844
vt 0.014612 0.296822
vt 0.080294 0.080294
vt 0.116663 0.050447
vt 0.158156 0.028269
vt 0.203178 0.014612
vt 0.250000 0.010000
vt 0.296822 0.014612
vt 0.341844 0.028269
vt 0.449553 0.116663
vt 0.471731 0.158156
vt 0.485388 0.296822
vt 0.471731 0.341844
vt 0.449553 0.383337
vt 0.419706 0.419706
vt 0.383337 0.449553
vt 0.341844 0.471731
s 0
usemtl Metallic_Dark_Blue.004
f 1964/181/2439 1988/181/2439 1987/182/2439 1965/182/2439
f 1965/182/2440 1987/182/2440 1986/183/2440 1966/183/2440
f 1962/184/2441 1990/184/2441 1989/185/2441 1963/185/2441
f 1966/183/2442 1986/183/2442 1985/186/2442 1967/186/2442
f 1960/187/2443 1992/187/2443 1991/188/2443 1961/188/2443
f 2003/189/2444 1972/189/2444 1971/190/2444 2004/190/2444
f 1963/185/2445 1989/185/2445 1988/181/2445 1964/181/2445
f 1961/188/2446 1991/188/2446 1990/184/2446 1962/184/2446
f 1968/191/2447 1984/191/2447 1983/192/2447 1969/192/2447
f 2000/193/2448 1975/193/2448 1974/194/2448 2001/194/2448
f 2002/195/2449 1973/195/2449 1972/189/2449 2003/189/2449
f 2004/190/2450 1971/190/2450 1993/196/2450 1959/196/2450
f 1999/197/2451 1976/197/2451 1975/193/2451 2000/193/2451
f 2001/194/2452 1974/194/2452 1973/195/2452 2002/195/2452
f 1959/196/2453 1993/196/2453 1992/187/2453 1960/187/2453
f 1994/198/2454 1981/198/2454 1980/199/2454 1995/199/2454
f 1996/200/2455 1979/200/2455 1978/201/2455 1997/201/2455
f 1998/202/2456 1977/202/2456 1976/197/2456 1999/197/2456
f 1997/203/2457 1978/203/2457 1977/202/2457 1998/202/2457
f 1969/192/2458 1983/192/2458 1982/204/2458 1970/204/2458
f 1967/186/2459 1985/186/2459 1984/191/2459 1968/191/2459
f 1995/199/2460 1980/199/2460 1979/200/2460 1996/200/2460
f 1984/191/2461 2016/191/2461 2015/192/2461 1983/192/2461
f 1985/186/2462 2017/186/2462 2016/191/2462 1984/191/2462
f 1993/196/2463 2025/196/2463 2024/187/2463 1992/187/2463
f 1974/194/2464 2008/194/2464 2007/195/2464 1973/195/2464
f 1983/192/2465 2015/192/2465 1982/204/2465
f 1986/183/2466 2018/183/2466 2017/186/2466 1985/186/2466
f 1987/182/2467 2019/182/2467 2018/183/2467 1986/183/2467
f 1972/189/2468 2006/189/2468 2005/190/2468 1971/190/2468
f 1989/185/2469 2021/185/2469 2020/181/2469 1988/181/2469
f 1975/193/2470 2009/193/2470 2008/194/2470 1974/194/2470
f 1988/181/2471 2020/181/2471 2019/182/2471 1987/182/2471
f 1991/188/2472 2023/188/2472 2022/184/2472 1990/184/2472
f 1976/197/2473 2010/197/2473 2009/193/2473 1975/193/2473
f 1990/184/2474 2022/184/2474 2021/185/2474 1989/185/2474
f 1971/190/2475 2005/190/2475 2025/196/2475 1993/196/2475
f 1978/203/2476 2012/203/2476 2011/202/2476 1977/202/2476
f 1977/202/2477 2011/202/2477 2010/197/2477 1976/197/2477
f 1981/198/2478 2014/198/2478 1980/199/2478
f 1980/199/2479 2014/199/2479 2013/200/2479 1979/200/2479
f 1979/200/2480 2013/200/2480 2012/201/2480 1978/201/2480
f 1992/187/2481 2024/187/2481 2023/188/2481 1991/188/2481
f 1973/195/2482 2007/195/2482 2006/189/2482 1972/189/2482
usemtl Metallic_Dark_Blue
f 2328/205/2483 2030/206/2483 2039/207/2483 2040/208/2483
f 2325/209/2484 2026/210/2484 2032/211/2484 2033/212/2484
f 2031/196/2485 2328/205/2485 2040/208/2485 2041/187/2485
f 2027/213/2486 2325/209/2486 2033/212/2486 2034/214/2486
f 2028/215/2487 2027/213/2487 2034/214/2487 2035/216/2487
f 2326/217/2488 2028/215/2488 2035/216/2488 2036/218/2488
f 2029/219/2489 2326/217/2489 2036/218/2489 2037/220/2489
f 2327/221/2490 2029/219/2490 2037/220/2490 2038/222/2490
f 2030/206/2491 2327/221/2491 2038/222/2491 2039/207/2491
f 2026/210/2492 2082/223/2492 2032/211/2492
f 2039/207/2493 2038/222/2493 2048/224/2493 2049/225/2493
f 2032/211/2494 2082/226/2494 2042/227/2494
f 2040/208/2495 2039/207/2495 2049/225/2495 2050/228/2495
f 2033/212/2496 2032/211/2496 2042/227/2496 2043/229/2496
f 2041/187/2497 2040/208/2497 2050/228/2497 2051/188/2497
f 2034/214/2498 2033/212/2498 2043/229/2498 2044/230/2498
f 2035/216/2499 2034/214/2499 2044/230/2499 2045/231/2499
f 2036/218/2500 2035/216/2500 2045/231/2500 2046/232/2500
f 2037/220/2501 2036/218/2501 2046/232/2501 2047/233/2501
f 2038/222/2502 2037/220/2502 2047/233/2502 2048/224/2502
f 2045/231/2503 2044/230/2503 2054/234/2503 2055/235/2503
f 2046/232/2504 2045/231/2504 2055/235/2504 2056/236/2504
f 2047/233/2505 2046/232/2505 2056/236/2505 2057/237/2505
f 2048/224/2506 2047/233/2506 2057/237/2506 2058/238/2506
f 2049/225/2507 2048/224/2507 2058/238/2507 2059/239/2507
f 2042/227/2508 2082/240/2508 2052/241/2508
f 2050/228/2509 2049/225/2509 2059/239/2509 2060/242/2509
f 2043/229/2510 2042/227/2510 2052/241/2510 2053/243/2510
f 2051/188/2511 2050/228/2511 2060/242/2511 2061/184/2511
f 2044/230/2512 2043/229/2512 2053/243/2512 2054/234/2512
f 2059/239/2513 2058/238/2513 2068/244/2513 2069/245/2513
f 2052/241/2514 2082/246/2514 2062/247/2514
f 2060/242/2515 2059/239/2515 2069/245/2515 2070/248/2515
f 2053/243/2516 2052/241/2516 2062/247/2516 2063/249/2516
f 2061/184/2517 2060/242/2517 2070/248/2517 2071/185/2517
f 2054/234/2518 2053/243/2518 2063/249/2518 2064/250/2518
f 2055/235/2519 2054/234/2519 2064/250/2519 2065/251/2519
f 2056/236/2520 2055/235/2520 2065/251/2520 2066/252/2520
f 2057/237/2521 2056/236/2521 2066/252/2521 2067/253/2521
f 2058/238/2522 2057/237/2522 2067/253/2522 2068/244/2522
f 2066/252/2523 2065/251/2523 2075/254/2523 2076/255/2523
f 2067/253/2524 2066/252/2524 2076/255/2524 2077/256/2524
f 2068/244/2525 2067/253/2525 2077/256/2525 2078/257/2525
f 2069/245/2526 2068/244/2526 2078/257/2526 2079/258/2526
f 2062/247/2527 2082/259/2527 2072/260/2527
f 2070/248/2528 2069/245/2528 2079/258/2528 2080/261/2528
f 2063/249/2529 2062/247/2529 2072/260/2529 2073/262/2529
f 2071/185/2530 2070/248/2530 2080/261/2530 2081/181/2530
f 2064/250/2531 2063/249/2531 2073/262/2531 2074/263/2531
f 2065/251/2532 2064/250/2532 2074/263/2532 2075/254/2532
f 2080/261/2533 2079/258/2533 2090/264/2533 2091/265/2533
f 2073/262/2534 2072/260/2534 2083/266/2534 2084/267/2534
f 2081/181/2535 2080/261/2535 2091/265/2535 2092/182/2535
f 2074/263/2536 2073/262/2536 2084/267/2536 2085/268/2536
f 2075/254/2537 2074/263/2537 2085/268/2537 2086/269/2537
f 2076/255/2538 2075/254/2538 2086/269/2538 2087/270/2538
f 2077/256/2539 2076/255/2539 2087/270/2539 2088/271/2539
f 2078/257/2540 2077/256/2540 2088/271/2540 2089/272/2540
f 2079/258/2541 2078/257/2541 2089/272/2541 2090/264/2541
f 2072/260/2542 2082/273/2542 2083/266/2542
f 2088/271/2543 2087/270/2543 2097/274/2543 2098/275/2543
f 2089/272/2544 2088/271/2544 2098/275/2544 2099/276/2544
f 2090/264/2545 2089/272/2545 2099/276/2545 2100/277/2545
f 2083/266/2546 2082/278/2546 2093/279/2546
f 2091/265/2547 2090/264/2547 2100/277/2547 2101/280/2547
f 2084/267/2548 2083/266/2548 2093/279/2548 2094/281/2548
f 2092/182/2549 2091/265/2549 2101/280/2549 2102/183/2549
f 2085/268/2550 2084/267/2550 2094/281/2550 2095/282/2550
f 2086/269/2551 2085/268/2551 2095/282/2551 2096/283/2551
f 2087/270/2552 2086/269/2552 2096/283/2552 2097/274/2552
f 2094/281/2553 2093/279/2553 2103/284/2553 2104/285/2553
f 2102/183/2554 2101/280/2554 2111/286/2554 2112/186/2554
f 2095/282/2555 2094/281/2555 2104/285/2555 2105/287/2555
f 2096/283/2556 2095/282/2556 2105/287/2556 2106/288/2556
f 2097/274/2557 2096/283/2557 2106/288/2557 2107/289/2557
f 2098/275/2558 2097/274/2558 2107/289/2558 2108/290/2558
f 2099/276/2559 2098/275/2559 2108/290/2559 2109/291/2559
f 2100/277/2560 2099/276/2560 2109/291/2560 2110/292/2560
f 2093/279/2561 2082/293/2561 2103/284/2561
f 2101/280/2562 2100/277/2562 2110/292/2562 2111/286/2562
f 2108/290/2563 2107/289/2563 2117/294/2563 2118/295/2563
f 2109/291/2564 2108/290/2564 2118/295/2564 2119/296/2564
f 2110/292/2565 2109/291/2565 2119/296/2565 2120/297/2565
f 2103/284/2566 2082/298/2566 2113/299/2566
f 2111/286/2567 2110/292/2567 2120/297/2567 2121/300/2567
f 2104/285/2568 2103/284/2568 2113/299/2568 2114/301/2568
f 2112/186/2569 2111/286/2569 2121/300/2569 2122/191/2569
f 2105/287/2570 2104/285/2570 2114/301/2570 2115/302/2570
f 2106/288/2571 2105/287/2571 2115/302/2571 2116/303/2571
f 2107/289/2572 2106/288/2572 2116/303/2572 2117/294/2572
f 2122/191/2573 2121/300/2573 2131/304/2573 2132/192/2573
f 2115/302/2574 2114/301/2574 2124/305/2574 2125/306/2574
f 2116/303/2575 2115/302/2575 2125/306/2575 2126/307/2575
f 2117/294/2576 2116/303/2576 2126/307/2576 2127/308/2576
f 2118/295/2577 2117/294/2577 2127/308/2577 2128/309/2577
f 2119/296/2578 2118/295/2578 2128/309/2578 2129/310/2578
f 2120/297/2579 2119/296/2579 2129/310/2579 2130/311/2579
f 2113/299/2580 2082/312/2580 2123/313/2580
f 2121/300/2581 2120/297/2581 2130/311/2581 2131/304/2581
f 2114/301/2582 2113/299/2582 2123/313/2582 2124/305/2582
f 2129/310/2583 2128/309/2583 2138/314/2583 2139/315/2583
f 2130/311/2584 2129/310/2584 2139/315/2584 2140/316/2584
f 2123/313/2585 2082/317/2585 2133/318/2585
f 2131/304/2586 2130/311/2586 2140/316/2586 2141/319/2586
f 2124/305/2587 2123/313/2587 2133/318/2587 2134/320/2587
f 2132/192/2588 2131/304/2588 2141/319/2588 2142/204/2588
f 2125/306/2589 2124/305/2589 2134/320/2589 2135/321/2589
f 2126/307/2590 2125/306/2590 2135/321/2590 2136/322/2590
f 2127/308/2591 2126/307/2591 2136/322/2591 2137/323/2591
f 2128/309/2592 2127/308/2592 2137/323/2592 2138/314/2592
f 2135/321/2593 2134/320/2593 2144/324/2593 2145/325/2593
f 2136/322/2594 2135/321/2594 2145/325/2594 2146/326/2594
f 2137/323/2595 2136/322/2595 2146/326/2595 2147/327/2595
f 2138/314/2596 2137/323/2596 2147/328/2596
f 2139/315/2597 2138/314/2597 2147/328/2597 2148/329/2597
f 2140/316/2598 2139/315/2598 2148/329/2598 2149/330/2598
f 2133/318/2599 2082/331/2599 2143/332/2599
f 2141/319/2600 2140/316/2600 2149/330/2600 2150/333/2600
f 2134/320/2601 2133/318/2601 2143/332/2601 2144/324/2601
f 2142/204/2602 2141/319/2602 2150/334/2602
f 2143/332/2603 2082/335/2603 2151/336/2603
f 2144/324/2604 2143/332/2604 2151/336/2604 2152/337/2604
f 2145/325/2605 2144/324/2605 2152/337/2605 2153/338/2605
f 2146/326/2606 2145/325/2606 2153/338/2606 2154/339/2606
f 2147/327/2607 2146/326/2607 2154/339/2607
f 2154/339/2608 2153/338/2608 2157/340/2608 2158/341/2608
f 2147/342/2609 2154/339/2609 2158/341/2609 2159/343/2609
f 2151/336/2610 2082/344/2610 2155/345/2610
f 2152/337/2611 2151/336/2611 2155/345/2611 2156/346/2611
f 2153/338/2612 2152/337/2612 2156/346/2612 2157/340/2612
f 2155/345/2613 2082/347/2613 2160/348/2613
f 2156/346/2614 2155/345/2614 2160/348/2614 2161/349/2614
f 2157/340/2615 2156/346/2615 2161/349/2615 2162/350/2615
f 2158/341/2616 2157/340/2616 2162/350/2616 2163/351/2616
f 2159/343/2617 2158/341/2617 2163/351/2617 2164/352/2617
f 2164/352/2618 2163/351/2618 2173/353/2618 2174/354/2618
f 2081/181/2454 2092/182/2454 2197/182/2454 2198/181/2454
f 2092/182/2460 2102/183/2460 2196/183/2460 2197/182/2460
f 2160/348/2619 2082/355/2619 2170/356/2619
f 2061/184/2620 2071/185/2620 2204/185/2620 2205/184/2620
f 2161/349/2621 2160/348/2621 2170/356/2621 2171/357/2621
f 2102/183/2455 2112/186/2455 2195/186/2455 2196/183/2455
f 2162/350/2622 2161/349/2622 2171/357/2622 2172/358/2622
f 2163/351/2623 2162/350/2623 2172/358/2623 2173/353/2623
f 2170/356/2624 2082/359/2624 2180/360/2624
f 2041/187/2625 2051/188/2625 2206/188/2625 2207/187/2625
f 2171/357/2626 2170/356/2626 2180/360/2626 2181/361/2626
f 2314/189/2627 2324/190/2627 2165/190/2627 2166/189/2627
f 2172/358/2628 2171/357/2628 2181/361/2628 2182/362/2628
f 2173/353/2629 2172/358/2629 2182/362/2629 2183/363/2629
f 2174/354/2630 2173/353/2630 2183/363/2630 2184/364/2630
f 2071/185/2631 2081/181/2631 2198/181/2631 2204/185/2631
f 2051/188/2632 2061/184/2632 2205/184/2632 2206/188/2632
f 2122/191/2456 2132/192/2456 2188/192/2456 2194/191/2456
f 2184/364/2633 2183/363/2633 2192/365/2633 2193/366/2633
f 2284/193/2634 2294/194/2634 2168/194/2634 2169/193/2634
f 2304/195/2635 2314/189/2635 2166/189/2635 2167/195/2635
f 2324/190/2636 2031/196/2636 2208/196/2636 2165/190/2636
f 2180/360/2637 2082/367/2637 2189/368/2637
f 2274/197/2458 2284/193/2458 2169/193/2458 2175/197/2458
f 2181/361/2638 2180/360/2638 2189/368/2638 2190/369/2638
f 2294/194/2639 2304/195/2639 2167/195/2639 2168/194/2639
f 2182/362/2640 2181/361/2640 2190/369/2640 2191/370/2640
f 2183/363/2641 2182/362/2641 2191/370/2641 2192/365/2641
f 2031/196/2642 2041/187/2642 2207/187/2642 2208/196/2642
f 2190/369/2643 2189/368/2643 2199/371/2643 2200/372/2643
f 2186/373/2644 2224/198/2644 2185/198/2644
f 2191/370/2645 2190/369/2645 2200/372/2645 2201/374/2645
f 2192/365/2646 2191/370/2646 2201/374/2646 2202/375/2646
f 2193/366/2647 2192/365/2647 2202/375/2647 2203/376/2647
f 2224/198/2439 2234/199/2439 2179/199/2439 2185/198/2439
f 2244/200/2442 2254/201/2442 2177/201/2442 2178/200/2442
f 2264/202/2447 2274/197/2447 2175/197/2447 2176/202/2447
f 2189/368/2648 2082/377/2648 2199/371/2648
f 2254/203/2459 2264/202/2459 2176/202/2459 2177/203/2459
f 2142/204/2649 2150/334/2649 2187/204/2649
f 2132/192/2451 2142/204/2451 2187/204/2451 2188/192/2451
f 2199/371/2650 2082/378/2650 2209/379/2650
f 2112/186/2457 2122/191/2457 2194/191/2457 2195/186/2457
f 2200/372/2651 2199/371/2651 2209/379/2651 2210/380/2651
f 2234/199/2440 2244/200/2440 2178/200/2440 2179/199/2440
f 2201/374/2652 2200/372/2652 2210/380/2652 2211/381/2652
f 2202/375/2653 2201/374/2653 2211/381/2653 2212/382/2653
f 2203/376/2654 2202/375/2654 2212/382/2654
f 2210/380/2655 2209/379/2655 2215/383/2655 2216/384/2655
f 2186/385/2656 2223/386/2656 2224/198/2656
f 2211/381/2657 2210/380/2657 2216/384/2657 2217/387/2657
f 2212/382/2658 2211/381/2658 2217/387/2658 2218/388/2658
f 2203/389/2659 2212/382/2659 2218/388/2659 2219/390/2659
f 2203/389/2660 2219/390/2660 2220/391/2660
f 2213/392/2661 2203/393/2661 2220/391/2661 2221/394/2661
f 2214/395/2662 2213/392/2662 2221/394/2662 2222/396/2662
f 2209/379/2663 2082/397/2663 2215/383/2663
f 2186/385/2664 2214/395/2664 2222/396/2664 2223/386/2664
f 2220/391/2665 2219/390/2665 2229/398/2665 2230/399/2665
f 2221/394/2666 2220/391/2666 2230/399/2666 2231/400/2666
f 2222/396/2667 2221/394/2667 2231/400/2667 2232/401/2667
f 2215/383/2668 2082/402/2668 2225/403/2668
f 2223/386/2669 2222/396/2669 2232/401/2669 2233/404/2669
f 2216/384/2670 2215/383/2670 2225/403/2670 2226/405/2670
f 2224/198/2671 2223/386/2671 2233/404/2671 2234/199/2671
f 2217/387/2672 2216/384/2672 2226/405/2672 2227/406/2672
f 2218/388/2673 2217/387/2673 2227/406/2673 2228/407/2673
f 2219/390/2674 2218/388/2674 2228/407/2674 2229/398/2674
f 2234/199/2675 2233/404/2675 2243/408/2675 2244/200/2675
f 2227/406/2676 2226/405/2676 2236/409/2676 2237/410/2676
f 2228/407/2677 2227/406/2677 2237/410/2677 2238/411/2677
f 2229/398/2678 2228/407/2678 2238/411/2678 2239/412/2678
f 2230/399/2679 2229/398/2679 2239/412/2679 2240/413/2679
f 2231/400/2680 2230/399/2680 2240/413/2680 2241/414/2680
f 2232/401/2681 2231/400/2681 2241/414/2681 2242/415/2681
f 2225/403/2682 2082/416/2682 2235/417/2682
f 2233/404/2683 2232/401/2683 2242/415/2683 2243/408/2683
f 2226/405/2684 2225/403/2684 2235/417/2684 2236/409/2684
f 2241/414/2685 2240/413/2685 2250/418/2685 2251/419/2685
f 2242/415/2686 2241/414/2686 2251/419/2686 2252/420/2686
f 2235/417/2687 2082/421/2687 2245/422/2687
f 2243/408/2688 2242/415/2688 2252/420/2688 2253/423/2688
f 2236/409/2689 2235/417/2689 2245/422/2689 2246/424/2689
f 2244/200/2690 2243/408/2690 2253/423/2690 2254/201/2690
f 2237/410/2691 2236/409/2691 2246/424/2691 2247/425/2691
f 2238/411/2692 2237/410/2692 2247/425/2692 2248/426/2692
f 2239/412/2693 2238/411/2693 2248/426/2693 2249/427/2693
f 2240/413/2694 2239/412/2694 2249/427/2694 2250/418/2694
f 2248/428/2695 2247/429/2695 2257/430/2695 2258/431/2695
f 2249/432/2696 2248/428/2696 2258/431/2696 2259/433/2696
f 2250/434/2697 2249/432/2697 2259/433/2697 2260/435/2697
f 2251/436/2698 2250/434/2698 2260/435/2698 2261/437/2698
f 2252/438/2699 2251/436/2699 2261/437/2699 2262/439/2699
f 2245/440/2700 2082/441/2700 2255/442/2700
f 2253/443/2701 2252/438/2701 2262/439/2701 2263/444/2701
f 2246/445/2702 2245/440/2702 2255/442/2702 2256/446/2702
f 2254/203/2703 2253/443/2703 2263/444/2703 2264/202/2703
f 2247/429/2704 2246/445/2704 2256/446/2704 2257/430/2704
f 2262/439/2705 2261/437/2705 2271/447/2705 2272/448/2705
f 2255/442/2706 2082/449/2706 2265/450/2706
f 2263/444/2707 2262/439/2707 2272/448/2707 2273/451/2707
f 2256/446/2708 2255/442/2708 2265/450/2708 2266/452/2708
f 2264/202/2709 2263/444/2709 2273/451/2709 2274/197/2709
f 2257/430/2710 2256/446/2710 2266/452/2710 2267/453/2710
f 2258/431/2711 2257/430/2711 2267/453/2711 2268/454/2711
f 2259/433/2712 2258/431/2712 2268/454/2712 2269/455/2712
f 2260/435/2713 2259/433/2713 2269/455/2713 2270/456/2713
f 2261/437/2714 2260/435/2714 2270/456/2714 2271/447/2714
f 2268/454/2715 2267/453/2715 2277/457/2715 2278/458/2715
f 2269/455/2716 2268/454/2716 2278/458/2716 2279/459/2716
f 2270/456/2717 2269/455/2717 2279/459/2717 2280/460/2717
f 2271/447/2718 2270/456/2718 2280/460/2718 2281/461/2718
f 2272/448/2719 2271/447/2719 2281/461/2719 2282/462/2719
f 2265/450/2720 2082/463/2720 2275/464/2720
f 2273/451/2721 2272/448/2721 2282/462/2721 2283/465/2721
f 2266/452/2722 2265/450/2722 2275/464/2722 2276/466/2722
f 2274/197/2723 2273/451/2723 2283/465/2723 2284/193/2723
f 2267/453/2724 2266/452/2724 2276/466/2724 2277/457/2724
f 2282/462/2725 2281/461/2725 2291/467/2725 2292/468/2725
f 2275/464/2726 2082/469/2726 2285/470/2726
f 2283/465/2727 2282/462/2727 2292/468/2727 2293/471/2727
f 2276/466/2728 2275/464/2728 2285/470/2728 2286/472/2728
f 2284/193/2729 2283/465/2729 2293/471/2729 2294/194/2729
f 2277/457/2730 2276/466/2730 2286/472/2730 2287/473/2730
f 2278/458/2731 2277/457/2731 2287/473/2731 2288/474/2731
f 2279/459/2732 2278/458/2732 2288/474/2732 2289/475/2732
f 2280/460/2733 2279/459/2733 2289/475/2733 2290/476/2733
f 2281/461/2734 2280/460/2734 2290/476/2734 2291/467/2734
f 2289/475/2735 2288/474/2735 2298/477/2735 2299/478/2735
f 2290/476/2736 2289/475/2736 2299/478/2736 2300/479/2736
f 2291/467/2737 2290/476/2737 2300/479/2737 2301/480/2737
f 2292/468/2738 2291/467/2738 2301/480/2738 2302/481/2738
f 2285/470/2739 2082/482/2739 2295/483/2739
f 2293/471/2740 2292/468/2740 2302/481/2740 2303/484/2740
f 2286/472/2741 2285/470/2741 2295/483/2741 2296/485/2741
f 2294/194/2742 2293/471/2742 2303/484/2742 2304/195/2742
f 2287/473/2743 2286/472/2743 2296/485/2743 2297/486/2743
f 2288/474/2744 2287/473/2744 2297/486/2744 2298/477/2744
f 2295/483/2745 2082/487/2745 2305/488/2745
f 2303/484/2746 2302/481/2746 2312/489/2746 2313/490/2746
f 2296/485/2747 2295/483/2747 2305/488/2747 2306/491/2747
f 2304/195/2748 2303/484/2748 2313/490/2748 2314/189/2748
f 2297/486/2749 2296/485/2749 2306/491/2749 2307/492/2749
f 2298/477/2750 2297/486/2750 2307/492/2750 2308/493/2750
f 2299/478/2751 2298/477/2751 2308/493/2751 2309/494/2751
f 2300/479/2752 2299/478/2752 2309/494/2752 2310/495/2752
f 2301/480/2753 2300/479/2753 2310/495/2753 2311/496/2753
f 2302/481/2754 2301/480/2754 2311/496/2754 2312/489/2754
f 2309/494/2755 2308/493/2755 2318/497/2755 2319/498/2755
f 2310/495/2756 2309/494/2756 2319/498/2756 2320/499/2756
f 2311/496/2757 2310/495/2757 2320/499/2757 2321/500/2757
f 2312/489/2758 2311/496/2758 2321/500/2758 2322/501/2758
f 2305/488/2759 2082/502/2759 2315/503/2759
f 2313/490/2760 2312/489/2760 2322/501/2760 2323/504/2760
f 2306/491/2761 2305/488/2761 2315/503/2761 2316/505/2761
f 2314/189/2762 2313/490/2762 2323/504/2762 2324/190/2762
f 2307/492/2763 2306/491/2763 2316/505/2763 2317/506/2763
f 2308/493/2764 2307/492/2764 2317/506/2764 2318/497/2764
f 2323/504/2765 2322/501/2765 2030/206/2765 2328/205/2765
f 2316/505/2766 2315/503/2766 2026/210/2766 2325/209/2766
f 2324/190/2767 2323/504/2767 2328/205/2767 2031/196/2767
f 2317/506/2768 2316/505/2768 2325/209/2768 2027/213/2768
f 2318/497/2769 2317/506/2769 2027/213/2769 2028/215/2769
f 2319/498/2770 2318/497/2770 2028/215/2770 2326/217/2770
f 2320/499/2771 2319/498/2771 2326/217/2771 2029/219/2771
f 2321/500/2772 2320/499/2772 2029/219/2772 2327/221/2772
f 2322/501/2773 2321/500/2773 2327/221/2773 2030/206/2773
f 2315/503/2774 2082/507/2774 2026/210/2774
f 2194/191/2775 2188/192/2775 2339/192/2775 2340/191/2775
f 2195/186/2776 2194/191/2776 2340/191/2776 2341/186/2776
f 2208/196/2777 2207/187/2777 2348/187/2777 2349/196/2777
f 2168/194/2778 2167/195/2778 2331/195/2778 2332/194/2778
f 2188/192/2779 2187/204/2779 2339/192/2779
f 2196/183/2780 2195/186/2780 2341/186/2780 2342/183/2780
f 2197/182/2781 2196/183/2781 2342/183/2781 2343/182/2781
f 2166/189/2782 2165/190/2782 2329/190/2782 2330/189/2782
f 2204/185/2783 2198/181/2783 2344/181/2783 2345/185/2783
f 2169/193/2784 2168/194/2784 2332/194/2784 2333/193/2784
f 2198/181/2785 2197/182/2785 2343/182/2785 2344/181/2785
f 2206/188/2786 2205/184/2786 2346/184/2786 2347/188/2786
f 2175/197/2787 2169/193/2787 2333/193/2787 2334/197/2787
f 2205/184/2788 2204/185/2788 2345/185/2788 2346/184/2788
f 2165/190/2789 2208/196/2789 2349/196/2789 2329/190/2789
f 2187/204/2790 2339/204/2790 2150/334/2790
f 2177/203/2791 2176/202/2791 2335/202/2791 2336/203/2791
f 2176/202/2792 2175/197/2792 2334/197/2792 2335/202/2792
f 2185/198/2793 2179/199/2793 2338/198/2793
f 2179/199/2794 2178/200/2794 2337/200/2794 2338/199/2794
f 2178/200/2795 2177/201/2795 2336/201/2795 2337/200/2795
f 2207/187/2796 2206/188/2796 2347/188/2796 2348/187/2796
f 2167/195/2797 2166/189/2797 2330/189/2797 2331/195/2797
f 2186/373/2798 2338/373/2798 2185/198/2798
f 2359/508/2810 2338/508/2810 2379/508/2810 2400/508/2810
f 2339/508/2818 2360/508/2818 2412/508/2818 2391/508/2818
usemtl Black
f 2366/508/2799 2367/508/2799 2409/508/2799 2408/508/2799
f 2344/181/2800 2343/182/2800 2385/182/2800 2386/181/2800
f 2354/508/2801 2355/508/2801 2396/508/2801 2395/508/2801
f 2333/193/2802 2332/194/2802 2373/194/2802 2374/193/2802
f 2364/508/2803 2365/508/2803 2407/508/2803 2406/508/2803
f 2340/191/2804 2339/192/2804 2391/192/2804 2382/191/2804
f 2342/183/2805 2341/186/2805 2383/186/2805 2384/183/2805
f 2353/508/2806 2354/508/2806 2395/508/2806 2394/508/2806
f 2330/189/2807 2329/190/2807 2371/190/2807 2372/189/2807
f 2362/508/2808 2363/508/2808 2405/508/2808 2404/508/2808
f 2337/200/2809 2336/201/2809 2376/201/2809 2378/200/2809
f 2350/508/2811 2351/508/2811 2393/508/2811 2392/508/2811
f 2357/508/2812 2358/508/2812 2399/508/2812 2397/508/2812
f 2335/202/2813 2334/197/2813 2375/197/2813 2377/202/2813
f 2355/508/2814 2356/508/2814 2398/508/2814 2396/508/2814
f 2347/188/2815 2346/184/2815 2388/184/2815 2389/188/2815
f 2367/508/2816 2368/508/2816 2410/508/2816 2409/508/2816
f 2345/185/2817 2344/181/2817 2386/181/2817 2387/185/2817
f 2380/196/2642 2390/187/2642 2411/187/2642 2401/196/2642
f 2389/188/2632 2388/184/2632 2409/184/2632 2410/188/2632
f 2382/191/2456 2391/192/2456 2412/192/2456 2403/191/2456
f 2379/199/2440 2378/200/2440 2399/200/2440 2400/199/2440
f 2377/202/2447 2375/197/2447 2396/197/2447 2398/202/2447
f 2371/190/2636 2380/196/2636 2401/196/2636 2392/190/2636
f 2378/200/2442 2376/201/2442 2397/201/2442 2399/200/2442
f 2381/195/2635 2372/189/2635 2393/189/2635 2402/195/2635
f 2384/183/2455 2383/186/2455 2404/186/2455 2405/183/2455
f 2373/194/2639 2381/195/2639 2402/195/2639 2394/194/2639
f 2372/189/2627 2371/190/2627 2392/190/2627 2393/189/2627
f 2386/181/2454 2385/182/2454 2406/182/2454 2407/181/2454
f 2383/186/2457 2382/191/2457 2403/191/2457 2404/186/2457
f 2374/193/2634 2373/194/2634 2394/194/2634 2395/193/2634
f 2388/184/2620 2387/185/2620 2408/185/2620 2409/184/2620
f 2385/182/2460 2384/183/2460 2405/183/2460 2406/182/2460
f 2375/197/2458 2374/193/2458 2395/193/2458 2396/197/2458
f 2390/187/2625 2389/188/2625 2410/188/2625 2411/187/2625
f 2387/185/2631 2386/181/2631 2407/181/2631 2408/185/2631
f 2376/203/2459 2377/202/2459 2398/202/2459 2397/203/2459
f 2334/197/2819 2333/193/2819 2374/193/2819 2375/197/2819
f 2356/508/2820 2357/508/2820 2397/508/2820 2398/508/2820
f 2346/184/2821 2345/185/2821 2387/185/2821 2388/184/2821
f 2368/508/2822 2369/508/2822 2411/508/2822 2410/508/2822
f 2336/203/2823 2335/202/2823 2377/202/2823 2376/203/2823
f 2358/508/2824 2359/508/2824 2400/508/2824 2399/508/2824
f 2348/187/2825 2347/188/2825 2389/188/2825 2390/187/2825
f 2369/508/2826 2370/508/2826 2401/508/2826 2411/508/2826
f 2338/199/2827 2337/200/2827 2378/200/2827 2379/199/2827
f 2370/508/2828 2350/508/2828 2392/508/2828 2401/508/2828
f 2349/196/2829 2348/187/2829 2390/187/2829 2380/196/2829
f 2360/508/2830 2361/508/2830 2403/508/2830 2412/508/2830
f 2329/190/2831 2349/196/2831 2380/196/2831 2371/190/2831
f 2351/508/2832 2352/508/2832 2402/508/2832 2393/508/2832
f 2331/195/2833 2330/189/2833 2372/189/2833 2381/195/2833
f 2352/508/2834 2353/508/2834 2394/508/2834 2402/508/2834
f 2332/194/2835 2331/195/2835 2381/195/2835 2373/194/2835
f 2361/508/2836 2362/508/2836 2404/508/2836 2403/508/2836
f 2341/186/2837 2340/191/2837 2382/191/2837 2383/186/2837
f 2363/508/2838 2364/508/2838 2406/508/2838 2405/508/2838
f 2343/182/2839 2342/183/2839 2384/183/2839 2385/182/2839
f 2365/508/2840 2366/508/2840 2408/508/2840 2407/508/2840
f 2448/509/2842 2446/510/2842 2516/510/2842 2517/509/2842
f 2520/511/2843 2521/512/2843 2587/512/2843 2579/511/2843
f 2481/513/2845 2482/514/2845 2532/514/2845 2490/513/2845
f 2479/515/2846 2480/516/2846 2491/516/2846 2492/515/2846
f 2425/489/2847 2426/517/2847 2427/518/2847
f 2425/501/2848 2427/518/2848 2428/519/2848
f 2425/206/2849 2428/519/2849 2429/520/2849
f 2425/207/2850 2429/520/2850 2430/521/2850
f 2453/532/2863 2454/511/2863 2455/512/2863
f 2453/533/2864 2455/512/2864 2456/534/2864
f 2453/535/2865 2456/534/2865 2457/536/2865
f 2453/537/2866 2457/536/2866 2458/538/2866
f 2470/539/2867 2471/540/2867 2500/540/2867 2501/539/2867
f 2417/541/2869 2415/542/2869 2527/542/2869 2528/541/2869
f 2505/518/2870 2506/519/2870 2585/519/2870 2586/518/2870
f 2438/525/2871 2436/524/2871 2511/524/2871 2512/525/2871
f 2467/543/2874 2465/544/2874 2489/545/2874 2488/546/2874 2487/547/2874 2486/548/2874 2485/549/2874 2484/550/2874 2483/551/2874 2482/514/2874 2481/513/2874 2480/516/2874 2479/515/2874 2478/552/2874 2477/553/2874 2476/554/2874 2475/555/2874 2474/556/2874 2473/557/2874 2472/558/2874 2471/540/2874 2470/539/2874 2469/559/2874 2413/560/2874 2415/542/2874 2417/541/2874 2419/561/2874 2421/562/2874 2423/563/2874 2459/564/2874 2461/565/2874 2463/566/2874
f 2415/542/2875 2413/560/2875 2525/560/2875 2527/542/2875
f 2480/516/2876 2481/513/2876 2490/513/2876 2491/516/2876
f 2471/540/2877 2472/558/2877 2499/558/2877 2500/540/2877
f 2446/510/2880 2444/528/2880 2515/528/2880 2516/510/2880
f 2427/518/2882 2505/518/2882 2586/518/2882 2576/518/2882
f 2472/558/2883 2473/557/2883 2498/557/2883 2499/558/2883
f 2413/560/2884 2469/559/2884 2502/559/2884 2525/560/2884
f 2436/524/2887 2434/523/2887 2510/523/2887 2511/524/2887
f 2473/557/2889 2474/556/2889 2497/556/2889 2498/557/2889
f 2458/538/2890 2457/536/2890 2523/536/2890 2524/538/2890
f 2444/528/2891 2442/527/2891 2514/527/2891 2515/528/2891
f 2518/529/2441 2517/509/2441 2494/509/2441 2493/529/2441
f 2509/522/2451 2508/521/2451 2525/521/2451 2502/522/2451
f 2522/534/2442 2521/512/2442 2490/512/2442 2532/534/2442
f 2513/526/2444 2512/525/2444 2499/525/2444 2498/526/2444
f 2503/508/2454 2504/508/2454 2531/508/2454 2530/508/2454
f 2517/509/2446 2516/510/2446 2495/510/2446 2494/509/2446
f 2508/521/2456 2507/520/2456 2527/520/2456 2525/521/2456
f 2521/512/2440 2520/511/2440 2491/511/2440 2490/512/2440
f 2505/518/2460 2503/517/2460 2530/517/2460 2529/518/2460
f 2514/527/2450 2513/526/2450 2498/526/2450 2497/527/2450
f 2523/536/2459 2522/534/2459 2532/534/2459 2533/536/2459
f 2510/523/2448 2509/522/2448 2502/522/2448 2501/523/2448
f 2519/530/2445 2518/529/2445 2493/529/2445 2492/530/2445
f 2506/519/2455 2505/518/2455 2529/518/2455 2528/519/2455
f 2515/528/2453 2514/527/2453 2497/527/2453 2496/528/2453
f 2524/538/2447 2523/536/2447 2533/536/2447 2534/538/2447
f 2511/524/2452 2510/523/2452 2501/523/2452 2500/524/2452
f 2520/511/2439 2519/530/2439 2492/530/2439 2491/511/2439
f 2507/520/2457 2506/519/2457 2528/519/2457 2527/520/2457
f 2516/510/2443 2515/528/2443 2496/528/2443 2495/510/2443
f 2526/508/2458 2524/508/2458 2534/508/2458 2535/508/2458
f 2512/525/2449 2511/524/2449 2500/524/2449 2499/525/2449
f 2469/559/2893 2470/539/2893 2501/539/2893 2502/559/2893
f 2478/552/2894 2479/515/2894 2492/515/2894 2493/552/2894
f 2482/514/2895 2483/551/2895 2533/551/2895 2532/514/2895
f 2419/561/2896 2417/541/2896 2528/541/2896 2529/561/2896
f 2426/508/2897 2424/508/2897 2504/508/2897 2503/508/2897
f 2440/526/2898 2438/525/2898 2512/525/2898 2513/526/2898
f 2477/553/2899 2478/552/2899 2493/552/2899 2494/553/2899
f 2483/551/2900 2484/550/2900 2534/550/2900 2533/551/2900
f 2421/562/2901 2419/561/2901 2529/561/2901 2530/562/2901
f 2484/550/2902 2485/549/2902 2535/549/2902 2534/550/2902
f 2450/529/2903 2448/509/2903 2517/509/2903 2518/529/2903
f 2476/554/2904 2477/553/2904 2494/553/2904 2495/554/2904
f 2423/563/2905 2421/562/2905 2530/562/2905 2531/563/2905
f 2427/518/2906 2426/517/2906 2503/517/2906 2505/518/2906
f 2442/527/2908 2440/526/2908 2513/526/2908 2514/527/2908
f 2475/555/2910 2476/554/2910 2495/554/2910 2496/555/2910
f 2434/523/2911 2432/522/2911 2509/522/2911 2510/523/2911
f 2452/530/2912 2450/529/2912 2518/529/2912 2519/530/2912
f 2474/556/2914 2475/555/2914 2496/555/2914 2497/556/2914
f 2445/311/2916 2447/316/2916 2558/316/2916 2557/311/2916
f 2453/537/2917 2458/538/2917 2534/538/2917 2561/537/2917
f 2426/517/2919 2425/489/2919 2549/489/2919 2530/517/2919
f 2435/258/2920 2437/264/2920 2553/264/2920 2552/258/2920
f 2443/297/2923 2445/311/2923 2557/311/2923 2556/297/2923
f 2451/531/2926 2453/532/2926 2561/532/2926 2560/531/2926
f 2433/245/2927 2435/258/2927 2552/258/2927 2551/245/2927
f 2552/258/2449 2553/264/2449 2566/264/2449 2565/258/2449
f 2557/311/2446 2558/316/2446 2571/316/2446 2570/311/2446
f 2550/239/2448 2551/245/2448 2564/245/2448 2563/239/2448
f 2555/292/2453 2556/297/2453 2569/297/2453 2568/292/2453
f 2530/517/2929 2549/489/2929 2562/489/2929 2503/517/2929
f 2560/531/2930 2561/532/2930 2574/532/2930 2573/531/2930
f 2553/264/2444 2554/277/2444 2567/277/2444 2566/264/2444
f 2558/316/2441 2559/330/2441 2572/330/2441 2571/316/2441
f 2561/537/2931 2534/538/2931 2524/538/2931 2574/537/2931
f 2551/245/2452 2552/258/2452 2565/258/2452 2564/245/2452
f 2556/297/2443 2557/311/2443 2570/311/2443 2569/297/2443
f 2554/277/2450 2555/292/2450 2568/292/2450 2567/277/2450
f 2559/330/2445 2560/531/2445 2573/531/2445 2572/330/2445
f 2549/225/2932 2550/239/2932 2563/239/2932 2562/225/2932
f 2425/225/2933 2431/239/2933 2550/239/2933 2549/225/2933
f 2437/264/2935 2439/277/2935 2554/277/2935 2553/264/2935
f 2447/316/2939 2449/330/2939 2559/330/2939 2558/316/2939
f 2439/277/2941 2441/292/2941 2555/292/2941 2554/277/2941
f 2431/239/2944 2433/245/2944 2551/245/2944 2550/239/2944
f 2449/330/2945 2451/531/2945 2560/531/2945 2559/330/2945
f 2441/292/2947 2443/297/2947 2556/297/2947 2555/292/2947
f 2578/521/2949 2577/520/2949 2583/520/2949
f 2580/512/2950 2579/511/2950 2587/512/2950
f 2577/520/2951 2575/519/2951 2585/519/2951 2583/520/2951
f 2575/519/2952 2576/518/2952 2586/518/2952 2585/519/2952
f 2581/534/2953 2580/512/2953 2587/512/2953 2588/534/2953
f 2582/536/2954 2581/534/2954 2588/534/2954 2584/536/2954
f 2506/519/2909 2507/520/2909 2583/520/2909 2585/519/2909
f 2521/512/2886 2522/534/2886 2588/534/2886 2587/512/2886
f 2523/536/2957 2457/536/2957 2582/536/2957 2584/536/2957
f 2507/520/2959 2508/521/2959 2578/521/2959 2583/520/2959
f 2522/534/2956 2523/536/2956 2584/536/2956 2588/534/2956
usemtl Reflective
f 2464/508/2841 2462/508/2841 2486/508/2841 2487/508/2841
f 2418/508/2844 2416/508/2844 2467/508/2844 2463/508/2844
f 2425/225/2851 2430/521/2851 2432/522/2851 2431/239/2851
f 2431/239/2852 2432/522/2852 2434/523/2852 2433/245/2852
f 2433/245/2853 2434/523/2853 2436/524/2853 2435/258/2853
f 2435/258/2854 2436/524/2854 2438/525/2854 2437/264/2854
f 2437/264/2855 2438/525/2855 2440/526/2855 2439/277/2855
f 2439/277/2856 2440/526/2856 2442/527/2856 2441/292/2856
f 2441/292/2857 2442/527/2857 2444/528/2857 2443/297/2857
f 2443/297/2858 2444/528/2858 2446/510/2858 2445/311/2858
f 2445/311/2859 2446/510/2859 2448/509/2859 2447/316/2859
f 2447/316/2860 2448/509/2860 2450/529/2860 2449/330/2860
f 2449/330/2861 2450/529/2861 2452/530/2861 2451/531/2861
f 2451/531/2862 2452/530/2862 2454/511/2862 2453/532/2862
f 2462/508/2868 2460/508/2868 2485/508/2868 2486/508/2868
f 2414/508/2872 2468/508/2872 2489/508/2872 2465/508/2872
f 2416/508/2873 2414/508/2873 2465/508/2873 2467/508/2873
f 2420/508/2878 2418/508/2878 2463/508/2878 2461/508/2878
f 2460/508/2879 2458/508/2879 2524/508/2879 2526/508/2879
f 2466/508/2881 2464/508/2881 2487/508/2881 2488/508/2881
f 2422/508/2885 2420/508/2885 2461/508/2885 2459/508/2885
f 2428/519/2886 2427/518/2886 2576/518/2886 2575/519/2886
f 2468/508/2888 2466/508/2888 2488/508/2888 2489/508/2888
f 2424/508/2892 2422/508/2892 2459/508/2892 2423/508/2892
f 2485/508/2907 2460/508/2907 2526/508/2907 2535/508/2907
f 2457/536/2909 2456/534/2909 2581/534/2909 2582/536/2909
f 2424/508/2913 2423/508/2913 2531/508/2913 2504/508/2913
f 2524/508/2915 2548/508/2915 2574/508/2915
f 2537/508/2918 2536/508/2918 2562/508/2918 2563/508/2918
f 2548/508/2921 2547/508/2921 2573/508/2921 2574/508/2921
f 2547/508/2922 2546/508/2922 2572/508/2922 2573/508/2922
f 2546/508/2924 2545/508/2924 2571/508/2924 2572/508/2924
f 2503/508/2925 2426/508/2925 2530/508/2925
f 2545/508/2928 2544/508/2928 2570/508/2928 2571/508/2928
f 2536/508/2934 2503/508/2934 2562/508/2934
f 2538/508/2936 2537/508/2936 2563/508/2936 2564/508/2936
f 2458/508/2937 2524/508/2937 2534/508/2937
f 2539/508/2938 2538/508/2938 2564/508/2938 2565/508/2938
f 2540/508/2940 2539/508/2940 2565/508/2940 2566/508/2940
f 2541/508/2942 2540/508/2942 2566/508/2942 2567/508/2942
f 2542/508/2943 2541/508/2943 2567/508/2943 2568/508/2943
f 2543/508/2946 2542/508/2946 2568/508/2946 2569/508/2946
f 2544/508/2948 2543/508/2948 2569/508/2948 2570/508/2948
f 2455/512/2955 2454/511/2955 2579/511/2955 2580/512/2955
f 2429/520/2956 2428/519/2956 2575/519/2956 2577/520/2956
f 2430/521/2958 2429/520/2958 2577/520/2958 2578/521/2958
f 2456/534/2870 2455/512/2870 2580/512/2870 2581/534/2870
