# Blender 4.5.4 LTS
# www.blender.org
mtllib NPC.mtl
o Jacket
v 0.057388 4.002985 0.018205
v 0.208846 4.018224 0.002788
v 0.177466 4.216585 -0.146541
v 0.278611 4.237309 -0.184306
v 0.378071 4.061037 -0.078308
v 0.042185 3.749782 0.051919
v 0.211925 3.707986 0.020490
v 0.472642 3.779110 -0.088866
v 0.574872 3.916696 -0.243295
v 0.462771 4.104794 -0.196154
v 0.359335 4.255713 -0.242706
v 0.295751 4.351380 -0.438038
v 0.223589 4.394954 -0.424781
v 0.162605 4.341324 -0.256107
v 0.202467 3.641821 0.004022
v 0.482206 3.678269 -0.111713
v 0.511037 3.608164 -0.320947
v 0.533309 3.701427 -0.263603
v 0.564914 3.811988 -0.330143
v 0.523838 3.683838 -0.369377
v 0.542572 3.772729 -0.429539
v 0.524727 3.803137 -0.583069
v 0.567105 3.931768 -0.658134
v 0.310846 4.339736 -0.564648
v 0.229704 4.402483 -0.511606
v 0.128246 4.358555 -0.581335
v 0.257302 4.224643 -0.660733
v 0.341199 4.056255 -0.735613
v 0.469560 4.163230 -0.703169
v 0.365728 3.801632 -0.686002
v 0.161111 4.030622 -0.745198
v 0.142417 4.456206 -0.502132
v 0.172044 4.434665 -0.411519
v 0.155858 4.406641 -0.317249
v 0.172147 3.749063 -0.719124
v 0.493955 3.719652 -0.553522
v 0.474436 3.618203 -0.525397
v 0.136194 3.462642 -0.655960
v 0.435444 3.477918 -0.499174
v 0.480962 3.476976 -0.297393
v 0.437547 3.489152 -0.104747
v 0.211912 3.487160 0.006172
v 0.223073 3.267341 0.006397
v 0.419957 3.301781 -0.107822
v 0.451559 3.317999 -0.286984
v 0.384770 3.308242 -0.465079
v 0.211827 3.304519 -0.631188
v 0.232093 3.022871 0.014485
v 0.401647 3.047303 -0.115506
v 0.446041 3.088242 -0.292636
v 0.400391 3.086420 -0.466950
v 0.250426 3.064381 -0.568125
v 0.082748 3.166981 -0.671726
v 0.128047 3.046962 -0.681809
v 0.163374 2.844846 -0.713293
v 0.350297 2.878303 -0.627720
v 0.427057 2.866013 -0.482054
v 0.465268 2.867383 -0.301695
v 0.404382 2.856227 -0.110070
v 0.256691 2.840911 -0.007812
v -0.057388 4.002985 0.018205
v -0.208846 4.018224 0.002788
v -0.177466 4.216585 -0.146541
v -0.278611 4.237309 -0.184306
v -0.378071 4.061037 -0.078308
v -0.042185 3.749782 0.051919
v -0.211925 3.707986 0.020490
v -0.472642 3.779110 -0.088866
v -0.574872 3.916696 -0.243295
v -0.462771 4.104794 -0.196154
v -0.359335 4.255713 -0.242706
v -0.295751 4.351380 -0.438038
v -0.223589 4.394954 -0.424781
v -0.162605 4.341324 -0.256107
v -0.000000 3.999631 0.006717
v -0.000000 3.761026 0.037086
v -0.000000 3.693520 0.044211
v -0.202467 3.641821 0.004022
v -0.482206 3.678269 -0.111713
v -0.511037 3.608164 -0.320947
v -0.533309 3.701427 -0.263603
v -0.564914 3.811988 -0.330143
v -0.523838 3.683838 -0.369377
v -0.542572 3.772729 -0.429539
v -0.524727 3.803137 -0.583069
v -0.567105 3.931768 -0.658134
v -0.310846 4.339736 -0.564648
v -0.229704 4.402483 -0.511606
v -0.128246 4.358555 -0.581335
v -0.257302 4.224643 -0.660733
v -0.341199 4.056255 -0.735613
v -0.469560 4.163230 -0.703169
v -0.365728 3.801632 -0.686002
v -0.161111 4.030622 -0.745198
v -0.000000 4.065141 -0.735679
v -0.142417 4.456206 -0.502132
v -0.172044 4.434665 -0.411519
v -0.155858 4.406641 -0.317249
v -0.172147 3.749063 -0.719124
v -0.000000 3.755322 -0.724519
v -0.493955 3.719652 -0.553522
v -0.474436 3.618203 -0.525397
v -0.136194 3.462642 -0.655960
v -0.000000 3.463886 -0.674273
v -0.435444 3.477918 -0.499174
v -0.480962 3.476976 -0.297393
v -0.437547 3.489152 -0.104747
v -0.211913 3.487160 0.006172
v -0.000000 3.486550 0.049688
v -0.000000 3.264131 0.049506
v -0.223073 3.267341 0.006397
v -0.419957 3.301781 -0.107822
v -0.451559 3.317999 -0.286984
v -0.384770 3.308242 -0.465079
v -0.204297 3.304519 -0.631188
v -0.000000 3.307865 -0.655467
v -0.000000 3.025859 0.045319
v -0.000000 2.843766 0.036328
v -0.232093 3.022871 0.014485
v -0.401647 3.047303 -0.115506
v -0.446041 3.088242 -0.292636
v -0.400391 3.086420 -0.466950
v -0.250426 3.064381 -0.568125
v -0.082748 3.166981 -0.671726
v -0.000000 3.163296 -0.672533
v -0.128047 3.046962 -0.681809
v -0.000000 3.040047 -0.693363
v -0.163374 2.844846 -0.713293
v -0.000000 2.838689 -0.748125
v -0.350297 2.878303 -0.627720
v -0.427057 2.866013 -0.482054
v -0.465268 2.867383 -0.301695
v -0.404382 2.856227 -0.110070
v -0.256691 2.840911 -0.007812
v 0.049786 3.876383 0.035062
v -0.000000 3.880328 0.021902
v 0.210386 3.863105 0.011639
v 0.425357 3.920074 -0.083587
v 0.518821 4.010745 -0.219724
v -0.049786 3.876383 0.035062
v -0.210386 3.863105 0.011639
v -0.425357 3.920074 -0.083587
v -0.518821 4.010745 -0.219724
v 0.353464 3.928943 -0.710808
v 0.166629 3.889842 -0.732161
v -0.000000 3.910232 -0.730099
v 0.518332 4.047499 -0.680651
v -0.166629 3.889842 -0.732161
v -0.353464 3.928943 -0.710808
v -0.518332 4.047499 -0.680651
v 0.154170 3.661174 -0.687542
v -0.000000 3.664925 -0.699396
v 0.454940 3.548060 -0.512286
v 0.496000 3.542570 -0.309170
v 0.459876 3.583711 -0.108230
v 0.207190 3.591975 0.005097
v -0.000000 3.617519 0.046950
v -0.154170 3.661174 -0.687542
v -0.454940 3.548060 -0.512286
v -0.496000 3.542570 -0.309170
v -0.459876 3.583711 -0.108230
v -0.207190 3.591975 0.005097
v -0.193165 4.155844 -0.071835
v -0.328369 4.187618 -0.131278
v -0.411081 4.218707 -0.219417
v 0.193156 4.155920 -0.071876
v 0.328341 4.187688 -0.131307
v 0.411053 4.218769 -0.219430
v 0.144678 4.233104 -0.663267
v 0.299251 4.178965 -0.698173
v 0.390203 4.289999 -0.633908
v -0.144678 4.233104 -0.663267
v -0.299251 4.178965 -0.698173
v -0.390203 4.289999 -0.633908
v 0.227583 3.145106 0.010441
v -0.000000 3.144995 0.047413
v 0.410802 3.174542 -0.111664
v 0.231127 3.184450 -0.599656
v 0.392580 3.197331 -0.466015
v 0.448800 3.203120 -0.289810
v -0.227583 3.145106 0.010441
v -0.410802 3.174542 -0.111664
v -0.227362 3.184450 -0.599656
v -0.392581 3.197331 -0.466015
v -0.448800 3.203120 -0.289810
v 0.428752 3.395467 -0.106285
v 0.217493 3.377251 0.006285
v -0.000000 3.375340 0.049597
v -0.000000 3.385876 -0.664870
v 0.174010 3.383580 -0.643574
v 0.410107 3.393080 -0.482127
v 0.466260 3.397487 -0.292188
v -0.217493 3.377251 0.006285
v -0.428752 3.395467 -0.106285
v -0.170245 3.383580 -0.643574
v -0.410107 3.393080 -0.482127
v -0.466260 3.397487 -0.292188
vn 0.1367 -0.1296 -0.9821
vn 0.1417 -0.1291 -0.9815
vn 0.1064 -0.1321 -0.9855
vn -0.0225 -0.0632 -0.9977
vn -0.0459 -0.0636 -0.9969
vn -0.0179 -0.0632 -0.9978
vn 0.0386 -0.5309 -0.8466
vn 0.3681 -0.5881 -0.7202
vn -0.0342 -0.3634 -0.9310
vn 0.0699 -0.2283 -0.9711
vn 0.0409 -0.3066 -0.9510
vn 0.0688 -0.2312 -0.9705
vn -0.4384 -0.2223 -0.8709
vn -0.3604 -0.2698 -0.8929
vn -0.4719 -0.3027 -0.8281
vn 0.9406 -0.2757 -0.1983
vn 0.9389 -0.2765 -0.2051
vn 0.9409 -0.2755 -0.1969
vn 0.9558 -0.2027 0.2130
vn 0.9544 -0.2017 0.2202
vn 0.9557 -0.2027 0.2134
vn 0.4094 -0.0181 0.9122
vn 0.4084 -0.0182 0.9126
vn 0.4919 -0.1111 0.8635
vn 0.3155 -0.1213 0.9411
vn 0.2019 0.0292 0.9790
vn 0.2017 0.0275 0.9791
vn 0.0317 -0.0436 0.9985
vn 0.0276 -0.0585 0.9979
vn 0.4700 -0.0136 0.8825
vn 0.4718 -0.0136 0.8816
vn 0.4870 -0.0138 0.8733
vn -0.3063 0.0999 0.9467
vn -0.2458 0.1327 0.9602
vn -0.2215 0.1327 0.9661
vn -0.2434 0.1327 0.9608
vn 0.1513 0.0866 0.9847
vn 0.1498 0.0867 0.9849
vn 0.1771 0.0857 0.9805
vn 0.1952 0.0050 0.9807
vn 0.1953 0.0050 0.9807
vn 0.1924 0.0050 0.9813
vn 0.1602 0.0110 0.9870
vn 0.1605 0.0110 0.9870
vn 0.1460 0.0107 0.9892
vn 0.1503 -0.0746 0.9858
vn 0.5901 0.0068 0.8073
vn 0.5531 -0.0096 0.8331
vn 0.5581 -0.0097 0.8297
vn 0.5824 -0.0102 0.8128
vn 0.4111 -0.2086 0.8874
vn 0.3878 0.0750 0.9187
vn 0.3866 0.0748 0.9192
vn 0.3773 0.0734 0.9232
vn 0.1997 0.6085 0.7680
vn 0.1865 0.6307 0.7533
vn 0.0853 0.7752 0.6260
vn 0.3458 0.7628 0.5463
vn 0.3417 0.7454 0.5724
vn 0.2642 0.8281 0.4944
vn 0.7183 0.5763 0.3898
vn 0.2271 0.8668 0.4439
vn 0.3304 0.8523 0.4055
vn 0.5789 0.8130 0.0627
vn 0.5678 0.8222 0.0387
vn 0.5641 0.8235 0.0602
vn 0.3143 0.7740 -0.5497
vn 0.0792 0.5226 -0.8489
vn 0.4998 0.5261 -0.6881
vn 0.0260 0.5041 -0.8632
vn -0.0218 0.3896 -0.9207
vn -0.0424 0.3376 -0.9403
vn 0.1338 0.5977 -0.7905
vn 0.1364 0.7365 -0.6625
vn 0.5816 0.8124 0.0421
vn -0.0952 0.5503 -0.8295
vn 0.0098 0.3972 -0.9177
vn -0.0530 0.4909 -0.8696
vn 0.2566 -0.1222 -0.9588
vn 0.2674 -0.1190 -0.9562
vn 0.0698 -0.3928 -0.9170
vn 0.0886 -0.4316 -0.8977
vn 0.4555 -0.5559 -0.6954
vn 0.1200 -0.1080 -0.9869
vn 0.1184 -0.1084 -0.9870
vn 0.1150 -0.1093 -0.9873
vn 0.0835 0.1625 -0.9832
vn -0.5348 -0.0126 -0.8449
vn -0.5184 -0.0161 -0.8550
vn -0.4553 -0.1433 -0.8788
vn 0.1438 0.2189 -0.9651
vn 0.4651 0.3525 -0.8120
vn 0.0320 0.1029 -0.9942
vn 0.0320 0.1030 -0.9942
vn 0.0644 0.1909 -0.9795
vn 0.0644 0.1908 -0.9795
vn 0.6411 -0.0264 -0.7670
vn 0.6368 -0.0273 -0.7705
vn 0.6042 -0.0345 -0.7961
vn 0.5543 -0.1060 -0.8255
vn 0.5636 -0.1042 -0.8195
vn 0.6242 -0.0918 -0.7758
vn 0.9273 -0.2621 -0.2671
vn 0.9270 -0.2622 -0.2683
vn 0.9179 -0.2638 -0.2965
vn 0.9523 0.0264 -0.3040
vn 0.9519 0.0264 -0.3053
vn 0.9598 0.0261 -0.2795
vn 0.6879 0.3327 -0.6450
vn 0.9586 0.0486 0.2806
vn 0.9786 -0.0536 0.1987
vn 0.9780 -0.0537 0.2014
vn 0.9750 -0.0539 0.2156
vn 0.9723 -0.1278 0.1956
vn 0.9726 -0.1278 0.1943
vn 0.9755 -0.1286 0.1783
vn 0.9667 0.1131 -0.2296
vn 0.4660 0.6211 0.6301
vn 0.5996 0.4603 0.6546
vn 0.4447 0.6424 0.6242
vn 0.7196 0.2362 0.6530
vn 0.7125 0.2320 0.6622
vn 0.7211 0.2371 0.6510
vn 0.9226 -0.2087 0.3244
vn 0.9402 -0.1808 0.2887
vn 0.9348 -0.2286 0.2718
vn 0.9602 -0.1540 0.2331
vn 0.9782 -0.2002 -0.0543
vn 0.9560 -0.2852 -0.0692
vn 0.9091 -0.3653 -0.2001
vn 0.9474 -0.2560 -0.1923
vn 0.9464 -0.2674 -0.1814
vn 0.9432 -0.2647 -0.2008
vn 0.1242 -0.2424 0.9622
vn -0.1367 -0.1296 -0.9821
vn -0.1064 -0.1321 -0.9855
vn -0.1417 -0.1291 -0.9815
vn 0.0225 -0.0632 -0.9977
vn 0.0179 -0.0632 -0.9978
vn 0.0459 -0.0636 -0.9969
vn -0.0386 -0.5309 -0.8466
vn 0.0342 -0.3634 -0.9310
vn -0.3681 -0.5881 -0.7202
vn -0.0699 -0.2283 -0.9711
vn -0.0688 -0.2312 -0.9705
vn -0.0409 -0.3066 -0.9510
vn 0.4384 -0.2223 -0.8709
vn 0.3590 -0.2739 -0.8923
vn 0.4734 -0.2984 -0.8288
vn -0.9406 -0.2757 -0.1983
vn -0.9409 -0.2755 -0.1969
vn -0.9389 -0.2765 -0.2051
vn -0.9558 -0.2027 0.2130
vn -0.9557 -0.2027 0.2134
vn -0.9544 -0.2017 0.2202
vn -0.4094 -0.0181 0.9122
vn -0.4907 -0.0954 0.8661
vn -0.4919 -0.1111 0.8635
vn -0.4084 -0.0182 0.9126
vn -0.2019 0.0292 0.9790
vn -0.0276 -0.0585 0.9979
vn -0.3080 -0.1168 0.9442
vn -0.2017 0.0275 0.9791
vn -0.4700 -0.0136 0.8825
vn -0.4870 -0.0138 0.8733
vn -0.4718 -0.0136 0.8816
vn 0.3063 0.0999 0.9467
vn 0.2458 0.1327 0.9602
vn 0.2434 0.1327 0.9608
vn 0.2215 0.1327 0.9661
vn -0.1513 0.0866 0.9847
vn -0.1771 0.0857 0.9805
vn -0.1498 0.0867 0.9849
vn -0.1952 0.0050 0.9807
vn -0.1924 0.0050 0.9813
vn -0.1953 0.0050 0.9807
vn -0.1602 0.0110 0.9870
vn -0.1460 0.0107 0.9892
vn -0.1605 0.0110 0.9870
vn -0.1503 -0.0746 0.9858
vn -0.5901 0.0068 0.8073
vn -0.5531 -0.0096 0.8331
vn -0.5824 -0.0102 0.8128
vn -0.5581 -0.0097 0.8297
vn -0.4111 -0.2086 0.8874
vn -0.3878 0.0750 0.9187
vn -0.3773 0.0734 0.9232
vn -0.3866 0.0748 0.9192
vn -0.1998 0.6084 0.7681
vn -0.0854 0.7750 0.6262
vn -0.1866 0.6306 0.7534
vn -0.3458 0.7628 0.5463
vn -0.4073 0.7847 0.4674
vn -0.3174 0.8383 0.4432
vn -0.7183 0.5763 0.3898
vn -0.3304 0.8523 0.4055
vn -0.3778 0.7915 0.4804
vn -0.5647 0.8242 0.0419
vn -0.5641 0.8235 0.0602
vn -0.5817 0.8112 0.0597
vn -0.3142 0.7740 -0.5497
vn -0.4997 0.5261 -0.6881
vn -0.0792 0.5227 -0.8488
vn -0.0260 0.5041 -0.8632
vn 0.0424 0.3376 -0.9403
vn 0.0218 0.3896 -0.9207
vn -0.1338 0.5977 -0.7905
vn -0.1364 0.7365 -0.6625
vn -0.5816 0.8124 0.0421
vn 0.0952 0.5503 -0.8295
vn 0.0530 0.4909 -0.8696
vn -0.0098 0.3972 -0.9177
vn -0.2566 -0.1222 -0.9588
vn -0.0886 -0.4316 -0.8977
vn -0.5413 -0.1265 -0.8313
vn -0.2674 -0.1190 -0.9562
vn -0.4555 -0.5559 -0.6954
vn 0.3952 -0.3465 -0.8507
vn -0.1224 -0.1103 -0.9863
vn -0.1184 -0.1112 -0.9867
vn -0.1212 -0.1106 -0.9864
vn -0.0857 0.1638 -0.9828
vn 0.4464 -0.1595 -0.8805
vn 0.5116 -0.0310 -0.8587
vn 0.5243 -0.0029 -0.8515
vn -0.1438 0.2189 -0.9651
vn -0.4651 0.3525 -0.8120
vn -0.0320 0.1029 -0.9942
vn -0.0644 0.1908 -0.9795
vn -0.0644 0.1909 -0.9795
vn -0.0320 0.1030 -0.9942
vn -0.6320 -0.0181 -0.7747
vn -0.5991 -0.0259 -0.8003
vn -0.6279 -0.0191 -0.7781
vn -0.5491 -0.1193 -0.8272
vn -0.6132 -0.1079 -0.7825
vn -0.5567 -0.1181 -0.8223
vn -0.9273 -0.2621 -0.2671
vn -0.9179 -0.2638 -0.2965
vn -0.9270 -0.2622 -0.2683
vn -0.9523 0.0264 -0.3040
vn -0.9598 0.0261 -0.2795
vn -0.9519 0.0264 -0.3053
vn -0.6879 0.3327 -0.6450
vn -0.9586 0.0486 0.2806
vn -0.9786 -0.0536 0.1987
vn -0.9750 -0.0539 0.2156
vn -0.9780 -0.0537 0.2014
vn -0.9723 -0.1278 0.1956
vn -0.9755 -0.1286 0.1783
vn -0.9726 -0.1278 0.1943
vn -0.9667 0.1131 -0.2296
vn -0.4662 0.6209 0.6302
vn -0.4448 0.6422 0.6242
vn -0.5997 0.4603 0.6546
vn -0.7196 0.2362 0.6530
vn -0.7211 0.2371 0.6510
vn -0.7125 0.2320 0.6622
vn -0.9226 -0.2087 0.3244
vn -0.9402 -0.1808 0.2887
vn -0.9392 -0.2328 0.2525
vn -0.9561 -0.1475 0.2533
vn -0.9782 -0.2002 -0.0543
vn -0.9560 -0.2852 -0.0692
vn -0.9091 -0.3653 -0.2001
vn -0.9474 -0.2560 -0.1923
vn -0.9474 -0.2634 -0.1819
vn -0.9421 -0.2689 -0.2003
vn -0.1242 -0.2424 0.9622
vn -0.7294 0.2422 0.6398
vn -0.3993 0.0769 0.9136
vn -0.1225 0.0876 0.9886
vn 0.2685 0.1326 0.9541
vn 0.7294 0.2422 0.6398
vn 0.3993 0.0769 0.9136
vn 0.1225 0.0876 0.9886
vn -0.2685 0.1326 0.9541
vn -0.2894 -0.1124 -0.9506
vn -0.0049 -0.0627 -0.9980
vn 0.2894 -0.1124 -0.9506
vn 0.0049 -0.0627 -0.9980
vn -0.2007 0.0199 0.9795
vn -0.4242 -0.0168 0.9054
vn -0.3952 -0.3465 -0.8507
vn -0.0998 -0.1442 -0.9845
vn 0.2007 0.0199 0.9795
vn 0.4242 -0.0168 0.9054
vn 0.0998 -0.1442 -0.9845
vn -0.2715 0.4722 0.8386
vn 0.2715 0.4722 0.8387
vn -0.1614 0.6374 -0.7534
vn 0.0621 0.5852 -0.8085
vn 0.1614 0.6374 -0.7534
vn -0.0621 0.5852 -0.8085
vn -0.9814 -0.0534 0.1845
vn -0.9440 0.0266 -0.3289
vn -0.6554 -0.0124 -0.7552
vn -0.5291 -0.0092 0.8485
vn -0.1749 0.0112 0.9845
vn 0.9814 -0.0534 0.1845
vn 0.9440 0.0266 -0.3289
vn 0.6679 -0.0202 -0.7440
vn 0.5574 0.0761 -0.8268
vn 0.5986 0.0683 -0.7981
vn 0.5291 -0.0092 0.8485
vn 0.1749 0.0112 0.9845
vn -0.9693 -0.1271 0.2106
vn -0.9351 -0.2604 -0.2404
vn -0.5086 -0.1259 -0.8518
vn -0.1262 -0.1094 -0.9860
vn -0.1982 0.0051 0.9802
vn -0.4559 -0.0134 0.8899
vn 0.9693 -0.1271 0.2106
vn 0.9351 -0.2604 -0.2404
vn 0.5115 -0.1140 -0.8517
vn 0.1247 -0.1068 -0.9864
vn 0.1982 0.0051 0.9802
vn 0.4559 -0.0134 0.8899
vn -0.5614 0.0863 -0.8231
vt 0.000000 0.000000
vt 0.500000 0.000000
vt 1.000000 0.500000
vt 1.000000 1.000000
vt 1.000039 0.499817
vt -0.000025 -0.000058
vt 1.000000 0.000000
s 1
usemtl Yellow_Jacket
f 144/1/1 145/1/2 31/1/3 28/1/3
f 146/1/4 95/1/5 31/1/5 145/1/6
f 30/1/7 22/1/8 36/1/8 35/1/9
f 152/1/10 100/1/11 35/1/11 151/1/12
f 103/1/13 105/1/13 159/1/13 102/1/14 158/1/15
f 154/1/16 40/1/17 39/1/17 153/1/18
f 155/1/19 41/1/20 40/1/20 154/1/21
f 156/1/22 155/1/23 16/1/24 15/1/25
f 157/1/26 156/1/27 15/1/28 77/1/29
f 76/1/33 77/1/33 6/1/33
f 135/1/34 1/1/35 75/1/35 136/1/36
f 137/2/37 135/1/38 6/1/39 7/1/39
f 118/1/46 60/1/46 48/1/46 117/1/46
f 48/1/47 60/1/47 59/1/47 49/1/47
f 8/1/51 7/1/51 15/1/25 16/1/24
f 138/1/52 137/2/53 7/1/54 8/1/54
f 166/3/55 167/1/56 4/1/57 3/4/57
f 3/4/58 4/1/59 13/1/60 14/1/58
f 14/1/61 13/1/61 33/1/61 34/1/61
f 4/1/59 11/1/62 12/1/63 13/1/60
f 13/1/64 25/1/65 32/1/66 33/1/66
f 25/1/67 26/1/68 32/1/69
f 169/1/70 170/1/71 28/1/72 31/1/72
f 26/1/73 24/1/73 27/1/73
f 25/1/67 24/1/74 26/1/68
f 13/1/64 12/1/75 24/1/75 25/1/65
f 171/1/76 29/1/77 28/1/77 170/1/78
f 144/1/79 147/1/80 23/1/81 30/1/82
f 23/1/81 22/1/83 30/1/82
f 116/1/87 47/1/87 53/1/87 125/1/87
f 124/1/88 183/1/89 115/1/90
f 127/1/91 54/1/91 55/1/91 129/1/91
f 52/1/92 56/1/92 55/1/92 54/1/92
f 51/1/109 57/1/109 56/1/109 52/1/109
f 49/1/110 59/1/110 58/1/110 50/1/110
f 50/1/117 58/1/117 57/1/117 51/1/117
f 167/1/118 5/1/119 10/1/119 168/1/120
f 138/1/121 8/1/122 9/1/122 139/1/123
f 9/1/124 8/1/124 18/1/124 19/1/124
f 8/1/125 16/1/126 17/1/127 18/1/125
f 18/1/128 17/1/128 20/1/128
f 19/1/129 18/1/129 20/1/129 21/1/129
f 20/1/130 36/1/130 22/1/130 21/1/130
f 36/1/131 20/1/131 17/1/132 37/1/133
f 77/1/29 15/1/28 7/1/134 6/1/134
f 149/1/135 91/1/136 94/1/136 148/1/137
f 146/1/138 148/1/139 94/1/140 95/1/140
f 93/1/141 99/1/142 101/1/143 85/1/143
f 152/1/144 158/1/145 99/1/146 100/1/146
f 38/1/147 151/1/148 37/1/149 153/1/147 39/1/147
f 160/1/150 159/1/151 105/1/152 106/1/152
f 161/1/153 160/1/154 106/1/155 107/1/155
f 162/1/156 78/1/157 79/1/158 161/1/159
f 157/1/160 77/1/161 78/1/162 162/1/163
f 76/1/167 66/1/167 77/1/167
f 140/1/168 136/1/169 75/1/170 61/1/170
f 141/2/171 67/1/172 66/1/172 140/1/173
f 118/1/180 117/1/180 119/1/180 134/1/180
f 119/1/181 120/1/181 133/1/181 134/1/181
f 68/1/185 79/1/158 78/1/157 67/1/185
f 142/1/186 68/1/187 67/1/187 141/2/188
f 163/5/189 63/4/190 64/1/190 164/6/191
f 63/4/192 74/1/192 73/1/193 64/1/194
f 74/1/195 98/1/195 97/1/195 73/1/195
f 64/1/194 73/1/193 72/1/196 71/1/197
f 73/1/198 97/1/199 96/1/199 88/1/200
f 88/1/201 96/1/202 89/1/203
f 172/1/204 94/1/205 91/1/205 173/1/206
f 89/1/207 90/1/207 87/1/207
f 88/1/201 89/1/203 87/1/208
f 73/1/198 88/1/200 87/1/209 72/1/209
f 174/1/210 173/1/211 91/1/212 92/1/212
f 149/1/213 93/1/214 86/1/215 150/1/216
f 86/1/215 93/1/214 85/1/217
f 35/1/218 36/1/218 37/1/149 151/1/148
f 116/1/222 125/1/222 124/1/222 115/1/222
f 47/1/223 178/1/224 53/1/225
f 127/1/226 129/1/226 128/1/226 126/1/226
f 123/1/227 126/1/227 128/1/227 130/1/227
f 122/1/244 123/1/244 130/1/244 131/1/244
f 120/1/245 121/1/245 132/1/245 133/1/245
f 121/1/252 122/1/252 131/1/252 132/1/252
f 164/6/253 165/1/254 70/1/255 65/1/255
f 142/1/256 143/1/257 69/1/258 68/1/258
f 69/1/259 82/1/259 81/1/259 68/1/259
f 68/1/260 81/1/260 80/1/261 79/1/262
f 81/1/263 83/1/263 80/1/263
f 82/1/264 84/1/264 83/1/264 81/1/264
f 83/1/265 84/1/265 85/1/265 101/1/265
f 101/1/266 102/1/267 80/1/268 83/1/266
f 77/1/161 66/1/269 67/1/269 78/1/162
f 65/1/270 70/1/270 143/1/257 142/1/256
f 65/1/271 142/1/186 141/2/188 62/7/271
f 62/7/272 141/2/171 140/1/173 61/1/272
f 66/1/273 76/1/273 136/1/169 140/1/168
f 5/1/274 138/1/121 139/1/123 10/1/274
f 5/1/275 2/7/275 137/2/53 138/1/52
f 2/7/276 1/1/276 135/1/38 137/2/37
f 6/1/277 135/1/34 136/1/36 76/1/277
f 91/1/278 149/1/213 150/1/216 92/1/278
f 100/1/279 99/1/279 148/1/139 146/1/138
f 93/1/141 149/1/135 148/1/137 99/1/142
f 28/1/280 29/1/280 147/1/80 144/1/79
f 100/1/281 146/1/4 145/1/6 35/1/281
f 30/1/7 35/1/9 145/1/2 144/1/1
f 109/1/282 157/1/160 162/1/163 108/1/282
f 108/1/283 162/1/156 161/1/159 107/1/283
f 79/1/262 80/1/261 160/1/154 161/1/153
f 80/1/268 102/1/267 159/1/151 160/1/150
f 99/1/284 158/1/15 102/1/14 101/1/284
f 104/1/285 103/1/285 158/1/145 152/1/144
f 109/1/286 42/1/286 156/1/27 157/1/26
f 42/1/287 41/1/287 155/1/23 156/1/22
f 16/1/126 155/1/19 154/1/21 17/1/127
f 17/1/132 154/1/16 153/1/18 37/1/133
f 104/1/288 152/1/10 151/1/12 38/1/288
f 64/1/194 71/1/197 165/1/254 164/6/253
f 62/7/289 163/5/189 164/6/191 65/1/289
f 4/1/59 167/1/118 168/1/120 11/1/62
f 2/7/290 5/1/290 167/1/56 166/3/55
f 24/1/291 171/1/76 170/1/78 27/1/291
f 26/1/292 27/1/292 170/1/71 169/1/70
f 87/1/293 90/1/293 173/1/211 174/1/210
f 89/1/294 172/1/204 173/1/206 90/1/294
f 113/1/295 185/1/246 182/1/248 112/1/295
f 114/1/296 184/1/241 185/1/243 113/1/296
f 115/1/297 183/1/232 184/1/234 114/1/297
f 112/1/298 182/1/182 181/1/184 111/1/298
f 111/1/299 181/1/177 176/1/179 110/1/299
f 45/1/300 44/1/300 177/1/112 180/1/111
f 46/1/301 45/1/301 180/1/107 179/1/106
f 47/1/302 46/1/302 179/1/98 178/1/97
f 44/1/305 43/1/305 175/1/49 177/1/48
f 43/1/306 110/1/306 176/1/44 175/1/43
f 106/1/307 197/1/249 194/1/251 107/1/307
f 105/1/308 196/1/238 197/1/240 106/1/308
f 103/1/309 195/1/235 196/1/237 105/1/309
f 104/1/310 189/1/219 195/1/221 103/1/310
f 108/1/311 193/1/174 188/1/176 109/1/311
f 107/1/312 194/1/164 193/1/166 108/1/312
f 40/1/313 41/1/313 186/1/115 192/1/114
f 39/1/314 40/1/314 192/1/104 191/1/103
f 38/1/315 39/1/315 191/1/101 190/1/100
f 104/1/316 38/1/316 190/1/85 189/1/84
f 42/1/317 109/1/317 188/1/41 187/1/40
f 41/1/318 42/1/318 187/1/31 186/1/30
usemtl Reflective
f 186/1/30 187/1/31 43/1/32 44/1/32
f 187/1/40 188/1/41 110/1/42 43/1/42
f 175/1/43 176/1/44 117/1/45 48/1/45
f 177/1/48 175/1/49 48/1/50 49/1/50
f 189/1/84 190/1/85 47/1/86 116/1/86
f 125/1/93 53/1/94 54/1/95 127/1/96
f 178/1/97 179/1/98 51/1/99 52/1/99
f 190/1/100 191/1/101 46/1/102 47/1/102
f 191/1/103 192/1/104 45/1/105 46/1/105
f 179/1/106 180/1/107 50/1/108 51/1/108
f 180/1/111 177/1/112 49/1/113 50/1/113
f 192/1/114 186/1/115 44/1/116 45/1/116
f 194/1/164 112/1/165 111/1/165 193/1/166
f 193/1/174 111/1/175 110/1/175 188/1/176
f 181/1/177 119/1/178 117/1/178 176/1/179
f 182/1/182 120/1/183 119/1/183 181/1/184
f 189/1/219 116/1/220 115/1/220 195/1/221
f 125/1/228 127/1/229 126/1/230 124/1/231
f 183/1/232 123/1/233 122/1/233 184/1/234
f 195/1/235 115/1/236 114/1/236 196/1/237
f 196/1/238 114/1/239 113/1/239 197/1/240
f 184/1/241 122/1/242 121/1/242 185/1/243
f 185/1/246 121/1/247 120/1/247 182/1/248
f 197/1/249 113/1/250 112/1/250 194/1/251
f 52/1/303 54/1/304 53/1/225 178/1/224
f 183/1/89 124/1/88 126/1/319 123/1/319
o Shoes
v -0.500453 0.329865 -0.543349
v -0.478641 0.313529 -0.633059
v -0.416075 0.322586 -0.660119
v -0.351955 0.318873 -0.644501
v -0.314333 0.352599 -0.531666
v -0.345697 0.352134 -0.434950
v -0.424088 0.356427 -0.411671
v -0.478468 0.343044 -0.453935
v -0.497286 0.266468 -0.353153
v -0.434276 0.273632 -0.322332
v -0.352432 0.254550 -0.346847
v -0.301949 0.207414 -0.483138
v -0.304512 0.129325 -0.658801
v -0.407922 0.152713 -0.731670
v -0.522657 0.136677 -0.686639
v -0.550336 0.178981 -0.519667
v -0.437281 0.162544 -0.112638
v -0.518838 0.140681 -0.151015
v -0.585905 0.109436 -0.354297
v -0.610169 0.081342 -0.196011
v -0.572382 -0.001119 -0.373479
v -0.538677 0.005206 -0.547417
v -0.508726 -0.003654 -0.663204
v -0.620012 -0.018673 -0.206690
v -0.575330 0.078212 -0.011064
v -0.412615 0.123599 0.090766
v -0.418929 -0.004276 0.093277
v -0.579071 -0.018076 -0.024472
v -0.319916 -0.006234 -0.621545
v -0.304663 -0.001670 -0.532684
v -0.303406 0.108736 -0.332027
v -0.338330 0.127264 -0.132977
v -0.288807 0.038348 -0.139081
v -0.294668 0.007156 -0.352774
v -0.275020 -0.020350 -0.158179
v -0.292662 0.094461 -0.016411
v -0.282237 -0.023273 -0.016172
v -0.408750 -0.002688 -0.702410
v -0.433529 -0.006742 -0.529543
v -0.444497 -0.015630 -0.359271
v -0.461140 -0.024064 -0.190668
v 0.500453 0.329865 -0.543349
v 0.478641 0.313529 -0.633059
v 0.416075 0.322586 -0.660119
v 0.351955 0.318873 -0.644501
v 0.314333 0.352599 -0.531666
v 0.345697 0.352134 -0.434950
v 0.424088 0.356427 -0.411671
v 0.478468 0.343044 -0.453935
v 0.497286 0.266468 -0.353153
v 0.434276 0.273632 -0.322332
v 0.352432 0.254550 -0.346847
v 0.301949 0.207414 -0.483138
v 0.304512 0.129325 -0.658801
v 0.407922 0.152713 -0.731670
v 0.522657 0.136677 -0.686639
v 0.550336 0.178981 -0.519667
v 0.437281 0.162544 -0.112638
v 0.518838 0.140681 -0.151015
v 0.585905 0.109436 -0.354297
v 0.610169 0.081342 -0.196011
v 0.572382 -0.001119 -0.373479
v 0.538677 0.005206 -0.547417
v 0.508726 -0.003654 -0.663204
v 0.620012 -0.018673 -0.206690
v 0.575330 0.078212 -0.011064
v 0.412615 0.123599 0.090766
v 0.418929 -0.004276 0.093277
v 0.579071 -0.018076 -0.024472
v 0.319916 -0.006234 -0.621545
v 0.304663 -0.001670 -0.532684
v 0.303406 0.108736 -0.332027
v 0.338330 0.127264 -0.132977
v 0.288807 0.038348 -0.139081
v 0.294668 0.007156 -0.352774
v 0.275020 -0.020350 -0.158179
v 0.292662 0.094461 -0.016411
v 0.282237 -0.023273 -0.016172
v 0.408750 -0.002688 -0.702410
v 0.433529 -0.006742 -0.529543
v 0.444497 -0.015630 -0.359271
v 0.461140 -0.024064 -0.190668
vn 0.9380 0.1863 0.2922
vn 0.3023 0.6539 0.6936
vn -0.4553 0.7153 0.5302
vn -0.9256 0.3340 0.1783
vn 0.9689 0.1533 -0.1944
vn -0.3950 0.3477 -0.8503
vn 0.4835 0.2734 -0.8316
vn 0.9283 0.3296 0.1719
vn 0.3577 0.8178 0.4509
vn -0.3762 0.8127 0.4450
vn -0.9294 0.3519 0.1112
vn 0.8509 0.4874 -0.1962
vn 0.8716 0.4780 0.1084
vn 0.9873 0.1510 -0.0491
vn 0.9995 0.0238 -0.0193
vn 0.9974 -0.0506 -0.0514
vn 0.5923 -0.2108 -0.7776
vn -0.9261 0.2876 -0.2443
vn -0.3470 -0.1794 -0.9206
vn -0.9762 -0.0517 -0.2108
vn -0.5643 0.8234 0.0596
vn -0.7190 0.6823 0.1323
vn -0.9767 0.0133 -0.2141
vn -0.9796 -0.0773 -0.1857
vn -0.5827 0.8033 0.1234
vn -0.3787 0.8966 0.2297
vn 0.3494 0.9277 0.1312
vn 0.6470 0.0194 0.7622
vn 0.9908 0.1344 0.0144
vn -0.5604 -0.0151 0.8281
vn -0.9784 0.0429 0.2022
vn 0.0087 -0.9991 0.0421
vn -0.0371 -0.9984 0.0426
vn -0.0597 -0.9943 -0.0885
vn 0.0896 -0.9911 -0.0988
vn -0.1048 -0.9928 -0.0575
vn 0.0995 -0.9950 0.0001
vn -0.0528 -0.9986 0.0066
vn 0.0062 -1.0000 0.0022
vn -0.9380 0.1863 0.2922
vn -0.3023 0.6539 0.6936
vn 0.4553 0.7153 0.5302
vn 0.9256 0.3340 0.1783
vn -0.9689 0.1533 -0.1944
vn 0.3950 0.3477 -0.8503
vn -0.4835 0.2734 -0.8316
vn -0.9283 0.3296 0.1719
vn -0.3577 0.8178 0.4509
vn 0.3762 0.8127 0.4450
vn 0.9294 0.3519 0.1112
vn -0.8509 0.4874 -0.1962
vn -0.8716 0.4780 0.1084
vn -0.9873 0.1510 -0.0491
vn -0.9995 0.0238 -0.0193
vn -0.9974 -0.0506 -0.0514
vn -0.5923 -0.2108 -0.7776
vn 0.9261 0.2876 -0.2443
vn 0.3470 -0.1794 -0.9206
vn 0.9762 -0.0517 -0.2108
vn 0.5643 0.8234 0.0596
vn 0.7190 0.6823 0.1323
vn 0.9767 0.0133 -0.2141
vn 0.9796 -0.0773 -0.1857
vn 0.5827 0.8033 0.1234
vn 0.3787 0.8966 0.2297
vn -0.3494 0.9277 0.1312
vn -0.6470 0.0194 0.7622
vn -0.9908 0.1344 0.0144
vn 0.5604 -0.0151 0.8281
vn 0.9784 0.0429 0.2022
vn -0.0087 -0.9991 0.0421
vn 0.0371 -0.9984 0.0426
vn 0.0597 -0.9943 -0.0885
vn -0.0896 -0.9911 -0.0988
vn 0.1048 -0.9928 -0.0575
vn -0.0995 -0.9950 0.0001
vn 0.0528 -0.9986 0.0066
vn -0.0062 -1.0000 0.0022
vt 0.000000 0.000000
s 1
usemtl Black
f 230/8/333 232/8/333 231/8/333 228/8/333
f 227/8/334 209/8/334 228/8/334 231/8/334
f 226/8/335 210/8/335 209/8/335 227/8/335
f 211/8/336 210/8/336 226/8/336 235/8/336
f 211/8/338 235/8/338 220/8/338 212/8/338
f 213/8/339 219/8/339 218/8/339 216/8/339
f 217/8/342 216/8/342 218/8/342 221/8/342
f 219/8/343 213/8/343 212/8/343 220/8/343
f 224/8/347 234/8/347 233/8/347 223/8/347
f 232/8/348 230/8/348 233/8/348 234/8/348
f 222/8/349 225/8/349 224/8/349 223/8/349
f 221/8/350 225/8/350 222/8/350 217/8/350
f 224/8/351 225/8/351 221/8/351 238/8/351
f 232/8/352 234/8/352 224/8/352 238/8/352
f 221/8/353 218/8/353 237/8/353 238/8/353
f 237/8/354 231/8/354 232/8/354 238/8/354
f 218/8/355 219/8/355 236/8/355 237/8/355
f 236/8/356 227/8/356 231/8/356 237/8/356
f 219/8/357 220/8/357 235/8/357 236/8/357
f 236/8/358 235/8/358 226/8/358 227/8/358
f 271/8/372 269/8/372 272/8/372 273/8/372
f 268/8/373 272/8/373 269/8/373 250/8/373
f 267/8/374 268/8/374 250/8/374 251/8/374
f 252/8/375 276/8/375 267/8/375 251/8/375
f 252/8/377 253/8/377 261/8/377 276/8/377
f 254/8/378 257/8/378 259/8/378 260/8/378
f 258/8/381 262/8/381 259/8/381 257/8/381
f 260/8/382 261/8/382 253/8/382 254/8/382
f 265/8/386 264/8/386 274/8/386 275/8/386
f 273/8/387 275/8/387 274/8/387 271/8/387
f 263/8/388 264/8/388 265/8/388 266/8/388
f 262/8/389 258/8/389 263/8/389 266/8/389
f 265/8/390 279/8/390 262/8/390 266/8/390
f 273/8/391 279/8/391 265/8/391 275/8/391
f 262/8/392 279/8/392 278/8/392 259/8/392
f 278/8/393 279/8/393 273/8/393 272/8/393
f 259/8/394 278/8/394 277/8/394 260/8/394
f 277/8/395 278/8/395 272/8/395 268/8/395
f 260/8/396 277/8/396 276/8/396 261/8/396
f 277/8/397 268/8/397 267/8/397 276/8/397
usemtl Blue
f 202/8/320 203/8/320 208/8/320 209/8/320
f 205/8/323 198/8/323 213/8/323
f 201/8/324 202/8/324 209/8/324 210/8/324
f 199/8/325 200/8/325 211/8/325 212/8/325
f 200/8/326 201/8/326 210/8/326 211/8/326
f 208/8/327 229/8/327 228/8/327 209/8/327
f 206/8/330 205/8/330 213/8/330 215/8/330
f 230/8/331 229/8/331 233/8/331
f 229/8/332 230/8/332 228/8/332
f 212/8/337 213/8/337 198/8/337 199/8/337
f 216/8/340 217/8/340 215/8/340
f 215/8/341 213/8/341 216/8/341
f 217/8/344 222/8/344 215/8/344
f 243/8/359 250/8/359 249/8/359 244/8/359
f 246/8/362 254/8/362 239/8/362
f 242/8/363 251/8/363 250/8/363 243/8/363
f 240/8/364 253/8/364 252/8/364 241/8/364
f 241/8/365 252/8/365 251/8/365 242/8/365
f 249/8/366 250/8/366 269/8/366 270/8/366
f 247/8/369 256/8/369 254/8/369 246/8/369
f 271/8/370 274/8/370 270/8/370
f 270/8/371 269/8/371 271/8/371
f 253/8/376 240/8/376 239/8/376 254/8/376
f 257/8/379 256/8/379 258/8/379
f 256/8/380 257/8/380 254/8/380
f 258/8/383 256/8/383 263/8/383
usemtl White
f 207/8/321 208/8/321 203/8/321 204/8/321
f 206/8/322 207/8/322 204/8/322 205/8/322
f 208/8/328 207/8/328 214/8/328 229/8/328
f 206/8/329 215/8/329 214/8/329 207/8/329
f 222/8/345 223/8/345 214/8/345 215/8/345
f 223/8/346 233/8/346 229/8/346 214/8/346
f 248/8/360 245/8/360 244/8/360 249/8/360
f 247/8/361 246/8/361 245/8/361 248/8/361
f 249/8/367 270/8/367 255/8/367 248/8/367
f 247/8/368 248/8/368 255/8/368 256/8/368
f 263/8/384 256/8/384 255/8/384 264/8/384
f 264/8/385 255/8/385 270/8/385 274/8/385
o Pants
v 0.142947 2.886378 -0.743467
v 0.214635 2.852534 0.016988
v -0.003341 2.424901 -0.043933
v -0.003341 2.443510 -0.476719
v 0.175289 2.530997 -0.683150
v 0.009484 2.293721 -0.480956
v 0.058833 2.033089 -0.514273
v 0.211094 2.261610 -0.653946
v 0.382003 2.678327 -0.678128
v 0.361610 2.897184 -0.633127
v 0.427104 2.898399 -0.538248
v 0.456041 2.875347 -0.268052
v 0.511387 2.577531 -0.566458
v 0.399879 2.345861 -0.684047
v 0.221308 2.065985 -0.676409
v 0.400933 2.141567 -0.718768
v 0.512797 2.222481 -0.607173
v 0.543168 2.629247 -0.320384
v 0.561879 2.275746 -0.352544
v 0.542475 1.925960 -0.382624
v 0.501526 1.897676 -0.620110
v 0.398710 1.849182 -0.736814
v 0.234717 1.803205 -0.687999
v 0.110206 1.795275 -0.509487
v 0.106126 2.044296 -0.248157
v 0.309293 2.170612 -0.099176
v 0.503541 2.244191 -0.149079
v 0.458260 2.550794 -0.107019
v 0.283998 2.423932 -0.065016
v 0.063233 2.345547 -0.143616
v 0.155558 1.814089 -0.273896
v 0.323329 1.896827 -0.168983
v 0.470112 1.928189 -0.222352
v 0.436890 1.617811 -0.280345
v 0.334194 1.626597 -0.228211
v 0.192054 1.580097 -0.304170
v 0.142752 1.563801 -0.495324
v 0.253541 1.544574 -0.687658
v 0.402553 1.567432 -0.740322
v 0.481969 1.576746 -0.624606
v 0.511043 1.580115 -0.409251
v 0.458484 1.452273 -0.309170
v 0.513520 1.359025 -0.463201
v 0.504672 1.439693 -0.636657
v 0.507293 1.483239 -0.438811
v 0.409438 1.471594 -0.743547
v 0.256584 1.414739 -0.699593
v 0.162100 1.440787 -0.514721
v 0.219228 1.412614 -0.332143
v 0.264372 1.258321 -0.384552
v 0.203335 1.296649 -0.537070
v 0.349020 1.431904 -0.239488
v 0.367278 1.231874 -0.339664
v 0.452263 1.283994 -0.374545
v 0.575563 0.879934 -0.502845
v 0.604914 0.885472 -0.615767
v 0.562863 1.191530 -0.718805
v 0.461192 1.204514 -0.755188
v 0.288130 1.172754 -0.758438
v 0.247471 0.882026 -0.660378
v 0.295548 0.882139 -0.769941
v 0.467489 0.881477 -0.786657
v 0.589244 0.881258 -0.732993
v 0.502007 0.877676 -0.432336
v 0.413427 0.878272 -0.396151
v 0.299786 0.883382 -0.467058
v 0.227127 0.884228 -0.552633
v 0.427675 0.153417 -0.437064
v 0.487553 0.169790 -0.459271
v 0.515034 0.166737 -0.526371
v 0.513147 0.164354 -0.617163
v 0.561512 0.602866 -0.685745
v 0.469610 0.604088 -0.741588
v 0.338023 0.588305 -0.737824
v 0.350884 0.171963 -0.629407
v 0.434737 0.171147 -0.672291
v 0.325249 0.162147 -0.544758
v 0.348533 0.153046 -0.488732
v 0.377114 2.872805 -0.054393
v -0.000662 2.837243 0.036911
v -0.149629 2.886378 -0.743467
v -0.003341 2.879938 -0.753626
v -0.215958 2.852534 0.016988
v -0.003341 2.565062 -0.665315
v -0.003341 2.625160 -0.712114
v -0.181972 2.530997 -0.683150
v -0.016166 2.293721 -0.480956
v -0.060156 2.033089 -0.514273
v -0.217777 2.261610 -0.653946
v -0.388685 2.678327 -0.678128
v -0.368292 2.897184 -0.633127
v -0.428444 2.898399 -0.538248
v -0.457364 2.875347 -0.268052
v -0.518069 2.577531 -0.566458
v -0.406561 2.345861 -0.684047
v -0.222631 2.065985 -0.676409
v -0.402256 2.141567 -0.718768
v -0.514121 2.222481 -0.607173
v -0.544491 2.629247 -0.320384
v -0.563203 2.275746 -0.352544
v -0.543798 1.925960 -0.382624
v -0.502849 1.897676 -0.620110
v -0.400033 1.849182 -0.736814
v -0.236041 1.803205 -0.687999
v -0.111529 1.795275 -0.509487
v -0.107449 2.044296 -0.248157
v -0.310616 2.170612 -0.099176
v -0.504864 2.244191 -0.149079
v -0.459583 2.550794 -0.107019
v -0.285321 2.423932 -0.065016
v -0.067236 2.360187 -0.090076
v -0.156881 1.814089 -0.273896
v -0.324652 1.896827 -0.168983
v -0.471435 1.928189 -0.222352
v -0.438213 1.617811 -0.280345
v -0.335518 1.626597 -0.228211
v -0.193377 1.580097 -0.304170
v -0.144076 1.563801 -0.495324
v -0.254864 1.544574 -0.687658
v -0.403877 1.567432 -0.740322
v -0.483293 1.576746 -0.624606
v -0.512366 1.580115 -0.409251
v -0.459807 1.452273 -0.309170
v -0.514844 1.359025 -0.463201
v -0.505995 1.439693 -0.636657
v -0.508616 1.483239 -0.438811
v -0.410761 1.471594 -0.743547
v -0.257907 1.414739 -0.699593
v -0.163423 1.440787 -0.514721
v -0.220551 1.412614 -0.332143
v -0.265695 1.258321 -0.384552
v -0.204658 1.296649 -0.537070
v -0.350343 1.431904 -0.239488
v -0.368601 1.231874 -0.339664
v -0.453587 1.283994 -0.374545
v -0.576887 0.879934 -0.502845
v -0.606237 0.885472 -0.615767
v -0.564186 1.191530 -0.718805
v -0.462515 1.204514 -0.755188
v -0.289454 1.172754 -0.758438
v -0.248795 0.882026 -0.660378
v -0.296872 0.882139 -0.769941
v -0.468812 0.881477 -0.786657
v -0.590567 0.881258 -0.732993
v -0.503330 0.877676 -0.432336
v -0.414750 0.878272 -0.396151
v -0.301110 0.883382 -0.467058
v -0.228450 0.884228 -0.552633
v -0.428998 0.153417 -0.437064
v -0.488876 0.169790 -0.459271
v -0.516358 0.166737 -0.526371
v -0.514470 0.164354 -0.617163
v -0.562835 0.602866 -0.685745
v -0.470933 0.604088 -0.741588
v -0.339346 0.588305 -0.737824
v -0.352207 0.171963 -0.629407
v -0.436061 0.171147 -0.672291
v -0.326572 0.162147 -0.544758
v -0.349856 0.153046 -0.488732
v -0.378437 2.872805 -0.054393
vn -0.0180 -0.1163 0.9930
vn -0.0095 -0.1001 0.9949
vn -0.0194 -0.1224 0.9923
vn 0.0209 -0.2052 0.9785
vn 0.0096 -0.2086 0.9779
vn -0.0109 -0.2156 0.9764
vn -0.0050 -0.2165 0.9763
vn 0.1992 -0.0193 -0.9798
vn 0.1932 -0.0247 -0.9808
vn 0.1975 -0.0165 -0.9802
vn 0.1951 -0.0246 -0.9805
vn 0.0808 -0.2429 -0.9667
vn 0.0806 -0.2390 -0.9677
vn 0.0809 -0.2430 -0.9667
vn 0.0805 -0.2384 -0.9678
vn -0.1257 -0.6112 -0.7814
vn -0.1257 -0.6107 -0.7818
vn -0.1257 -0.6099 -0.7824
vn -0.3271 -0.6440 -0.6916
vn -0.3057 -0.6420 -0.7031
vn -0.3308 -0.6445 -0.6894
vn -0.9757 0.0602 0.2106
vn -0.9967 0.0273 0.0758
vn -0.9970 0.0427 0.0644
vn -0.9922 0.0360 0.1195
vn 0.2012 -0.0729 0.9768
vn 0.2124 -0.0637 0.9751
vn 0.2144 -0.0293 0.9763
vn 0.2120 -0.0678 0.9749
vn 0.7891 0.2770 -0.5483
vn 0.9442 0.3036 -0.1279
vn 0.9024 0.1964 0.3835
vn 0.3466 -0.2319 0.9089
vn 0.2884 -0.0934 0.9529
vn -0.2953 -0.2993 0.9073
vn -0.9617 -0.2232 0.1594
vn -0.9619 -0.2229 0.1581
vn -0.9611 -0.2244 0.1607
vn -0.9613 -0.2246 0.1597
vn -0.7217 -0.0490 -0.6904
vn -0.7246 -0.0404 -0.6880
vn -0.7177 -0.0486 -0.6946
vn -0.7103 -0.0317 -0.7032
vn -0.0078 -0.0257 -0.9996
vn -0.0079 -0.0257 -0.9996
vn 0.6397 0.1665 -0.7503
vn 0.6398 0.1665 -0.7503
vn 0.9847 0.0453 -0.1685
vn 0.9400 0.0532 0.3371
vn 0.9369 -0.1250 0.3266
vn 0.9841 -0.0336 -0.1745
vn 0.6361 0.1059 -0.7643
vn -0.2455 0.1304 -0.9606
vn -0.6772 0.0015 -0.7358
vn -0.4630 -0.2210 0.8584
vn 0.3969 -0.1963 0.8966
vn 0.8742 -0.1458 0.4631
vn 0.9866 -0.0686 -0.1478
vn 0.7230 0.0189 -0.6906
vn -0.2713 0.0459 -0.9614
vn -0.7564 -0.0891 -0.6480
vn -0.9580 -0.2148 0.1898
vn -0.4317 -0.1968 0.8803
vn -0.9625 -0.1506 0.2259
vn -0.8412 -0.1039 -0.5306
vn -0.3069 -0.0073 -0.9517
vn 0.7884 -0.0124 -0.6151
vn 0.9910 0.0025 -0.1338
vn 0.9846 0.1675 -0.0499
vn 0.9982 0.0550 -0.0253
vn 0.9373 -0.0213 0.3478
vn 0.9375 -0.1342 0.3209
vn 0.8700 0.0278 0.4923
vn 0.4993 -0.0458 0.8652
vn -0.4945 -0.1501 0.8561
vn -0.9439 -0.1974 0.2649
vn -0.9466 -0.1905 0.2601
vn -0.9471 -0.1894 0.2591
vn -0.9466 -0.1899 0.2603
vn -0.8676 -0.0586 -0.4939
vn -0.8890 0.0212 -0.4574
vn -0.3163 0.0497 -0.9473
vn 0.7859 0.1394 -0.6025
vn 0.6061 0.2658 -0.7497
vn -0.1528 0.1110 -0.9820
vn -0.8851 -0.1872 -0.4260
vn -0.9096 -0.3274 0.2558
vn -0.4716 -0.4186 0.7761
vn 0.5396 -0.3304 0.7744
vn 0.8773 -0.2016 0.4355
vn 0.9890 0.1451 0.0273
vn 0.9815 0.1520 0.1160
vn 0.7571 0.0237 0.6528
vn 0.3995 -0.0868 0.9126
vn -0.4847 -0.2160 0.8476
vn -0.8738 -0.1243 0.4702
vn -0.9622 -0.0217 -0.2713
vn -0.5366 -0.0594 0.8417
vn 0.3697 -0.0440 0.9281
vn 0.8043 -0.0634 0.5909
vn 0.9856 -0.1069 0.1312
vn 0.9858 -0.1231 -0.1143
vn 0.4489 -0.1665 -0.8780
vn 0.3768 0.0859 -0.9223
vn -0.0451 0.0688 -0.9966
vn -0.9105 -0.0120 -0.4132
vn -0.0598 -0.1383 -0.9886
vn 0.5308 -0.1817 -0.8278
vn -0.1945 -0.1961 -0.9611
vn -0.8838 -0.1562 -0.4411
vn -0.9615 -0.1417 -0.2354
vn -0.8275 -0.0889 0.5544
vn 0.0187 -0.1159 0.9931
vn 0.0203 -0.1224 0.9923
vn 0.0101 -0.0994 0.9950
vn -0.0012 -0.1102 0.9939
vn -0.0015 -0.1326 0.9912
vn 0.0055 -0.1104 0.9939
vn -0.0224 -0.1280 0.9915
vn -0.1992 -0.0193 -0.9798
vn -0.1951 -0.0246 -0.9805
vn -0.1975 -0.0165 -0.9802
vn -0.1933 -0.0247 -0.9808
vn -0.0807 -0.2429 -0.9667
vn -0.0805 -0.2384 -0.9678
vn -0.0809 -0.2430 -0.9667
vn -0.0806 -0.2390 -0.9677
vn 0.1257 -0.6112 -0.7814
vn 0.1257 -0.6099 -0.7824
vn 0.1257 -0.6107 -0.7818
vn 0.3272 -0.6440 -0.6915
vn 0.3308 -0.6445 -0.6893
vn 0.3058 -0.6420 -0.7030
vn 0.9934 0.0655 0.0946
vn 0.9961 0.0553 0.0687
vn 0.9971 0.0534 0.0551
vn 0.9967 0.0334 0.0734
vn -0.2012 -0.0729 0.9768
vn -0.2120 -0.0678 0.9749
vn -0.2144 -0.0293 0.9763
vn -0.2124 -0.0637 0.9751
vn -0.8116 0.2700 -0.5180
vn -0.9431 0.3108 -0.1184
vn -0.9024 0.1964 0.3835
vn -0.3466 -0.2319 0.9089
vn -0.2884 -0.0934 0.9529
vn 0.1661 -0.3664 0.9155
vn 0.1723 -0.3662 0.9144
vn 0.1672 -0.3706 0.9136
vn 0.1703 -0.3623 0.9164
vn 0.9651 -0.2178 0.1452
vn 0.9653 -0.2174 0.1444
vn 0.9657 -0.2161 0.1438
vn 0.9656 -0.2168 0.1439
vn 0.7218 -0.0491 -0.6904
vn 0.7103 -0.0318 -0.7032
vn 0.7177 -0.0486 -0.6946
vn 0.7245 -0.0404 -0.6881
vn 0.0078 -0.0257 -0.9996
vn 0.0079 -0.0257 -0.9996
vn -0.6408 0.1720 -0.7482
vn -0.6408 0.1721 -0.7482
vn -0.6407 0.1721 -0.7482
vn -0.9870 0.0367 -0.1565
vn -0.9400 0.0532 0.3371
vn -0.9369 -0.1250 0.3266
vn -0.9841 -0.0336 -0.1745
vn -0.6470 0.0925 -0.7568
vn 0.2480 0.1368 -0.9591
vn 0.6772 0.0174 -0.7356
vn 0.4630 -0.2210 0.8584
vn -0.3969 -0.1963 0.8966
vn -0.8742 -0.1458 0.4631
vn -0.9866 -0.0686 -0.1478
vn -0.7230 0.0189 -0.6906
vn 0.2713 0.0459 -0.9614
vn 0.7564 -0.0891 -0.6480
vn 0.9580 -0.2148 0.1898
vn 0.4317 -0.1968 0.8803
vn 0.9625 -0.1506 0.2259
vn 0.8412 -0.1039 -0.5306
vn 0.3069 -0.0073 -0.9517
vn -0.7884 -0.0124 -0.6151
vn -0.9910 0.0025 -0.1338
vn -0.9846 0.1675 -0.0499
vn -0.9982 0.0550 -0.0253
vn -0.9373 -0.0213 0.3478
vn -0.9375 -0.1342 0.3209
vn -0.8700 0.0278 0.4923
vn -0.4993 -0.0458 0.8652
vn 0.4945 -0.1501 0.8561
vn 0.9439 -0.1974 0.2649
vn 0.9471 -0.1895 0.2591
vn 0.9466 -0.1905 0.2601
vn 0.9466 -0.1899 0.2603
vn 0.8676 -0.0586 -0.4939
vn 0.8890 0.0212 -0.4574
vn 0.3163 0.0497 -0.9473
vn -0.7859 0.1394 -0.6024
vn -0.6061 0.2658 -0.7497
vn 0.1528 0.1110 -0.9820
vn 0.8851 -0.1872 -0.4260
vn 0.9096 -0.3274 0.2558
vn 0.4716 -0.4186 0.7761
vn -0.5396 -0.3304 0.7744
vn -0.8773 -0.2016 0.4355
vn -0.9890 0.1451 0.0273
vn -0.9815 0.1520 0.1160
vn -0.7571 0.0237 0.6528
vn -0.3995 -0.0868 0.9126
vn 0.4847 -0.2160 0.8476
vn 0.8738 -0.1243 0.4702
vn 0.9622 -0.0217 -0.2713
vn 0.5366 -0.0594 0.8417
vn -0.3697 -0.0440 0.9281
vn -0.8043 -0.0634 0.5909
vn -0.9856 -0.1069 0.1312
vn -0.9858 -0.1231 -0.1143
vn -0.4489 -0.1665 -0.8780
vn -0.3768 0.0859 -0.9223
vn 0.0451 0.0688 -0.9966
vn 0.9105 -0.0120 -0.4132
vn 0.0598 -0.1383 -0.9886
vn -0.5308 -0.1817 -0.8278
vn 0.1945 -0.1961 -0.9611
vn 0.8838 -0.1562 -0.4411
vn 0.9615 -0.1417 -0.2354
vn 0.8275 -0.0889 0.5544
vt 0.000000 0.000000
s 1
usemtl Blue_Jeans
f 281/9/398 359/9/399 282/9/400
f 282/9/401 309/9/402 308/9/403 281/9/404
f 280/9/405 289/9/406 288/9/407 284/9/408
f 280/9/409 284/9/410 364/9/411 361/9/412
f 364/9/413 284/9/414 363/9/415
f 283/9/416 363/9/417 284/9/418
f 282/9/419 283/9/420 285/9/421 309/9/422
f 307/9/423 358/9/424 281/9/425 308/9/426
f 289/9/427 290/9/427 288/9/427
f 291/9/428 297/9/428 292/9/428 290/9/428
f 291/9/429 358/9/429 307/9/429 297/9/429
f 306/9/430 305/9/430 311/9/430 312/9/430
f 305/9/431 306/9/431 307/9/431 308/9/431
f 304/9/432 305/9/432 308/9/432 309/9/432
f 285/9/433 286/9/434 304/9/435 309/9/436
f 284/9/437 287/9/438 285/9/439 283/9/440
f 287/9/441 284/9/441 288/9/442 293/9/442
f 288/9/443 290/9/444 292/9/444 293/9/443
f 296/9/445 292/9/445 297/9/445 298/9/445
f 297/9/446 307/9/446 306/9/446 298/9/446
f 299/9/447 298/9/447 306/9/447 312/9/447
f 296/9/448 298/9/448 299/9/448 300/9/448
f 292/9/449 296/9/449 295/9/449 293/9/449
f 293/9/450 295/9/450 294/9/450 287/9/450
f 286/9/451 285/9/451 287/9/451 294/9/451
f 305/9/452 304/9/452 310/9/452 311/9/452
f 311/9/453 314/9/453 313/9/453 312/9/453
f 313/9/454 320/9/454 299/9/454 312/9/454
f 299/9/455 320/9/455 319/9/455 300/9/455
f 301/9/456 295/9/456 296/9/456 300/9/456
f 302/9/457 294/9/457 295/9/457 301/9/457
f 303/9/458 286/9/458 294/9/458 302/9/458
f 310/9/459 304/9/459 286/9/459 303/9/459
f 310/9/460 315/9/460 314/9/460 311/9/460
f 315/9/461 310/9/461 303/9/461 316/9/461
f 302/9/462 317/9/462 316/9/462 303/9/462
f 301/9/463 318/9/463 317/9/463 302/9/463
f 300/9/464 319/9/464 318/9/464 301/9/464
f 320/9/465 324/9/465 319/9/465
f 323/9/466 319/9/466 324/9/466
f 323/9/467 324/9/467 322/9/467
f 322/9/468 324/9/468 321/9/468
f 321/9/469 324/9/469 320/9/469
f 320/9/470 313/9/470 321/9/470
f 314/9/471 331/9/471 321/9/471 313/9/471
f 314/9/472 315/9/472 328/9/472 331/9/472
f 328/9/473 315/9/474 327/9/475
f 315/9/474 316/9/476 327/9/475
f 317/9/477 327/9/477 316/9/477
f 326/9/478 327/9/478 317/9/478
f 318/9/479 325/9/479 326/9/479 317/9/479
f 319/9/480 323/9/480 325/9/480 318/9/480
f 325/9/481 323/9/481 336/9/481 337/9/481
f 326/9/482 325/9/482 337/9/482 338/9/482
f 327/9/483 326/9/483 330/9/483
f 327/9/484 330/9/484 329/9/484 328/9/484
f 329/9/485 332/9/485 331/9/485 328/9/485
f 321/9/486 331/9/486 332/9/486 333/9/486
f 322/9/487 321/9/487 333/9/487
f 335/9/488 342/9/488 336/9/488 323/9/488
f 323/9/489 322/9/489 334/9/489 335/9/489
f 333/9/490 343/9/490 334/9/490 322/9/490
f 332/9/491 344/9/491 343/9/491 333/9/491
f 329/9/492 345/9/492 344/9/492 332/9/492
f 330/9/493 346/9/493 345/9/493 329/9/493
f 330/9/494 326/9/494 339/9/494 346/9/494
f 345/9/495 357/9/495 347/9/495 344/9/495
f 348/9/496 343/9/496 344/9/496 347/9/496
f 349/9/497 334/9/497 343/9/497 348/9/497
f 350/9/498 335/9/498 334/9/498 349/9/498
f 342/9/499 335/9/499 350/9/499 351/9/499
f 341/9/500 342/9/500 351/9/500 352/9/500
f 336/9/501 342/9/501 341/9/501 337/9/501
f 337/9/502 341/9/502 340/9/502 338/9/502
f 338/9/503 340/9/503 339/9/503 326/9/503
f 340/9/504 341/9/504 352/9/504 353/9/504
f 352/9/505 351/9/505 350/9/505 355/9/505
f 352/9/506 355/9/506 354/9/506 353/9/506
f 339/9/507 340/9/507 353/9/507 354/9/507
f 356/9/508 346/9/508 339/9/508 354/9/508
f 357/9/509 345/9/509 346/9/509 356/9/509
f 362/9/510 282/9/511 359/9/512
f 282/9/513 362/9/514 389/9/515 390/9/516
f 360/9/517 365/9/518 369/9/519 370/9/520
f 360/9/521 361/9/522 364/9/523 365/9/524
f 364/9/525 363/9/526 365/9/527
f 283/9/528 365/9/529 363/9/530
f 282/9/531 390/9/532 366/9/533 283/9/534
f 388/9/535 389/9/536 362/9/537 439/9/538
f 370/9/539 369/9/539 371/9/539
f 372/9/540 371/9/540 373/9/540 378/9/540
f 372/9/541 378/9/541 388/9/541 439/9/541
f 387/9/542 393/9/542 392/9/542 386/9/542
f 386/9/543 389/9/543 388/9/543 387/9/543
f 385/9/544 390/9/545 389/9/546 386/9/547
f 366/9/548 390/9/549 385/9/550 367/9/551
f 365/9/552 283/9/553 366/9/554 368/9/555
f 368/9/556 374/9/557 369/9/557 365/9/556
f 369/9/558 374/9/559 373/9/558 371/9/560
f 377/9/561 379/9/561 378/9/561 373/9/561
f 378/9/562 379/9/562 387/9/562 388/9/562
f 380/9/563 393/9/563 387/9/563 379/9/563
f 377/9/564 381/9/564 380/9/564 379/9/564
f 373/9/565 374/9/565 376/9/565 377/9/565
f 374/9/566 368/9/566 375/9/566 376/9/566
f 367/9/567 375/9/567 368/9/567 366/9/567
f 386/9/568 392/9/568 391/9/568 385/9/568
f 392/9/569 393/9/569 394/9/569 395/9/569
f 394/9/570 393/9/570 380/9/570 401/9/570
f 380/9/571 381/9/571 400/9/571 401/9/571
f 382/9/572 381/9/572 377/9/572 376/9/572
f 383/9/573 382/9/573 376/9/573 375/9/573
f 384/9/574 383/9/574 375/9/574 367/9/574
f 391/9/575 384/9/575 367/9/575 385/9/575
f 391/9/576 392/9/576 395/9/576 396/9/576
f 396/9/577 397/9/577 384/9/577 391/9/577
f 383/9/578 384/9/578 397/9/578 398/9/578
f 382/9/579 383/9/579 398/9/579 399/9/579
f 381/9/580 382/9/580 399/9/580 400/9/580
f 401/9/581 400/9/581 405/9/581
f 404/9/582 405/9/582 400/9/582
f 404/9/583 403/9/583 405/9/583
f 403/9/584 402/9/584 405/9/584
f 402/9/585 401/9/585 405/9/585
f 401/9/586 402/9/586 394/9/586
f 395/9/587 394/9/587 402/9/587 412/9/587
f 395/9/588 412/9/588 409/9/588 396/9/588
f 409/9/589 408/9/590 396/9/591
f 396/9/591 408/9/590 397/9/592
f 398/9/593 397/9/593 408/9/593
f 407/9/594 398/9/594 408/9/594
f 399/9/595 398/9/595 407/9/595 406/9/595
f 400/9/596 399/9/596 406/9/596 404/9/596
f 406/9/597 418/9/597 417/9/597 404/9/597
f 407/9/598 419/9/598 418/9/598 406/9/598
f 408/9/599 411/9/599 407/9/599
f 408/9/600 409/9/600 410/9/600 411/9/600
f 410/9/601 409/9/601 412/9/601 413/9/601
f 402/9/602 414/9/602 413/9/602 412/9/602
f 403/9/603 414/9/603 402/9/603
f 416/9/604 404/9/604 417/9/604 423/9/604
f 404/9/605 416/9/605 415/9/605 403/9/605
f 414/9/606 403/9/606 415/9/606 424/9/606
f 413/9/607 414/9/607 424/9/607 425/9/607
f 410/9/608 413/9/608 425/9/608 426/9/608
f 411/9/609 410/9/609 426/9/609 427/9/609
f 411/9/610 427/9/610 420/9/610 407/9/610
f 426/9/611 425/9/611 428/9/611 438/9/611
f 429/9/612 428/9/612 425/9/612 424/9/612
f 430/9/613 429/9/613 424/9/613 415/9/613
f 431/9/614 430/9/614 415/9/614 416/9/614
f 423/9/615 432/9/615 431/9/615 416/9/615
f 422/9/616 433/9/616 432/9/616 423/9/616
f 417/9/617 418/9/617 422/9/617 423/9/617
f 418/9/618 419/9/618 421/9/618 422/9/618
f 419/9/619 407/9/619 420/9/619 421/9/619
f 421/9/620 434/9/620 433/9/620 422/9/620
f 433/9/621 436/9/621 431/9/621 432/9/621
f 433/9/622 434/9/622 435/9/622 436/9/622
f 420/9/623 435/9/623 434/9/623 421/9/623
f 437/9/624 435/9/624 420/9/624 427/9/624
f 438/9/625 437/9/625 427/9/625 426/9/625
o Reduced_Body
v 0.055302 3.991044 0.004760
v 0.201256 4.005729 -0.010096
v 0.058694 4.195057 -0.152470
v 0.171016 4.217424 -0.153999
v 0.268486 4.237395 -0.190391
v 0.364331 4.046987 -0.088246
v 0.040652 3.747043 0.037249
v 0.204223 3.706767 0.006961
v 0.455465 3.775306 -0.098419
v 0.553979 3.907891 -0.247236
v 0.445953 4.089153 -0.201808
v 0.346275 4.255131 -0.246669
v 0.536858 4.157563 -0.312211
v 0.396772 4.256042 -0.300117
v 0.285003 4.347321 -0.434902
v 0.215463 4.389311 -0.422126
v 0.156696 4.337630 -0.259583
v 0.062002 4.281312 -0.209591
v -0.000784 4.320091 -0.214959
v 0.065738 4.331003 -0.233221
v 0.195109 3.643006 -0.008907
v 0.464681 3.678130 -0.120436
v 0.492464 3.610573 -0.322066
v 0.513927 3.700446 -0.266806
v 0.544383 3.806989 -0.330928
v 0.507538 3.859400 -0.346126
v 0.585321 4.042494 -0.327108
v 0.388823 4.295664 -0.425430
v 0.584312 4.175734 -0.429834
v 0.641618 4.055163 -0.441466
v 0.598603 3.995595 -0.338443
v 0.654585 4.003372 -0.445465
v 0.504800 3.683496 -0.368736
v 0.522853 3.769156 -0.426712
v 0.485012 3.753664 -0.431760
v 0.464546 3.789279 -0.524901
v 0.505657 3.798460 -0.574662
v 0.546495 3.922416 -0.646999
v 0.526459 3.833058 -0.574602
v 0.608535 3.953558 -0.560208
v 0.585115 4.019855 -0.561474
v 0.547799 4.169755 -0.554976
v 0.379643 4.287958 -0.541269
v 0.299549 4.336100 -0.556910
v 0.221356 4.396567 -0.505796
v 0.123585 4.354235 -0.572991
v 0.247951 4.225190 -0.649504
v 0.328799 4.042378 -0.721663
v 0.452495 4.145466 -0.690397
v 0.352437 3.797009 -0.673854
v 0.155256 4.017676 -0.730899
v 0.084175 4.466200 -0.514539
v 0.137241 4.448337 -0.471607
v 0.165792 4.427578 -0.409347
v 0.150194 4.400573 -0.318503
v 0.165891 3.746351 -0.705772
v 0.476003 3.718009 -0.546188
v 0.457194 3.620246 -0.519086
v 0.131244 3.470339 -0.602207
v 0.419619 3.485059 -0.493816
v 0.463483 3.484152 -0.299368
v 0.421645 3.495886 -0.113724
v 0.204211 3.546938 -0.006836
v 0.214966 3.282136 -0.006619
v 0.404694 3.315324 -0.116687
v 0.435148 3.330953 -0.289338
v 0.370787 3.321550 -0.460961
v 0.141243 3.317962 -0.545707
v 0.223658 3.008142 0.001176
v 0.387050 3.070094 -0.124091
v 0.429830 3.109545 -0.294784
v 0.385839 3.107790 -0.462763
v 0.241325 3.086552 -0.560261
v 0.079741 3.152019 -0.567209
v 0.123394 2.992832 -0.610497
v 0.157437 2.829384 -0.700153
v 0.179067 2.744712 -0.632589
v 0.337567 2.861625 -0.617691
v 0.411536 2.895393 -0.477318
v 0.448359 2.896714 -0.303514
v 0.389686 2.824193 -0.118853
v 0.247362 2.734427 -0.020311
v 0.230576 2.674351 -0.104594
v 0.048264 2.563991 -0.182884
v 0.021471 2.536640 -0.481340
v 0.199794 2.512266 -0.618451
v 0.214489 2.461270 -0.584927
v 0.063215 2.206608 -0.488112
v 0.103726 1.993076 -0.470558
v 0.238221 2.178734 -0.638275
v 0.384893 2.505604 -0.647838
v 0.388260 2.575319 -0.587301
v 0.342833 2.769474 -0.663359
v 0.427996 2.775595 -0.537844
v 0.448520 2.833733 -0.328264
v 0.498888 2.452967 -0.562331
v 0.402094 2.251867 -0.664403
v 0.244762 2.021631 -0.611298
v 0.400683 2.087240 -0.648068
v 0.497786 2.157476 -0.551199
v 0.524149 2.510566 -0.341469
v 0.540391 2.203712 -0.369385
v 0.523548 1.900084 -0.395495
v 0.488002 1.875532 -0.562429
v 0.398754 1.833437 -0.663733
v 0.256401 1.793527 -0.621359
v 0.148320 1.786643 -0.466403
v 0.144778 2.002804 -0.278773
v 0.321136 2.112452 -0.149451
v 0.489751 2.176322 -0.192768
v 0.450445 2.442466 -0.156259
v 0.299179 2.332344 -0.119798
v 0.107546 2.206234 -0.249429
v 0.187687 1.802975 -0.301115
v 0.333320 1.874795 -0.210046
v 0.460733 1.902018 -0.256372
v 0.431896 1.632597 -0.306713
v 0.342751 1.640224 -0.261458
v 0.219368 1.599860 -0.327394
v 0.176572 1.585715 -0.454110
v 0.272741 1.569025 -0.621063
v 0.402090 1.588867 -0.666778
v 0.471026 1.596951 -0.566332
v 0.496263 1.599876 -0.418609
v 0.450640 1.488904 -0.331734
v 0.498414 1.407960 -0.465439
v 0.446277 1.477983 -0.576792
v 0.493008 1.515784 -0.444268
v 0.408066 1.505675 -0.669578
v 0.275383 1.456322 -0.631424
v 0.193366 1.478933 -0.470947
v 0.242956 1.454478 -0.351676
v 0.282143 1.320545 -0.397169
v 0.229160 1.353816 -0.490346
v 0.355620 1.471222 -0.271247
v 0.371469 1.297588 -0.358205
v 0.445240 1.342831 -0.388482
v 0.542438 0.992090 -0.499852
v 0.533290 0.996897 -0.597873
v 0.496789 1.262568 -0.687314
v 0.452991 1.273839 -0.695041
v 0.302766 1.246270 -0.721717
v 0.292581 0.993905 -0.636598
v 0.309205 0.994004 -0.731703
v 0.458457 0.993429 -0.722358
v 0.564145 0.993238 -0.699630
v 0.488420 0.990129 -0.438648
v 0.411528 0.990647 -0.407237
v 0.312884 0.995083 -0.468787
v 0.274921 0.995817 -0.543070
v 0.423897 0.361442 -0.442752
v 0.475873 0.375655 -0.462028
v 0.499728 0.373005 -0.520274
v 0.498090 0.370936 -0.599085
v 0.540073 0.751583 -0.658617
v 0.460298 0.752644 -0.740924
v 0.346075 0.738943 -0.703824
v 0.357239 0.377541 -0.609713
v 0.430027 0.376833 -0.646938
v 0.334987 0.369021 -0.536234
v 0.355198 0.361121 -0.487601
v 0.491711 0.266899 -0.535686
v 0.474063 0.253681 -0.608272
v 0.423440 0.261009 -0.630166
v 0.371559 0.258005 -0.617529
v 0.341119 0.285293 -0.526233
v 0.366496 0.284917 -0.447978
v 0.429924 0.288390 -0.429143
v 0.473923 0.277562 -0.463340
v 0.489149 0.215603 -0.381795
v 0.438167 0.221399 -0.356858
v 0.371945 0.205960 -0.376693
v 0.331099 0.167822 -0.486968
v 0.333173 0.104639 -0.629100
v 0.416843 0.123562 -0.688059
v 0.509677 0.110588 -0.651623
v 0.532072 0.144816 -0.516524
v 0.440598 0.131517 -0.187191
v 0.506587 0.113827 -0.218243
v 0.560852 0.088546 -0.382721
v 0.580485 0.065815 -0.254650
v 0.549910 0.012112 -0.398241
v 0.522639 0.017231 -0.538977
v 0.498405 0.010062 -0.632662
v 0.588449 -0.002090 -0.263290
v 0.552296 0.063282 -0.105006
v 0.420641 0.100006 -0.022614
v 0.425750 0.009558 -0.020582
v 0.555322 -0.001607 -0.115855
v 0.345637 0.007974 -0.598955
v 0.333295 0.011667 -0.527057
v 0.332278 0.087980 -0.364702
v 0.360535 0.102971 -0.203648
v 0.320466 0.031028 -0.208586
v 0.325208 0.018808 -0.381489
v 0.309311 -0.003447 -0.224039
v 0.323585 0.076430 -0.109332
v 0.315150 -0.005813 -0.109139
v 0.417513 0.010843 -0.664384
v 0.437562 0.007563 -0.524515
v 0.446437 0.000371 -0.386745
v 0.459903 -0.006452 -0.250326
v 0.857469 3.483496 -0.304583
v 0.896926 3.542443 -0.405083
v 0.821518 3.541973 -0.536242
v 0.758997 3.507607 -0.566426
v 0.724149 3.444794 -0.480834
v 0.724903 3.411637 -0.372621
v 0.757811 3.421585 -0.317795
v 0.783475 3.380329 -0.322200
v 0.879116 3.450239 -0.306569
v 0.949816 3.491046 -0.381243
v 0.889256 3.457329 -0.543429
v 0.827530 3.410620 -0.581370
v 0.776894 3.357958 -0.507038
v 0.747321 3.351831 -0.375300
v 0.900208 3.408860 -0.285425
v 0.985828 3.434749 -0.351713
v 0.976363 3.339685 -0.493112
v 0.913599 3.284185 -0.528231
v 0.829150 3.262619 -0.470647
v 0.783577 3.295555 -0.364095
v 0.808112 3.332399 -0.308877
v 1.162784 2.900401 -0.046643
v 1.229423 2.940417 -0.079964
v 1.261382 2.913411 -0.166540
v 1.241767 2.858549 -0.230857
v 1.205240 2.820393 -0.231328
v 1.161898 2.823702 -0.186129
v 1.152128 2.860187 -0.107690
v 0.380007 2.788851 -0.142799
v 0.137556 5.015790 -0.078267
v 0.089547 4.478424 -0.105329
v 0.198499 5.055356 -0.294480
v 0.147821 4.535989 -0.349334
v 0.091067 5.079870 -0.434724
v 0.081041 4.562960 -0.460587
v 0.123918 4.587474 -0.095721
v 0.164068 4.701279 -0.071262
v 0.167686 4.811814 -0.105187
v 0.166458 4.908906 -0.082967
v 0.205781 4.657294 -0.354652
v 0.233093 4.767879 -0.366970
v 0.243955 4.876169 -0.368772
v 0.241331 4.973261 -0.334457
v 0.093459 4.698095 -0.505638
v 0.105042 4.808630 -0.547490
v 0.107256 4.919166 -0.544880
v 0.101763 5.016515 -0.492344
v 0.155455 5.067994 -0.372811
v 0.116353 4.551621 -0.416946
v 0.179224 4.998478 -0.426168
v 0.180893 4.901364 -0.474633
v 0.177160 4.790829 -0.471448
v 0.153322 4.681490 -0.446312
v 0.164226 4.511903 -0.252674
v 0.228369 4.838211 -0.221103
v 0.194871 5.036648 -0.204889
v 0.231803 4.941942 -0.215891
v 0.199577 4.620862 -0.225625
v 0.227139 4.732378 -0.217671
v 0.088577 5.107461 -0.355628
v 0.088473 5.122413 -0.246144
v 0.110902 5.095737 -0.155020
v 0.133125 5.099452 -0.334485
v 0.141805 5.100963 -0.259153
v 0.151167 5.096808 -0.208824
v 0.069155 4.465046 -0.235728
v 0.141361 4.494473 -0.367961
v 0.078872 4.516374 -0.465446
v 0.116841 4.506098 -0.428151
v 0.142214 4.479272 -0.305820
v 1.354468 2.593271 -0.106276
v 1.311353 2.680677 0.102101
v 1.205353 2.828866 -0.216450
v 1.163167 2.900391 -0.067304
v 1.404513 2.617571 -0.109767
v 1.357285 2.706097 0.093231
v 1.246950 2.854033 -0.221908
v 1.208718 2.927516 -0.078825
v 1.256847 2.741727 -0.190439
v 1.308030 2.667108 -0.145229
v 1.256337 2.760734 0.050857
v 1.203978 2.836063 0.003601
v 1.357131 2.697588 -0.152313
v 1.306896 2.772844 -0.197758
v 1.257197 2.867157 -0.010214
v 1.308211 2.792514 0.038830
v 1.351314 2.612354 -0.061270
v 1.325872 2.661790 0.053064
v 1.176126 2.884436 -0.107980
v 1.199891 2.847291 -0.181500
v 1.226944 2.917544 -0.119039
v 1.244892 2.881572 -0.191050
v 1.377170 2.692234 0.044545
v 1.400100 2.641910 -0.071743
v 1.279044 2.856712 -0.055449
v 1.303277 2.803714 -0.159472
v 1.331361 2.781175 -0.008471
v 1.356493 2.725983 -0.116923
v 1.271516 2.740571 0.003019
v 1.304316 2.685687 -0.104141
v 1.219659 2.816417 -0.044003
v 1.252337 2.761787 -0.150660
v 1.350206 2.666385 0.043360
v 1.308596 2.650791 0.039758
v 1.374861 2.602096 0.076759
v 1.333251 2.586502 0.073157
v 1.336472 2.689260 0.097531
v 1.294862 2.673666 0.093929
v 1.361127 2.624971 0.130930
v 1.319517 2.609377 0.127328
v 1.373057 2.599369 -0.107237
v 1.333642 2.576660 -0.107026
v 1.407689 2.542187 -0.075060
v 1.368273 2.519479 -0.074849
v 1.345781 2.663677 0.041938
v 1.305676 2.640075 0.040410
v 1.380413 2.606496 0.074115
v 1.340307 2.582893 0.072587
v 1.371698 2.595908 0.075953
v 1.329894 2.589372 0.068656
v 1.380421 2.525539 0.109753
v 1.338617 2.519003 0.102455
v 1.358034 2.620103 0.129852
v 1.316230 2.613568 0.122555
v 1.366757 2.549735 0.163652
v 1.324953 2.543199 0.156355
v 1.402514 2.534545 -0.076445
v 1.361713 2.521081 -0.079888
v 1.422442 2.469764 -0.038748
v 1.381623 2.456281 -0.042243
v 1.375179 2.598573 0.073407
v 1.333725 2.584454 0.068136
v 1.395885 2.531971 0.106841
v 1.354431 2.517851 0.101571
v 1.377445 2.518447 0.109844
v 1.336578 2.523658 0.099109
v 1.359921 2.449825 0.144401
v 1.325285 2.454242 0.135302
v 1.366085 2.544379 0.163817
v 1.325218 2.549590 0.153082
v 1.350293 2.471803 0.190144
v 1.315657 2.476219 0.181046
v 1.417246 2.464314 -0.037494
v 1.376156 2.458198 -0.043625
v 1.420492 2.403107 0.018140
v 1.379312 2.396917 0.011730
v 1.391801 2.526932 0.106530
v 1.350132 2.520341 0.098592
v 1.398991 2.456019 0.139841
v 1.357321 2.449428 0.131903
v 1.267219 2.839128 0.009348
v 1.227347 2.813198 0.016629
v 1.297548 2.786440 0.044884
v 1.259444 2.766221 0.047918
v 1.242839 2.863557 -0.006991
v 1.206514 2.841686 0.001501
v 1.266168 2.839728 0.073350
v 1.228711 2.818233 0.075567
v 1.297874 2.782796 0.055794
v 1.258258 2.768095 0.045344
v 1.268663 2.836173 0.080750
v 1.229382 2.821551 0.070113
v 1.242925 2.723514 0.111523
v 1.282506 2.734974 0.125378
v 1.254209 2.787965 0.154116
v 1.214942 2.776623 0.139995
v 1.282563 2.732994 0.127746
v 1.244792 2.726699 0.107835
v 1.254096 2.784728 0.158079
v 1.216580 2.778397 0.138101
v 1.201871 2.680476 0.154210
v 1.234153 2.684355 0.171680
v 1.210503 2.726272 0.201349
v 1.178523 2.722506 0.183712
v -0.055302 3.991044 0.004760
v -0.201256 4.005729 -0.010096
v -0.058694 4.195057 -0.152470
v -0.171016 4.217424 -0.153999
v -0.268486 4.237395 -0.190391
v -0.364331 4.046987 -0.088246
v -0.040652 3.747043 0.037249
v -0.204223 3.706767 0.006961
v -0.455465 3.775306 -0.098419
v -0.553979 3.907891 -0.247236
v -0.445953 4.089153 -0.201808
v -0.346275 4.255131 -0.246669
v -0.536858 4.157563 -0.312211
v -0.396772 4.256042 -0.300117
v -0.285003 4.347321 -0.434902
v -0.215463 4.389311 -0.422126
v -0.156696 4.337630 -0.259583
v -0.062002 4.281312 -0.209591
v 0.000000 4.187369 -0.155160
v 0.000000 4.269075 -0.201635
v 0.000784 4.320091 -0.214959
v -0.065738 4.331003 -0.233221
v -0.000000 3.987812 -0.006310
v -0.000000 3.757879 0.022955
v -0.000000 3.692826 0.029821
v -0.195109 3.643006 -0.008907
v -0.464681 3.678130 -0.120436
v -0.492464 3.610573 -0.322066
v -0.513927 3.700446 -0.266806
v -0.544383 3.806989 -0.330928
v -0.507538 3.859400 -0.346126
v -0.585321 4.042494 -0.327108
v -0.388823 4.295664 -0.425430
v -0.584312 4.175734 -0.429834
v -0.641618 4.055163 -0.441466
v -0.598603 3.995595 -0.338443
v -0.654585 4.003372 -0.445465
v -0.504800 3.683496 -0.368736
v -0.522853 3.769156 -0.426712
v -0.485012 3.753664 -0.431760
v -0.464546 3.789279 -0.524901
v -0.505657 3.798460 -0.574662
v -0.546495 3.922416 -0.646999
v -0.526459 3.833058 -0.574602
v -0.608535 3.953558 -0.560208
v -0.585115 4.019855 -0.561474
v -0.547799 4.169755 -0.554976
v -0.379643 4.287958 -0.541269
v -0.299549 4.336100 -0.556910
v -0.221356 4.396567 -0.505796
v -0.123585 4.354235 -0.572991
v -0.247951 4.225190 -0.649504
v -0.328799 4.042378 -0.721663
v -0.452495 4.145466 -0.690397
v -0.352437 3.797009 -0.673854
v -0.155256 4.017676 -0.730899
v -0.000000 4.050942 -0.721726
v 0.000000 4.270056 -0.563836
v -0.084175 4.466200 -0.514539
v 0.000000 4.464509 -0.504677
v -0.137241 4.448337 -0.471607
v -0.165792 4.427578 -0.409347
v -0.150194 4.400573 -0.318503
v -0.165891 3.746351 -0.705772
v -0.000000 3.752382 -0.710972
v -0.476003 3.718009 -0.546188
v -0.457194 3.620246 -0.519086
v -0.131244 3.470339 -0.602207
v -0.000000 3.471538 -0.608332
v -0.419619 3.485059 -0.493816
v -0.463483 3.484152 -0.299368
v -0.421645 3.495886 -0.113724
v -0.204211 3.546938 -0.006836
v -0.000000 3.546349 0.035099
v -0.000000 3.257952 0.034923
v -0.214966 3.282136 -0.006619
v -0.404694 3.315324 -0.116687
v -0.435148 3.330953 -0.289338
v -0.370787 3.321550 -0.460961
v -0.141243 3.317962 -0.545707
v -0.000000 3.321187 -0.563612
v -0.000000 2.940371 0.030889
v 0.002396 2.673481 -0.024383
v -0.223658 3.008142 0.001176
v -0.387050 3.070094 -0.124091
v -0.429830 3.109545 -0.294784
v -0.385839 3.107790 -0.462763
v -0.241325 3.086552 -0.560261
v -0.079741 3.152019 -0.567209
v -0.000000 3.148467 -0.579323
v -0.123394 2.992832 -0.610497
v -0.000000 2.986168 -0.619136
v -0.157437 2.829384 -0.700153
v -0.000000 2.823451 -0.676935
v -0.179067 2.744712 -0.632589
v 0.000000 2.752260 -0.649198
v -0.337567 2.861625 -0.617691
v -0.411536 2.895393 -0.477318
v -0.448359 2.896714 -0.303514
v -0.389686 2.824193 -0.118853
v -0.247362 2.734427 -0.020311
v 0.000000 2.456837 -0.168643
v -0.230576 2.674351 -0.104594
v -0.048264 2.563991 -0.182884
v -0.021471 2.536640 -0.481340
v 0.000000 2.505767 -0.490622
v 0.000000 2.523879 -0.585494
v 0.000000 2.576046 -0.626118
v -0.199794 2.512266 -0.618451
v -0.214489 2.461270 -0.584927
v -0.063215 2.206608 -0.488112
v -0.103726 1.993076 -0.470558
v -0.238221 2.178734 -0.638275
v -0.384893 2.505604 -0.647838
v -0.388260 2.575319 -0.587301
v -0.340298 2.769474 -0.663359
v -0.425832 2.775595 -0.537844
v -0.448520 2.833733 -0.328264
v -0.498888 2.452967 -0.562331
v -0.402094 2.251867 -0.664403
v -0.244762 2.021631 -0.611298
v -0.400683 2.087240 -0.648068
v -0.497786 2.157476 -0.551199
v -0.524149 2.510566 -0.341469
v -0.540391 2.203712 -0.369385
v -0.523548 1.900084 -0.395495
v -0.488002 1.875532 -0.562429
v -0.398754 1.833437 -0.663733
v -0.256401 1.793527 -0.621359
v -0.148320 1.786643 -0.466403
v -0.144778 2.002804 -0.278773
v -0.321136 2.112452 -0.149451
v -0.489751 2.176322 -0.192768
v -0.450445 2.442466 -0.156259
v -0.299179 2.332344 -0.119798
v -0.107546 2.206234 -0.249429
v -0.187687 1.802975 -0.301115
v -0.333320 1.874795 -0.210046
v -0.460733 1.902018 -0.256372
v -0.431896 1.632597 -0.306713
v -0.342751 1.640224 -0.261458
v -0.219368 1.599860 -0.327394
v -0.176572 1.585715 -0.454110
v -0.272741 1.569025 -0.621063
v -0.402090 1.588867 -0.666778
v -0.471026 1.596951 -0.566332
v -0.496263 1.599876 -0.418609
v -0.450640 1.488904 -0.331734
v -0.498414 1.407960 -0.465439
v -0.463419 1.477983 -0.576792
v -0.493008 1.515784 -0.444268
v -0.408066 1.505675 -0.669578
v -0.275383 1.456322 -0.631424
v -0.193366 1.478933 -0.470947
v -0.242956 1.454478 -0.351676
v -0.282143 1.320545 -0.397169
v -0.229160 1.353816 -0.490346
v -0.355620 1.471222 -0.271247
v -0.371469 1.297588 -0.358205
v -0.445240 1.342831 -0.388482
v -0.524956 0.992090 -0.499852
v -0.550433 0.996897 -0.597873
v -0.518339 1.262568 -0.687314
v -0.452991 1.273839 -0.695041
v -0.302766 1.246270 -0.721717
v -0.301934 0.993905 -0.636598
v -0.309205 0.994004 -0.731703
v -0.458457 0.993429 -0.722358
v -0.564145 0.993238 -0.699630
v -0.488420 0.990129 -0.438648
v -0.411528 0.990647 -0.407237
v -0.312884 0.995083 -0.468787
v -0.284274 0.995817 -0.543070
v -0.423897 0.361442 -0.442752
v -0.475873 0.375655 -0.462028
v -0.499728 0.373005 -0.520274
v -0.498090 0.370936 -0.599085
v -0.540073 0.751583 -0.658617
v -0.460298 0.752644 -0.740924
v -0.346075 0.738943 -0.703824
v -0.357239 0.377541 -0.609713
v -0.430027 0.376833 -0.646938
v -0.334987 0.369021 -0.536234
v -0.355198 0.361121 -0.487601
v -0.491711 0.266899 -0.535686
v -0.474063 0.253681 -0.608272
v -0.423440 0.261009 -0.630166
v -0.371559 0.258005 -0.617529
v -0.341119 0.285293 -0.526233
v -0.366496 0.284917 -0.447978
v -0.429924 0.288390 -0.429143
v -0.473923 0.277562 -0.463340
v -0.489149 0.215603 -0.381795
v -0.438167 0.221399 -0.356858
v -0.371945 0.205960 -0.376693
v -0.331099 0.167822 -0.486968
v -0.333173 0.104639 -0.629100
v -0.416843 0.123562 -0.688059
v -0.509677 0.110588 -0.651623
v -0.532072 0.144816 -0.516524
v -0.440598 0.131517 -0.187191
v -0.506587 0.113827 -0.218243
v -0.560852 0.088546 -0.382721
v -0.580485 0.065815 -0.254650
v -0.549910 0.012112 -0.398241
v -0.522639 0.017231 -0.538977
v -0.498405 0.010062 -0.632662
v -0.588449 -0.002090 -0.263290
v -0.552296 0.063282 -0.105006
v -0.420641 0.100006 -0.022614
v -0.425750 0.009558 -0.020582
v -0.555322 -0.001607 -0.115855
v -0.345637 0.007974 -0.598955
v -0.333295 0.011667 -0.527057
v -0.332278 0.087980 -0.364702
v -0.360535 0.102971 -0.203648
v -0.320466 0.031028 -0.208586
v -0.325208 0.018808 -0.381489
v -0.309311 -0.003447 -0.224039
v -0.323585 0.076430 -0.109332
v -0.315150 -0.005813 -0.109139
v -0.417513 0.010843 -0.664384
v -0.437562 0.007563 -0.524515
v -0.446437 0.000371 -0.386745
v -0.459903 -0.006452 -0.250326
v -0.857469 3.483496 -0.304583
v -0.896926 3.542443 -0.405083
v -0.821518 3.621809 -0.536242
v -0.758997 3.507607 -0.566426
v -0.724149 3.444794 -0.480834
v -0.724903 3.411637 -0.372621
v -0.757811 3.421585 -0.317795
v -0.783475 3.380329 -0.322200
v -0.879116 3.450239 -0.306569
v -0.949816 3.491046 -0.381243
v -0.889256 3.457329 -0.543429
v -0.827530 3.410620 -0.581370
v -0.776894 3.357958 -0.507038
v -0.747321 3.351831 -0.375300
v -0.900208 3.408860 -0.285425
v -0.985828 3.434749 -0.351713
v -0.976363 3.339685 -0.493112
v -0.913599 3.284185 -0.528231
v -0.829150 3.262619 -0.470647
v -0.783577 3.295555 -0.364095
v -0.808112 3.332399 -0.308877
v -1.162784 2.900401 -0.046643
v -1.229423 2.940417 -0.079964
v -1.261382 2.913411 -0.166540
v -1.241767 2.858549 -0.230857
v -1.205240 2.820393 -0.231328
v -1.161898 2.823702 -0.186129
v -1.152128 2.860187 -0.107690
v -0.380007 2.788851 -0.142799
v 0.000000 5.002427 -0.003931
v 0.000000 4.464453 -0.046310
v -0.137556 5.015790 -0.078267
v -0.089547 4.478424 -0.105329
v -0.198499 5.055356 -0.294480
v -0.147821 4.535989 -0.349334
v -0.091067 5.079870 -0.434724
v -0.081041 4.562960 -0.460587
v 0.000000 4.886551 0.002081
v 0.000000 4.789459 -0.013623
v 0.000000 4.678923 0.027911
v 0.000000 4.568388 -0.024996
v -0.123918 4.587474 -0.095721
v -0.164068 4.701279 -0.071262
v -0.167686 4.811814 -0.105187
v -0.166458 4.908906 -0.082967
v -0.205781 4.657294 -0.354652
v -0.233093 4.767879 -0.366970
v -0.243955 4.876169 -0.368772
v -0.241331 4.973261 -0.334457
v -0.093459 4.698095 -0.505638
v -0.105042 4.808630 -0.547490
v -0.107256 4.919166 -0.544880
v -0.101763 5.016515 -0.492344
v 0.000000 5.083023 -0.452259
v 0.000000 4.567569 -0.481936
v 0.000000 5.021381 -0.510858
v 0.000000 4.924289 -0.565864
v 0.000000 4.813754 -0.570218
v 0.000000 4.703218 -0.524623
v -0.155455 5.067994 -0.372811
v -0.116353 4.551621 -0.416946
v -0.179224 4.998478 -0.426168
v -0.180893 4.901364 -0.474633
v -0.177160 4.790829 -0.471448
v -0.153322 4.681490 -0.446312
v -0.164226 4.511903 -0.252674
v -0.228369 4.838211 -0.221103
v -0.194871 5.036648 -0.204889
v -0.231803 4.941942 -0.215891
v -0.199577 4.620862 -0.225625
v -0.227139 4.732378 -0.217671
v 0.000000 5.092599 -0.107813
v 0.000000 5.130065 -0.237598
v 0.000000 5.111441 -0.361744
v -0.088577 5.107461 -0.355628
v -0.088473 5.122413 -0.246144
v -0.110902 5.095737 -0.155020
v -0.133125 5.099452 -0.334485
v -0.141805 5.100963 -0.259153
v -0.151167 5.096808 -0.208824
v 0.000000 4.458508 -0.206466
v -0.069155 4.465046 -0.235728
v -0.141361 4.440785 -0.367961
v -0.078872 4.516374 -0.465446
v 0.000000 4.519081 -0.477562
v -0.116841 4.506098 -0.428151
v -0.142214 4.425583 -0.305820
v -1.354468 2.593271 -0.106276
v -1.311353 2.680677 0.102101
v -1.205353 2.828866 -0.216450
v -1.163167 2.900391 -0.067304
v -1.404513 2.617571 -0.109767
v -1.357285 2.706097 0.093231
v -1.246950 2.854033 -0.221908
v -1.208718 2.927516 -0.078825
v -1.256847 2.741727 -0.190439
v -1.308030 2.667108 -0.145229
v -1.256337 2.760734 0.050857
v -1.203978 2.836063 0.003601
v -1.357131 2.697588 -0.152313
v -1.306896 2.772844 -0.197758
v -1.257197 2.867157 -0.010214
v -1.308211 2.792514 0.038830
v -1.351314 2.612354 -0.061270
v -1.325872 2.661790 0.053064
v -1.176126 2.884436 -0.107980
v -1.199891 2.847291 -0.181500
v -1.226944 2.917544 -0.119039
v -1.244892 2.881572 -0.191050
v -1.377170 2.692234 0.044545
v -1.400100 2.641910 -0.071743
v -1.279044 2.856712 -0.055449
v -1.303277 2.803714 -0.159472
v -1.331361 2.781175 -0.008471
v -1.356493 2.725983 -0.116923
v -1.271516 2.740571 0.003019
v -1.304316 2.685687 -0.104141
v -1.219659 2.816417 -0.044003
v -1.252337 2.761787 -0.150660
v -1.350206 2.666385 0.043360
v -1.308596 2.650791 0.039758
v -1.374861 2.602096 0.076759
v -1.333251 2.586502 0.073157
v -1.336472 2.689260 0.097531
v -1.294862 2.673666 0.093929
v -1.361127 2.624971 0.130930
v -1.319517 2.609377 0.127328
v -1.373057 2.599369 -0.107237
v -1.333642 2.576660 -0.107026
v -1.407689 2.542187 -0.075060
v -1.368273 2.519479 -0.074849
v -1.345781 2.663677 0.041938
v -1.305676 2.640075 0.040410
v -1.380413 2.606496 0.074115
v -1.340307 2.582893 0.072587
v -1.371698 2.595908 0.075953
v -1.329894 2.589372 0.068656
v -1.380421 2.525539 0.109753
v -1.338617 2.519003 0.102455
v -1.358034 2.620103 0.129852
v -1.316230 2.613568 0.122555
v -1.366757 2.549735 0.163652
v -1.324953 2.543199 0.156355
v -1.402514 2.534545 -0.076445
v -1.361713 2.521081 -0.079888
v -1.422442 2.469764 -0.038748
v -1.381623 2.456281 -0.042243
v -1.375179 2.598573 0.073407
v -1.333725 2.584454 0.068136
v -1.395885 2.531971 0.106841
v -1.354431 2.517851 0.101571
v -1.377445 2.518447 0.109844
v -1.336578 2.523658 0.099109
v -1.359921 2.449825 0.144401
v -1.325285 2.454242 0.135302
v -1.366085 2.544379 0.163817
v -1.325218 2.549590 0.153082
v -1.350293 2.471803 0.190144
v -1.315657 2.476219 0.181046
v -1.417246 2.464314 -0.037494
v -1.376156 2.458198 -0.043625
v -1.420492 2.403107 0.018140
v -1.379312 2.396917 0.011730
v -1.391801 2.526932 0.106530
v -1.350132 2.520341 0.098592
v -1.398991 2.456019 0.139841
v -1.357321 2.449428 0.131903
v -1.267219 2.839128 0.009348
v -1.227347 2.813198 0.016629
v -1.297548 2.786440 0.044884
v -1.259444 2.766221 0.047918
v -1.242839 2.863557 -0.006991
v -1.206514 2.841686 0.001501
v -1.266168 2.839728 0.073350
v -1.228711 2.818233 0.075567
v -1.297874 2.782796 0.055794
v -1.258258 2.768095 0.045344
v -1.268663 2.836173 0.080750
v -1.229382 2.821551 0.070113
v -1.242925 2.723514 0.111523
v -1.282506 2.734974 0.125378
v -1.254209 2.787965 0.154116
v -1.214942 2.776623 0.139995
v -1.282563 2.732994 0.127746
v -1.244792 2.726699 0.107835
v -1.254096 2.784728 0.158079
v -1.216580 2.778397 0.138101
v -1.201871 2.680476 0.154210
v -1.234153 2.684355 0.171680
v -1.210503 2.726272 0.201349
v -1.178523 2.722506 0.183712
v -0.000000 2.615467 -0.526375
vn -0.0325 0.5850 0.8104
vn 0.2894 0.3929 0.8729
vn -0.0370 0.3850 0.9222
vn 0.1292 0.3383 0.9321
vn 0.4879 0.6152 0.6193
vn 0.3723 0.8821 0.2886
vn 0.2234 0.7463 0.6270
vn 0.7199 0.5822 0.3778
vn 0.5337 0.7991 0.2769
vn 0.9686 0.1991 0.1493
vn 0.8441 0.3314 0.4216
vn 0.7004 0.4234 0.5746
vn 0.9434 0.3111 0.1152
vn 0.9158 -0.3960 0.0672
vn 0.7680 -0.6403 0.0165
vn 0.8741 0.1613 0.4582
vn 0.0256 -0.5447 -0.8382
vn -0.0582 -0.3781 -0.9239
vn 0.1393 -0.1293 -0.9818
vn -0.0201 -0.0632 -0.9978
vn 0.3681 -0.5881 -0.7202
vn 0.0272 -0.3486 -0.9369
vn 0.3748 -0.3152 -0.8719
vn 0.3967 -0.3456 -0.8504
vn 0.3750 -0.3365 -0.8638
vn 0.9441 -0.2722 -0.1857
vn 0.9407 -0.2756 -0.1976
vn 0.9433 -0.2614 -0.2047
vn 0.9351 -0.2251 0.2736
vn 0.9557 -0.2027 0.2133
vn 0.9588 -0.1566 0.2370
vn 0.4086 -0.0210 0.9125
vn 0.4962 -0.1186 0.8601
vn 0.3235 -0.1157 0.9391
vn 0.2023 0.0372 0.9786
vn 0.0313 -0.0440 0.9985
vn 0.0272 -0.0589 0.9979
vn 0.4698 -0.0120 0.8827
vn -0.3063 0.0999 0.9467
vn -0.0974 0.5932 0.7991
vn -0.0496 0.5250 0.8496
vn -0.1511 0.5181 0.8419
vn -0.0100 0.5888 0.8082
vn -0.1523 0.5981 0.7869
vn -0.2435 0.1327 0.9608
vn 0.1508 0.0866 0.9848
vn 0.1951 0.0039 0.9808
vn 0.1586 0.0086 0.9873
vn 0.0912 -0.1357 0.9865
vn 0.1234 -0.5510 0.8254
vn 0.6983 -0.7066 -0.1145
vn -0.3905 -0.1769 0.9035
vn 0.6442 -0.6450 0.4111
vn 0.5892 0.0046 0.8080
vn 0.5562 -0.0090 0.8310
vn 0.4111 -0.2086 0.8874
vn 0.3872 0.0749 0.9189
vn 0.2203 0.5585 0.7997
vn -0.0390 0.6172 0.7858
vn 0.1865 0.5837 0.7902
vn 0.4926 0.5621 0.6644
vn 0.3458 0.7628 0.5463
vn 0.4619 0.7841 0.4146
vn 0.2642 0.8281 0.4944
vn 0.7183 0.5763 0.3898
vn 0.2344 0.7197 0.6535
vn 0.3304 0.8523 0.4055
vn 0.5872 0.8071 0.0612
vn 0.5684 0.8214 0.0467
vn 0.5733 0.8165 0.0677
vn 0.2098 0.6224 -0.7540
vn 0.2663 0.6024 -0.7525
vn 0.4962 0.7265 -0.4753
vn 0.7618 0.4378 -0.4775
vn -0.2514 0.4576 -0.8529
vn -0.2424 0.5552 -0.7956
vn 0.0295 0.3485 -0.9368
vn -0.1091 0.3560 -0.9281
vn -0.1449 0.4826 -0.8638
vn -0.0702 0.3913 -0.9176
vn 0.1338 0.5977 -0.7905
vn 0.1364 0.7365 -0.6625
vn 0.5816 0.8124 0.0421
vn 0.4823 0.8740 -0.0587
vn 0.5365 0.8306 -0.1489
vn 0.4966 0.7358 -0.4604
vn 0.0170 0.4904 -0.8713
vn 0.2619 -0.1207 -0.9575
vn 0.0858 -0.3805 -0.9208
vn 0.1020 -0.4178 -0.9028
vn 0.4555 -0.5559 -0.6954
vn 0.4111 -0.3161 -0.8550
vn 0.0784 -0.3138 -0.9463
vn 0.1340 0.0842 -0.9874
vn 0.0852 0.2602 -0.9618
vn -0.0655 0.4054 -0.9118
vn -0.0192 -0.5235 -0.8518
vn 0.2211 0.4094 -0.8852
vn 0.1180 0.1878 -0.9751
vn 0.4258 0.1430 -0.8934
vn 0.3430 -0.2945 -0.8920
vn 0.9271 -0.2622 -0.2680
vn 0.9521 0.0264 -0.3046
vn 0.6675 0.2984 -0.6821
vn 0.1636 -0.0967 -0.9818
vn 0.0507 -0.1991 -0.9787
vn 0.0471 -0.0882 -0.9950
vn -0.1636 -0.6061 -0.7784
vn -0.2747 -0.9427 -0.1896
vn 0.8309 -0.5465 -0.1043
vn 0.8905 -0.4518 -0.0542
vn -0.9778 -0.1583 0.1374
vn 0.2359 0.0072 0.9717
vn 0.9422 -0.2174 0.2548
vn 0.9572 0.0420 0.2865
vn 0.9783 -0.0537 0.2001
vn 0.9725 -0.1278 0.1948
vn 0.9667 0.1131 -0.2296
vn 0.7833 0.3408 -0.5199
vn 0.8278 -0.0258 -0.5604
vn -0.1464 0.2029 -0.9682
vn -0.9428 0.2433 -0.2277
vn 0.9708 0.1682 -0.1713
vn 0.9600 0.2273 -0.1632
vn 0.8988 0.1802 0.3997
vn 0.3466 -0.2319 0.9089
vn 0.2884 -0.0934 0.9529
vn -0.4825 -0.1867 0.8557
vn -0.9632 -0.1851 0.1951
vn -0.5636 0.0208 -0.8258
vn -0.2894 0.1020 -0.9518
vn 0.6369 0.1512 -0.7560
vn 0.9844 0.0296 -0.1735
vn 0.9400 0.0532 0.3371
vn 0.9369 -0.1250 0.3266
vn 0.9767 -0.0309 -0.2126
vn 0.7447 -0.0438 -0.6660
vn -0.1348 -0.1343 -0.9817
vn -0.6670 -0.1718 -0.7250
vn -0.4630 -0.2210 0.8584
vn 0.3969 -0.1963 0.8966
vn 0.8742 -0.1458 0.4631
vn 0.9807 -0.0664 -0.1837
vn 0.5029 0.5507 0.6662
vn 0.5080 0.5434 0.6683
vn 0.7203 0.2366 0.6521
vn 0.9226 -0.2087 0.3244
vn 0.9402 -0.1808 0.2887
vn 0.9782 -0.2002 -0.0543
vn 0.9560 -0.2852 -0.0692
vn 0.7549 0.3746 -0.5382
vn 0.6920 0.2259 0.6856
vn -0.0867 -0.4626 0.8823
vn -0.7095 -0.3790 0.5941
vn -0.1133 0.0043 0.9935
vn -0.0622 -0.1245 0.9903
vn -0.5751 0.1036 0.8115
vn 0.7604 0.4289 0.4876
vn 0.8637 0.3278 -0.3829
vn 0.8424 0.2704 -0.4661
vn 0.7779 0.2155 -0.5903
vn 0.9661 -0.1049 -0.2358
vn 0.8291 -0.2243 -0.5122
vn 0.6970 -0.6902 -0.1944
vn 0.8569 -0.5152 0.0133
vn -0.1397 0.9504 0.2777
vn 0.9091 -0.3653 -0.2001
vn 0.9474 -0.2560 -0.1923
vn -0.5263 -0.4432 -0.7256
vn -0.4117 0.2153 -0.8855
vn -0.4559 0.1839 -0.8708
vn 0.2099 0.0844 -0.9741
vn 0.7959 0.3806 -0.4709
vn 0.4773 0.6290 -0.6137
vn -0.7100 -0.3798 0.5930
vn -0.7108 -0.3799 0.5920
vn -0.7941 -0.5958 -0.1198
vn -0.8897 -0.4214 -0.1758
vn -0.7117 -0.3800 0.5908
vn 0.4850 0.5930 0.6427
vn 0.7103 0.5813 -0.3970
vn 0.0799 -0.5360 -0.8404
vn -0.5065 0.5288 -0.6811
vn 0.2841 0.3231 -0.9027
vn -0.7118 -0.3310 -0.6195
vn -0.4094 -0.5494 -0.7284
vn -0.1815 0.1811 -0.9666
vn 0.3440 -0.6962 -0.6300
vn -0.8184 -0.5397 -0.1974
vn -0.7388 0.2141 0.6390
vn -0.7462 -0.2957 0.5964
vn -0.3536 -0.3378 0.8723
vn -0.3360 0.1844 0.9236
vn 0.3853 0.5924 0.7076
vn 0.8301 0.4182 -0.3689
vn 0.5086 -0.0041 -0.8610
vn 0.0523 0.1102 -0.9925
vn 0.7434 0.0463 -0.6673
vn 0.5671 -0.6630 -0.4887
vn -0.0964 -0.5789 -0.8096
vn -0.6911 -0.6810 -0.2423
vn -0.9057 -0.0332 0.4227
vn -0.8064 -0.4763 0.3504
vn -0.5226 -0.4849 0.7012
vn -0.6159 -0.0278 0.7873
vn 0.2814 0.5444 0.7903
vn 0.8951 0.4238 -0.1386
vn 0.7230 0.0189 -0.6906
vn -0.2713 0.0459 -0.9614
vn -0.7564 -0.0891 -0.6480
vn -0.9493 -0.2147 0.2295
vn -0.4317 -0.1968 0.8803
vn -0.9475 -0.1503 0.2823
vn -0.8412 -0.1039 -0.5306
vn -0.3069 -0.0073 -0.9517
vn 0.7884 -0.0124 -0.6151
vn 0.9856 0.0133 -0.1686
vn 0.9434 -0.1713 -0.2838
vn 0.9257 0.1171 -0.3598
vn 0.9373 -0.0213 0.3478
vn 0.9375 -0.1342 0.3209
vn 0.8700 0.0278 0.4923
vn 0.4993 -0.0458 0.8652
vn -0.4945 -0.1501 0.8561
vn -0.9179 -0.2056 0.3395
vn -0.9216 -0.1980 0.3337
vn -0.9217 -0.1979 0.3337
vn -0.9219 -0.1976 0.3334
vn -0.8676 -0.0586 -0.4939
vn -0.8890 0.0212 -0.4574
vn -0.3163 0.0497 -0.9473
vn 0.8714 -0.0489 -0.4881
vn 0.7904 0.3263 -0.5184
vn -0.1034 0.2362 -0.9662
vn -0.8851 -0.1872 -0.4260
vn -0.8802 -0.3382 0.3331
vn -0.4716 -0.4186 0.7761
vn 0.5396 -0.3304 0.7744
vn 0.8773 -0.2016 0.4355
vn 0.9662 0.1910 0.1732
vn 0.9617 0.1545 -0.2263
vn 0.7850 0.0209 0.6192
vn 0.3995 -0.0868 0.9126
vn -0.4847 -0.2160 0.8476
vn -0.8794 -0.1787 0.4413
vn -0.9574 -0.0535 -0.2836
vn -0.6145 0.1645 0.7716
vn -0.3486 0.0333 0.9367
vn -0.4253 0.2598 0.8669
vn 0.4834 0.0742 0.8723
vn 0.3631 0.0684 0.9292
vn 0.4876 -0.0406 0.8721
vn 0.9481 -0.0716 0.3096
vn 0.9088 0.0650 0.4121
vn 0.8787 -0.1941 0.4361
vn 0.9899 -0.0715 -0.1227
vn 0.9916 -0.1188 -0.0516
vn 0.9852 -0.1290 -0.1125
vn 0.6302 -0.0627 -0.7739
vn 0.5080 -0.2422 -0.8266
vn 0.4967 -0.0933 -0.8629
vn -0.4404 -0.1453 -0.8859
vn -0.4396 -0.1513 -0.8853
vn -0.3702 -0.0475 -0.9277
vn -0.9620 -0.0713 -0.2637
vn -0.9552 -0.1307 -0.2657
vn -0.9510 -0.0988 -0.2929
vn -0.9105 0.0121 0.4133
vn -0.9323 -0.0905 0.3501
vn -0.9411 0.0024 0.3383
vn -0.5366 -0.0594 0.8417
vn 0.3697 -0.0440 0.9281
vn 0.8362 -0.0568 0.5455
vn 0.9962 -0.0613 -0.0617
vn 0.9493 -0.0506 0.3104
vn 0.4915 -0.0631 -0.8686
vn 0.2058 0.0975 -0.9737
vn 0.1127 0.0719 -0.9910
vn -0.9793 -0.0281 -0.2006
vn -0.1034 -0.0267 -0.9943
vn 0.6403 -0.2110 -0.7386
vn -0.3465 -0.2235 -0.9110
vn -0.9536 -0.1282 -0.2725
vn -0.9665 -0.1033 -0.2351
vn -0.9033 -0.0774 0.4221
vn -0.9380 0.1863 0.2922
vn -0.3023 0.6539 0.6936
vn 0.4553 0.7153 0.5302
vn 0.9256 0.3340 0.1783
vn -0.9689 0.1533 -0.1944
vn 0.3950 0.3477 -0.8503
vn -0.4835 0.2734 -0.8316
vn -0.9283 0.3296 0.1719
vn -0.3577 0.8178 0.4509
vn 0.3762 0.8127 0.4450
vn 0.9294 0.3519 0.1112
vn -0.8509 0.4874 -0.1962
vn -0.8716 0.4780 0.1084
vn -0.9819 0.1851 -0.0400
vn -0.9995 0.0263 -0.0186
vn -0.9972 -0.0559 -0.0497
vn -0.5865 -0.2359 -0.7748
vn 0.9261 0.2876 -0.2443
vn 0.3440 -0.2005 -0.9173
vn 0.9755 -0.0579 -0.2121
vn 0.5643 0.8234 0.0596
vn 0.7190 0.6823 0.1323
vn 0.9767 0.0156 -0.2138
vn 0.9792 -0.0861 -0.1840
vn 0.5827 0.8033 0.1234
vn 0.3787 0.8966 0.2297
vn -0.3494 0.9277 0.1312
vn -0.6473 0.0223 0.7619
vn -0.9863 0.1645 0.0082
vn 0.5601 -0.0177 0.8283
vn 0.9780 0.0513 0.2022
vn -0.0087 -0.9991 0.0421
vn 0.0371 -0.9984 0.0426
vn 0.0597 -0.9943 -0.0885
vn -0.0896 -0.9911 -0.0988
vn 0.1048 -0.9928 -0.0575
vn -0.0995 -0.9950 0.0001
vn 0.0528 -0.9986 0.0066
vn -0.0062 -1.0000 0.0022
vn 0.1242 -0.2424 0.9622
vn 0.5313 -0.2051 0.8220
vn 0.8588 -0.3392 0.3839
vn 0.6528 -0.3151 -0.6889
vn 0.0786 0.9470 -0.3116
vn 0.6031 0.5977 -0.5283
vn 0.6706 0.3612 -0.6479
vn 0.7057 -0.0208 -0.7082
vn 0.6377 -0.3167 -0.7022
vn 0.8562 0.2441 0.4553
vn 0.8965 -0.0696 0.4374
vn 0.8983 0.0551 0.4359
vn 0.8755 -0.3157 0.3659
vn 0.4574 0.0646 0.8869
vn 0.4781 -0.1654 0.8626
vn 0.4494 0.2820 0.8477
vn 0.5119 -0.3605 0.7797
vn 0.1727 -0.3701 -0.9128
vn 0.2029 0.0288 -0.9788
vn 0.1850 0.4796 -0.8577
vn 0.1976 -0.3103 -0.9299
vn 0.1621 0.6793 -0.7157
vn -0.0039 -0.9729 -0.2311
vn -0.0000 -0.9729 -0.2311
vn 0.6766 0.5920 0.4379
vn 0.8115 -0.2764 -0.5149
vn 0.8615 -0.0689 -0.5031
vn 0.8482 0.2235 -0.4803
vn 0.7604 0.5483 -0.3481
vn 0.7827 -0.3654 -0.5038
vn 0.9968 -0.0549 0.0587
vn 0.9705 -0.2402 -0.0197
vn 0.9224 -0.3607 -0.1384
vn 0.9168 0.3712 0.1472
vn 0.9959 -0.0214 0.0884
vn 0.4123 0.8459 -0.3383
vn 0.6146 0.7743 -0.1508
vn 0.2943 0.9506 -0.0983
vn 0.3033 0.9429 0.1373
vn 0.2652 0.7211 0.6400
vn 0.0968 0.9584 0.2685
vn 0.0629 0.9879 -0.1419
vn 0.7347 0.6737 0.0800
vn 0.4556 -0.8826 0.1160
vn 0.6534 -0.6049 -0.4552
vn 0.6324 -0.6146 0.4715
vn 0.1577 -0.9860 0.0545
vn 0.2048 0.0003 -0.9788
vn 0.9633 -0.2167 -0.1583
vn 0.8382 -0.0714 -0.5407
vn 0.9191 0.0698 -0.3878
vn 0.8312 0.2415 -0.5007
vn 0.7507 0.1002 -0.6530
vn 0.6992 0.6650 -0.2624
vn 0.8482 0.4706 -0.2432
vn 0.3334 -0.0259 0.9424
vn 0.9763 0.1654 0.1397
vn 0.9065 -0.2383 0.3485
vn 0.0149 0.5887 -0.8082
vn 0.7071 -0.0186 0.7068
vn 0.6299 0.5865 -0.5091
vn -0.5739 0.6992 -0.4264
vn -0.8240 -0.5652 -0.0394
vn -0.5479 0.7119 -0.4394
vn 0.7998 0.5620 0.2110
vn 0.5065 -0.7480 0.4290
vn 0.1261 -0.4032 -0.9064
vn -0.1000 0.4878 0.8672
vn -0.2046 0.6612 0.7218
vn -0.0846 0.4965 0.8639
vn 0.0298 -0.2673 -0.9632
vn 0.1439 -0.4390 -0.8869
vn 0.6775 0.7210 0.1455
vn 0.7385 0.6413 0.2082
vn -0.8178 -0.5752 -0.0189
vn -0.8171 -0.5762 -0.0210
vn -0.8163 -0.5772 -0.0232
vn -0.8560 -0.4949 0.1494
vn -0.8332 -0.5523 0.0277
vn -0.8691 -0.4748 0.1384
vn -0.8410 -0.5401 0.0332
vn 0.8620 0.4181 -0.2865
vn 0.8416 0.5347 -0.0767
vn 0.8076 0.4815 -0.3405
vn 0.8101 0.5781 -0.0981
vn 0.4767 -0.7604 0.4411
vn 0.5230 -0.7368 0.4284
vn 0.8983 0.3838 -0.2139
vn 0.8928 0.4499 -0.0203
vn -0.5424 0.6584 -0.5218
vn -0.5688 0.6579 -0.4936
vn -0.8678 -0.4793 0.1310
vn -0.8489 -0.5286 0.0033
vn -0.2207 0.3816 0.8976
vn 0.2832 -0.8557 0.4331
vn -0.2832 0.8557 -0.4331
vn 0.9190 0.3883 0.0690
vn -0.9190 -0.3883 -0.0690
vn 0.2130 -0.3780 -0.9010
vn 0.4509 -0.7862 0.4225
vn -0.2452 0.3584 0.9008
vn -0.4509 0.7862 -0.4225
vn 0.8674 0.4946 -0.0546
vn -0.8664 -0.4969 0.0494
vn 0.2180 -0.4005 -0.8900
vn 0.0675 -0.9037 0.4228
vn -0.2180 0.4005 0.8900
vn -0.0675 0.9037 -0.4228
vn 0.9679 0.1957 0.1576
vn -0.9679 -0.1957 -0.1576
vn 0.2191 -0.4392 -0.8713
vn 0.2482 -0.8731 0.4195
vn -0.2414 0.3744 0.8953
vn -0.2483 0.8731 -0.4195
vn 0.9485 0.3143 0.0387
vn -0.9476 -0.3165 -0.0437
vn 0.1659 -0.4770 -0.8631
vn -0.2157 -0.8971 0.3856
vn -0.1914 0.3712 0.9086
vn 0.2157 0.8971 -0.3856
vn 0.9594 -0.1154 0.2574
vn -0.9736 0.0412 -0.2247
vn 0.2086 -0.6507 -0.7301
vn 0.0695 -0.9099 0.4091
vn -0.2318 0.3942 0.8893
vn -0.0701 0.9098 -0.4091
vn 0.9827 0.1505 0.1082
vn -0.9818 -0.1526 -0.1130
vn -0.1668 0.4749 0.8641
vn 0.2491 -0.3369 0.9080
vn -0.4279 0.8212 0.3776
vn -0.0962 0.4468 0.8895
vn 0.8131 0.5821 0.0079
vn -0.8355 -0.5455 0.0659
vn -0.0698 -0.4519 0.8894
vn -0.1443 -0.5279 0.8370
vn 0.4017 -0.7968 -0.4514
vn -0.4038 0.8021 0.4400
vn 0.8811 0.2865 0.3763
vn -0.8819 -0.2816 -0.3782
vn -0.2946 -0.5981 0.7453
vn -0.3002 -0.6561 0.6924
vn 0.3676 -0.8021 -0.4707
vn -0.4068 0.7238 0.5574
vn 0.7159 -0.0479 0.6965
vn -0.7533 0.0050 -0.6577
vn 0.0325 0.5850 0.8104
vn -0.0124 0.4676 0.8838
vn -0.1292 0.3383 0.9321
vn -0.6046 0.3011 0.7374
vn -0.4880 0.6152 0.6193
vn -0.2234 0.7463 0.6270
vn -0.3723 0.8821 0.2886
vn -0.3254 0.8044 0.4971
vn -0.5337 0.7991 0.2769
vn -0.6063 0.0438 0.7941
vn -0.7004 0.4234 0.5746
vn -0.8441 0.3314 0.4216
vn -0.7125 -0.2640 -0.6501
vn -0.6909 0.2182 0.6893
vn -0.9158 -0.3960 0.0672
vn -0.8741 0.1613 0.4582
vn -0.0256 -0.5447 -0.8382
vn -0.1393 -0.1293 -0.9818
vn 0.0582 -0.3781 -0.9239
vn 0.0201 -0.0632 -0.9978
vn -0.3681 -0.5881 -0.7202
vn -0.0272 -0.3486 -0.9369
vn -0.3748 -0.3152 -0.8719
vn -0.3750 -0.3365 -0.8638
vn -0.3820 -0.3112 -0.8702
vn -0.9416 -0.2662 -0.2060
vn -0.9457 -0.2677 -0.1845
vn -0.9407 -0.2756 -0.1976
vn -0.9550 -0.1504 0.2557
vn -0.9392 -0.2292 0.2557
vn -0.9557 -0.2027 0.2133
vn -0.4086 -0.0210 0.9125
vn -0.3235 -0.1152 0.9392
vn -0.4962 -0.1186 0.8601
vn -0.2023 0.0372 0.9786
vn -0.0272 -0.0589 0.9979
vn -0.3075 -0.1165 0.9444
vn -0.4698 -0.0120 0.8827
vn 0.3063 0.0999 0.9467
vn -0.0133 0.5865 0.8098
vn 0.1507 0.5728 0.8057
vn 0.0559 0.6086 0.7915
vn 0.0496 0.5250 0.8496
vn 0.1523 0.5981 0.7869
vn 0.2435 0.1327 0.9608
vn -0.1508 0.0866 0.9848
vn -0.1951 0.0039 0.9808
vn -0.1586 0.0086 0.9873
vn -0.0905 -0.1365 0.9865
vn -0.1206 -0.5493 0.8269
vn -0.6983 -0.7066 -0.1145
vn 0.3905 -0.1769 0.9035
vn -0.6442 -0.6450 0.4111
vn -0.5892 0.0046 0.8080
vn -0.5562 -0.0090 0.8310
vn -0.4111 -0.2086 0.8874
vn -0.3872 0.0749 0.9189
vn -0.2203 0.5585 0.7997
vn 0.0390 0.6172 0.7858
vn -0.1865 0.5837 0.7902
vn -0.7870 -0.1574 0.5965
vn -0.3458 0.7628 0.5463
vn -0.4073 0.7847 0.4674
vn -0.4614 0.7844 0.4145
vn -0.7183 0.5763 0.3898
vn -0.3304 0.8523 0.4055
vn -0.2344 0.7197 0.6535
vn -0.5666 0.8223 0.0520
vn -0.5733 0.8165 0.0677
vn -0.5889 0.8062 0.0559
vn -0.2618 0.7814 -0.5665
vn -0.3527 0.7717 -0.5293
vn -0.5486 0.5034 -0.6676
vn -0.2663 0.6024 -0.7525
vn 0.0875 0.4019 -0.9115
vn 0.2732 0.4108 -0.8698
vn 0.2545 0.5413 -0.8014
vn -0.0414 0.3617 -0.9314
vn 0.1449 0.4826 -0.8638
vn 0.0702 0.3913 -0.9176
vn -0.1338 0.5977 -0.7905
vn -0.1364 0.7365 -0.6625
vn -0.5816 0.8124 0.0421
vn -0.4823 0.8740 -0.0587
vn -0.5365 0.8306 -0.1489
vn -0.4966 0.7358 -0.4604
vn -0.0170 0.4904 -0.8713
vn -0.2619 -0.1207 -0.9575
vn -0.1020 -0.4178 -0.9028
vn -0.5582 -0.1334 -0.8189
vn -0.4555 -0.5559 -0.6954
vn -0.4111 -0.3161 -0.8550
vn -0.0784 -0.3138 -0.9463
vn -0.1340 0.0842 -0.9874
vn -0.0852 0.2602 -0.9618
vn 0.0655 0.4054 -0.9118
vn 0.0192 -0.5235 -0.8518
vn -0.2211 0.4094 -0.8852
vn -0.1180 0.1878 -0.9751
vn -0.4258 0.1430 -0.8934
vn -0.3430 -0.2945 -0.8920
vn -0.9271 -0.2622 -0.2680
vn -0.9521 0.0264 -0.3046
vn -0.6675 0.2984 -0.6821
vn -0.1651 -0.0988 -0.9813
vn -0.0510 -0.1987 -0.9787
vn -0.0471 -0.0882 -0.9950
vn 0.1636 -0.6061 -0.7784
vn 0.2747 -0.9427 -0.1896
vn -0.8309 -0.5465 -0.1043
vn -0.8905 -0.4518 -0.0542
vn 0.9778 -0.1583 0.1374
vn -0.2359 0.0072 0.9717
vn -0.9422 -0.2174 0.2548
vn -0.9572 0.0420 0.2865
vn -0.9783 -0.0537 0.2001
vn -0.9725 -0.1278 0.1948
vn -0.9667 0.1131 -0.2296
vn -0.7887 0.3248 -0.5219
vn -0.8266 -0.0162 -0.5625
vn 0.1464 0.2029 -0.9682
vn 0.9495 0.2307 -0.2128
vn -0.9716 0.1587 -0.1754
vn -0.9583 0.2305 -0.1687
vn -0.8988 0.1802 0.3997
vn -0.3466 -0.2319 0.9089
vn -0.2884 -0.0934 0.9529
vn 0.4825 -0.1867 0.8557
vn 0.9632 -0.1851 0.1951
vn 0.5636 0.0208 -0.8258
vn 0.2894 0.1020 -0.9518
vn -0.6373 0.1536 -0.7551
vn -0.9844 0.0296 -0.1735
vn -0.9400 0.0532 0.3371
vn -0.9369 -0.1250 0.3266
vn -0.9767 -0.0309 -0.2126
vn -0.7447 -0.0438 -0.6660
vn 0.1348 -0.1343 -0.9817
vn 0.6670 -0.1718 -0.7250
vn 0.4630 -0.2210 0.8584
vn -0.3969 -0.1963 0.8966
vn -0.8742 -0.1458 0.4631
vn -0.9807 -0.0664 -0.1837
vn -0.5029 0.5507 0.6662
vn -0.5080 0.5434 0.6683
vn -0.7203 0.2366 0.6521
vn -0.9226 -0.2087 0.3244
vn -0.9402 -0.1808 0.2887
vn -0.9782 -0.2002 -0.0543
vn -0.9560 -0.2852 -0.0692
vn -0.7549 0.3746 -0.5382
vn -0.6920 0.2259 0.6856
vn 0.5045 0.2346 0.8309
vn 0.1133 0.0043 0.9935
vn 0.7095 -0.3791 0.5941
vn 0.0622 -0.1245 0.9903
vn 0.2445 -0.6259 0.7406
vn -0.7604 0.4289 0.4876
vn -0.8637 0.3278 -0.3829
vn -0.8424 0.2704 -0.4661
vn -0.7779 0.2155 -0.5903
vn -0.7007 -0.5228 -0.4854
vn -0.9695 -0.2363 0.0658
vn -0.8291 -0.2243 -0.5122
vn -0.8569 -0.5153 0.0133
vn 0.1397 0.9504 0.2777
vn -0.9091 -0.3653 -0.2001
vn -0.9474 -0.2560 -0.1923
vn 0.5263 -0.4432 -0.7256
vn 0.5388 0.1130 -0.8348
vn -0.1386 -0.5213 -0.8421
vn -0.1810 0.0747 -0.9806
vn -0.8233 0.4442 -0.3533
vn -0.4773 0.6290 -0.6137
vn 0.7108 -0.3799 0.5920
vn 0.7100 -0.3798 0.5930
vn 0.7941 -0.5958 -0.1198
vn 0.8897 -0.4214 -0.1758
vn 0.7117 -0.3800 0.5908
vn -0.4850 0.5930 0.6427
vn -0.8376 0.4434 -0.3192
vn 0.5235 0.4322 -0.7343
vn -0.2477 0.2092 -0.9460
vn -0.1170 -0.5218 -0.8450
vn 0.7118 -0.3310 -0.6195
vn 0.4094 -0.5494 -0.7284
vn -0.3465 -0.6947 -0.6303
vn 0.1816 0.1810 -0.9666
vn 0.8184 -0.5397 -0.1974
vn 0.3314 -0.3114 0.8906
vn 0.7632 0.1854 0.6190
vn 0.7462 -0.2957 0.5964
vn 0.3360 0.1844 0.9236
vn -0.3853 0.5924 0.7076
vn -0.8301 0.4182 -0.3689
vn -0.5086 -0.0041 -0.8610
vn -0.0522 0.1101 -0.9925
vn -0.0634 0.1183 -0.9909
vn -0.7434 0.0463 -0.6673
vn 0.0964 -0.5789 -0.8096
vn 0.6911 -0.6810 -0.2423
vn 0.5193 -0.4769 0.7092
vn 0.9091 -0.0415 0.4145
vn 0.8064 -0.4763 0.3504
vn 0.6159 -0.0278 0.7873
vn -0.2814 0.5444 0.7903
vn -0.8951 0.4238 -0.1386
vn -0.7230 0.0189 -0.6906
vn 0.2713 0.0459 -0.9614
vn 0.7564 -0.0891 -0.6480
vn 0.9493 -0.2147 0.2295
vn 0.4317 -0.1968 0.8803
vn 0.9475 -0.1503 0.2823
vn 0.8412 -0.1039 -0.5306
vn 0.3069 -0.0073 -0.9517
vn -0.7884 -0.0124 -0.6151
vn -0.9856 0.0133 -0.1686
vn -0.9776 -0.0444 -0.2056
vn -0.9653 0.0961 -0.2429
vn -0.9373 -0.0213 0.3478
vn -0.9375 -0.1342 0.3209
vn -0.8700 0.0278 0.4923
vn -0.4993 -0.0458 0.8652
vn 0.4945 -0.1501 0.8561
vn 0.9179 -0.2056 0.3395
vn 0.9217 -0.1979 0.3337
vn 0.9216 -0.1980 0.3337
vn 0.9219 -0.1976 0.3334
vn 0.8676 -0.0586 -0.4939
vn 0.8890 0.0212 -0.4574
vn 0.3163 0.0497 -0.9473
vn -0.8420 0.0285 -0.5387
vn -0.6636 0.3493 -0.6615
vn 0.1034 0.2362 -0.9662
vn 0.8851 -0.1872 -0.4260
vn 0.8802 -0.3382 0.3331
vn 0.4716 -0.4186 0.7761
vn -0.5396 -0.3304 0.7744
vn -0.8773 -0.2016 0.4355
vn -0.9755 0.1663 0.1438
vn -0.9921 0.1256 -0.0002
vn -0.8352 0.0153 0.5497
vn -0.3995 -0.0868 0.9126
vn 0.4847 -0.2160 0.8476
vn 0.8977 -0.1855 0.3997
vn 0.9537 -0.0744 -0.2916
vn 0.3401 0.0569 0.9387
vn 0.4253 0.2598 0.8669
vn 0.6235 0.1385 0.7695
vn -0.4834 0.0742 0.8723
vn -0.3800 0.0859 0.9210
vn -0.4707 -0.0582 0.8804
vn -0.9481 -0.0716 0.3096
vn -0.9280 0.0191 0.3722
vn -0.9132 -0.1348 0.3846
vn -0.9748 -0.2205 0.0336
vn -0.9852 -0.1290 -0.1125
vn -0.9995 0.0263 -0.0185
vn -0.5163 -0.2495 -0.8192
vn -0.4967 -0.0933 -0.8629
vn -0.6218 -0.0562 -0.7812
vn 0.4404 -0.1453 -0.8859
vn 0.3702 -0.0475 -0.9277
vn 0.2749 -0.1356 -0.9519
vn 0.9577 -0.1241 -0.2596
vn 0.9510 -0.0988 -0.2929
vn 0.9609 -0.0639 -0.2696
vn 0.9488 -0.0409 0.3133
vn 0.9411 0.0024 0.3383
vn 0.9212 -0.0269 0.3881
vn 0.5366 -0.0594 0.8417
vn -0.3697 -0.0440 0.9281
vn -0.8915 -0.0433 0.4510
vn -0.9891 -0.0639 0.1324
vn -0.9849 -0.0797 0.1538
vn -0.4915 -0.0631 -0.8686
vn -0.1803 0.0874 -0.9797
vn -0.1127 0.0719 -0.9910
vn 0.9897 -0.0428 -0.1365
vn 0.1034 -0.0267 -0.9943
vn -0.6403 -0.2110 -0.7386
vn 0.3465 -0.2235 -0.9110
vn 0.9728 -0.1155 -0.2007
vn 0.9680 -0.0889 -0.2348
vn 0.9287 -0.0720 0.3638
vn 0.9380 0.1863 0.2922
vn 0.3023 0.6539 0.6936
vn -0.4553 0.7153 0.5302
vn -0.9256 0.3340 0.1783
vn 0.9689 0.1533 -0.1944
vn -0.3950 0.3477 -0.8503
vn 0.4835 0.2734 -0.8316
vn 0.9283 0.3296 0.1719
vn 0.3577 0.8178 0.4509
vn -0.3762 0.8127 0.4450
vn -0.9294 0.3519 0.1112
vn 0.8509 0.4874 -0.1962
vn 0.8716 0.4780 0.1084
vn 0.9819 0.1851 -0.0400
vn 0.9995 0.0263 -0.0186
vn 0.9972 -0.0559 -0.0497
vn 0.5865 -0.2359 -0.7748
vn -0.9261 0.2876 -0.2443
vn -0.3440 -0.2005 -0.9173
vn -0.9755 -0.0579 -0.2121
vn -0.5643 0.8234 0.0596
vn -0.7190 0.6823 0.1323
vn -0.9767 0.0156 -0.2138
vn -0.9792 -0.0861 -0.1840
vn -0.5827 0.8033 0.1234
vn -0.3787 0.8966 0.2297
vn 0.3494 0.9277 0.1312
vn 0.6473 0.0223 0.7619
vn 0.9863 0.1645 0.0082
vn -0.5601 -0.0177 0.8283
vn -0.9780 0.0513 0.2022
vn 0.0087 -0.9991 0.0421
vn -0.0371 -0.9984 0.0426
vn -0.0597 -0.9943 -0.0885
vn 0.0896 -0.9911 -0.0988
vn -0.1048 -0.9928 -0.0575
vn 0.0995 -0.9950 0.0001
vn -0.0528 -0.9986 0.0066
vn 0.0062 -1.0000 0.0022
vn -0.1242 -0.2424 0.9622
vn -0.5313 -0.2051 0.8220
vn -0.8588 -0.3392 0.3839
vn -0.6528 -0.3151 -0.6889
vn -0.0786 0.9470 -0.3116
vn -0.6031 0.5977 -0.5283
vn -0.6706 0.3612 -0.6479
vn -0.7057 -0.0208 -0.7082
vn -0.6377 -0.3167 -0.7022
vn -0.8562 0.2441 0.4553
vn -0.8965 -0.0696 0.4374
vn -0.8983 0.0551 0.4359
vn -0.8755 -0.3157 0.3659
vn -0.4574 0.0646 0.8869
vn -0.4781 -0.1654 0.8626
vn -0.4494 0.2820 0.8477
vn -0.5119 -0.3605 0.7797
vn -0.1727 -0.3701 -0.9128
vn -0.2029 0.0288 -0.9788
vn -0.1850 0.4796 -0.8577
vn -0.1976 -0.3103 -0.9299
vn -0.1621 0.6793 -0.7157
vn 0.0039 -0.9729 -0.2311
vn -0.6766 0.5920 0.4379
vn -0.8115 -0.2764 -0.5149
vn -0.8615 -0.0689 -0.5031
vn -0.8482 0.2235 -0.4803
vn -0.7604 0.5483 -0.3481
vn -0.7827 -0.3654 -0.5038
vn -0.9968 -0.0549 0.0587
vn -0.9705 -0.2402 -0.0197
vn -0.9224 -0.3607 -0.1384
vn -0.9168 0.3712 0.1472
vn -0.9959 -0.0214 0.0884
vn -0.4123 0.8459 -0.3383
vn -0.6146 0.7743 -0.1508
vn -0.2943 0.9506 -0.0983
vn -0.3033 0.9429 0.1373
vn -0.2652 0.7211 0.6400
vn -0.0968 0.9584 0.2685
vn -0.0629 0.9879 -0.1419
vn -0.7347 0.6737 0.0800
vn -0.4639 -0.8190 0.3377
vn -0.5642 -0.7795 -0.2721
vn -0.8885 -0.0902 0.4500
vn -0.1577 -0.9860 0.0545
vn -0.2048 0.0003 -0.9788
vn -0.9859 -0.1023 -0.1324
vn -0.8430 0.2325 -0.4850
vn -0.8379 -0.0924 -0.5379
vn -0.9245 0.0411 -0.3790
vn -0.7507 0.1002 -0.6530
vn -0.5867 0.7870 -0.1907
vn -0.8481 0.5299 0.0049
vn -0.3334 -0.0259 0.9424
vn -0.8709 0.4458 0.2069
vn -0.9441 -0.0783 0.3204
vn -0.0149 0.5887 -0.8082
vn -0.7045 -0.0252 0.7093
vn -0.6299 0.5865 -0.5091
vn 0.5739 0.6992 -0.4264
vn 0.8240 -0.5652 -0.0394
vn 0.5479 0.7119 -0.4394
vn -0.7998 0.5620 0.2110
vn -0.5065 -0.7480 0.4290
vn -0.1261 -0.4032 -0.9064
vn 0.1000 0.4878 0.8672
vn 0.2046 0.6612 0.7218
vn 0.0846 0.4965 0.8639
vn -0.0298 -0.2673 -0.9632
vn -0.1439 -0.4390 -0.8869
vn -0.6775 0.7210 0.1455
vn -0.7385 0.6413 0.2082
vn 0.8178 -0.5752 -0.0189
vn 0.8171 -0.5762 -0.0210
vn 0.8163 -0.5772 -0.0232
vn 0.8560 -0.4949 0.1494
vn 0.8332 -0.5523 0.0277
vn 0.8691 -0.4748 0.1384
vn 0.8410 -0.5401 0.0332
vn -0.8620 0.4181 -0.2865
vn -0.8416 0.5347 -0.0767
vn -0.8076 0.4815 -0.3405
vn -0.8101 0.5781 -0.0981
vn -0.4767 -0.7604 0.4411
vn -0.5230 -0.7368 0.4284
vn -0.8983 0.3838 -0.2139
vn -0.8928 0.4499 -0.0203
vn 0.5424 0.6584 -0.5218
vn 0.5688 0.6579 -0.4936
vn 0.8678 -0.4793 0.1310
vn 0.8489 -0.5286 0.0033
vn -0.2207 -0.3816 -0.8976
vn -0.2832 -0.8557 0.4331
vn 0.2207 0.3816 0.8976
vn 0.2832 0.8557 -0.4331
vn -0.9190 0.3883 0.0690
vn 0.9190 -0.3883 -0.0690
vn -0.2130 -0.3780 -0.9010
vn -0.4509 -0.7862 0.4225
vn 0.2452 0.3584 0.9008
vn 0.4509 0.7862 -0.4225
vn -0.8674 0.4946 -0.0546
vn 0.8664 -0.4969 0.0494
vn -0.2180 -0.4005 -0.8900
vn -0.0675 -0.9037 0.4228
vn 0.2180 0.4005 0.8900
vn 0.0675 0.9037 -0.4228
vn -0.9679 0.1957 0.1576
vn 0.9679 -0.1957 -0.1576
vn -0.2191 -0.4392 -0.8713
vn -0.2482 -0.8731 0.4195
vn 0.2414 0.3744 0.8953
vn 0.2483 0.8731 -0.4195
vn -0.9485 0.3143 0.0387
vn 0.9476 -0.3165 -0.0437
vn -0.1659 -0.4770 -0.8631
vn 0.2157 -0.8971 0.3856
vn 0.1914 0.3712 0.9086
vn -0.2157 0.8971 -0.3856
vn -0.9594 -0.1154 0.2574
vn 0.9736 0.0412 -0.2247
vn -0.2086 -0.6507 -0.7301
vn -0.0695 -0.9099 0.4091
vn 0.2318 0.3942 0.8893
vn 0.0701 0.9098 -0.4091
vn -0.9827 0.1505 0.1082
vn 0.9818 -0.1526 -0.1130
vn 0.1668 0.4749 0.8641
vn -0.2491 -0.3369 0.9080
vn 0.4279 0.8212 0.3776
vn 0.0962 0.4468 0.8895
vn -0.8131 0.5821 0.0079
vn 0.8355 -0.5455 0.0659
vn 0.0698 -0.4519 0.8894
vn 0.1443 -0.5279 0.8370
vn -0.4017 -0.7968 -0.4514
vn 0.4038 0.8021 0.4400
vn -0.8811 0.2865 0.3763
vn 0.8819 -0.2816 -0.3782
vn 0.2946 -0.5981 0.7453
vn 0.3002 -0.6561 0.6924
vn -0.3676 -0.8021 -0.4707
vn 0.4068 0.7238 0.5574
vn -0.7159 -0.0479 0.6965
vn 0.7533 0.0050 -0.6577
vt 0.000000 0.000000
vt 1.000000 0.000000
vt 1.000000 1.000000
vt 0.097989 1.000000
vt 0.042556 0.042556
vt 1.000000 0.900000
vt 0.903755 1.000000
vt 0.897899 0.900000
vt 0.772576 1.000000
vt 0.791823 0.900000
vt 0.631606 0.900000
vt 0.629690 1.000000
vt 0.584311 1.000000
vt 0.571679 0.900000
vt 0.750000 0.125878
vt 0.849593 0.126963
vt 0.848965 0.051611
vt 0.750000 0.033767
vt 0.641874 0.500000
vt 0.635621 0.600000
vt 0.568086 0.600000
vt 0.573778 0.500000
vt 0.635925 0.700000
vt 0.571679 0.700000
vt 0.635925 0.800000
vt 0.571679 0.800000
vt 0.880409 0.500000
vt 0.880409 0.600000
vt 0.784316 0.600000
vt 0.776839 0.500000
vt 0.880409 0.700000
vt 0.800122 0.700000
vt 0.880409 0.800000
vt 0.788925 0.800000
vt 1.000000 0.500000
vt 1.000000 0.600000
vt 1.000000 0.700000
vt 1.000000 0.800000
vt 0.500000 0.900000
vt 0.500000 0.800000
vt 0.500000 0.700000
vt 0.500000 0.600000
vt 0.500000 1.000000
vt 0.500000 0.500000
vt 0.378352 0.428189
vt 0.250000 0.490000
vt 0.250000 0.033767
vt 0.363092 0.054159
vt 0.406507 0.101381
vt 0.464658 0.172489
vt 0.462701 0.268880
vt 0.896083 0.324305
vt 0.907080 0.414354
vt 0.963690 0.285502
vt 0.938411 0.262828
vt 0.707302 0.800000
vt 0.707455 0.900000
vt 0.714286 0.700000
vt 0.714286 0.600000
vt 0.714286 0.500000
vt 0.693067 1.000000
vt 0.925896 0.148339
vt 0.918164 0.114061
vt 0.938888 0.222527
vt 0.983983 0.196595
vt 0.881486 0.228028
vt 0.750000 0.490000
vt 0.750000 0.375942
vt 0.750000 0.248637
vt 0.922146 1.000000
vt 0.805476 1.000000
vt 0.456958 0.314996
vt 0.479542 0.216052
vt 0.418164 0.114061
vt 0.641874 1.000000
vt 0.482937 0.201178
vt 0.414749 0.109327
vt 0.859652 1.000000
vt 0.469099 0.261803
vt 0.743443 1.000000
vt 0.638561 1.000000
vt 0.562312 0.166667
vt 0.625000 0.166667
vt 0.625000 0.250000
vt 0.562312 0.250000
vt 0.625000 0.500000
vt 0.562312 0.500000
vt 0.562312 0.666667
vt 0.625000 0.666667
vt 0.625000 0.750000
vt 0.562312 0.750000
vt 0.625000 1.000000
vt 0.562312 1.000000
vt 0.125000 0.665100
vt 0.375000 0.665100
vt 0.375000 0.750000
vt 0.125000 0.750000
vt 0.875000 0.666667
vt 0.875000 0.750000
vt 0.875000 0.500000
vt 0.875000 0.583333
vt 0.625000 0.583333
vt 0.125000 0.500000
vt 0.375000 0.500000
vt 0.375000 0.583333
vt 0.125000 0.583333
vt 0.562312 0.583333
vt 0.562312 0.000000
vt 0.625000 0.000000
vt 0.625000 0.083333
vt 0.562312 0.083333
vt 0.375000 0.084900
vt 0.430607 0.083333
vt 0.430607 0.166667
vt 0.375000 0.166667
vt 0.375000 0.000000
vt 0.430607 0.000000
vt 0.432306 0.583333
vt 0.427473 0.666578
vt 0.430607 0.500000
vt 0.427839 0.750000
vt 0.430607 1.000000
vt 0.375000 1.000000
vt 0.375000 0.250000
vt 0.430607 0.250000
vt 0.433791 0.000000
vt 0.433791 0.250000
vt 0.433791 0.500000
vt 0.433791 0.750000
vt 0.433791 1.000000
vt 0.125413 0.501886
vt 0.125413 0.751886
vt 0.433791 0.250000
vt 0.432076 0.498413
vt 0.432052 0.751563
vt 0.124278 0.500824
vt 0.124278 0.750833
vt 0.433742 0.257065
vt 0.625000 0.257110
vt 0.133032 0.500755
vt 0.867890 0.500000
vt 0.433021 0.013564
vt 0.433465 0.297230
vt 0.625000 0.297531
vt 0.624381 0.013427
vt 0.433719 0.989673
vt 0.625000 0.989608
vt 0.182798 0.500366
vt 0.137071 0.750863
vt 0.864608 0.750000
vt 0.827469 0.500000
vt 0.458194 0.000000
vt 0.458193 0.250000
vt 0.458194 0.500000
vt 0.458194 0.750000
vt 0.458194 1.000000
vt 0.130409 0.501318
vt 0.142517 0.743313
vt 0.458193 0.250000
vt 0.458194 0.500000
vt 0.458193 0.250000
vt 0.458193 0.500000
vt 0.458193 0.250000
vt 0.458194 0.500000
vt 0.458194 0.250000
vt 0.458193 0.500000
s 1
usemtl Skin
f 521/10/675 898/10/675 917/10/675
f 917/10/676 523/10/676 522/10/676 521/10/676
f 523/10/677 552/10/677 551/10/677 522/10/677
f 520/10/678 521/10/678 522/10/678 670/10/678
f 909/10/722 515/10/722 516/10/722 911/10/722
f 516/10/730 515/10/730 517/10/730 532/10/730
f 516/10/731 532/10/731 531/10/731 525/10/731
f 516/10/732 525/10/732 923/10/732 911/10/732
f 923/10/733 525/10/733 922/10/733
f 524/10/734 922/10/734 525/10/734 526/10/734
f 922/10/735 524/10/735 921/10/735
f 524/10/736 523/10/736 917/10/736 921/10/736
f 523/10/737 524/10/737 527/10/737 552/10/737
f 550/10/738 670/10/738 522/10/738 551/10/738
f 520/10/739 670/10/739 534/10/739 519/10/739
f 518/10/744 533/10/744 532/10/744 517/10/744
f 532/10/745 533/10/745 531/10/745
f 525/10/746 531/10/746 530/10/746 526/10/746
f 531/10/747 533/10/747 530/10/747
f 519/10/748 534/10/748 533/10/748 518/10/748
f 534/10/749 540/10/749 535/10/749 533/10/749
f 534/10/750 670/10/750 550/10/750 540/10/750
f 549/10/751 548/10/751 554/10/751 555/10/751
f 548/10/752 549/10/752 550/10/752 551/10/752
f 547/10/753 548/10/753 551/10/753 552/10/753
f 527/10/754 528/10/754 547/10/754 552/10/754
f 526/10/755 529/10/755 527/10/755 524/10/755
f 529/10/756 526/10/756 530/10/756 536/10/756
f 530/10/757 533/10/757 535/10/757 536/10/757
f 539/10/758 535/10/758 540/10/758 541/10/758
f 540/10/759 550/10/759 549/10/759 541/10/759
f 542/10/760 541/10/760 549/10/760 555/10/760
f 539/10/761 541/10/761 542/10/761 543/10/761
f 535/10/762 539/10/762 538/10/762 536/10/762
f 536/10/763 538/10/763 537/10/763 529/10/763
f 528/10/764 527/10/764 529/10/764 537/10/764
f 548/10/765 547/10/765 553/10/765 554/10/765
f 554/10/766 557/10/766 556/10/766 555/10/766
f 556/10/767 563/10/767 542/10/767 555/10/767
f 542/10/768 563/10/768 562/10/768 543/10/768
f 473/10/791 476/10/791 475/10/791 474/10/791
f 465/10/799 464/10/799 473/10/799 474/10/799
f 544/10/833 538/10/833 539/10/833 543/10/833
f 545/10/834 537/10/834 538/10/834 544/10/834
f 546/10/835 528/10/835 537/10/835 545/10/835
f 553/10/836 547/10/836 528/10/836 546/10/836
f 553/10/837 558/10/837 557/10/837 554/10/837
f 558/10/838 553/10/838 546/10/838 559/10/838
f 545/10/839 560/10/839 559/10/839 546/10/839
f 544/10/840 561/10/840 560/10/840 545/10/840
f 543/10/841 562/10/841 561/10/841 544/10/841
f 563/10/842 567/10/842 562/10/842
f 566/10/843 562/10/843 567/10/843
f 566/10/844 567/10/844 565/10/844
f 565/10/845 567/10/845 564/10/845
f 564/10/846 567/10/846 563/10/846
f 563/10/847 556/10/847 564/10/847
f 557/10/848 574/10/848 564/10/848 556/10/848
f 557/10/849 558/10/849 571/10/849 574/10/849
f 571/10/850 558/10/851 570/10/852
f 558/10/851 559/10/853 570/10/852
f 560/10/854 570/10/854 559/10/854
f 569/10/855 570/10/855 560/10/855
f 561/10/856 568/10/856 569/10/856 560/10/856
f 562/10/857 566/10/857 568/10/857 561/10/857
f 568/10/858 566/10/858 579/10/858 580/10/858
f 569/10/859 568/10/859 580/10/859 581/10/859
f 570/10/860 569/10/860 573/10/860
f 570/10/861 573/10/861 572/10/861 571/10/861
f 572/10/862 575/10/862 574/10/862 571/10/862
f 564/10/863 574/10/863 575/10/863 576/10/863
f 565/10/864 564/10/864 576/10/864
f 578/10/865 585/10/865 579/10/865 566/10/865
f 566/10/866 565/10/866 577/10/866 578/10/866
f 576/10/867 586/10/867 577/10/867 565/10/867
f 575/10/868 587/10/868 586/10/868 576/10/868
f 572/10/869 588/10/869 587/10/869 575/10/869
f 573/10/870 589/10/870 588/10/870 572/10/870
f 573/10/871 569/10/871 582/10/871 589/10/871
f 590/10/872 600/10/873 606/10/874 607/10/874
f 607/10/875 608/10/875 591/10/876 590/10/877
f 601/10/878 592/10/879 591/10/880 608/10/878
f 593/10/881 592/10/882 601/10/883 602/10/883
f 598/10/884 593/10/885 602/10/886 603/10/886
f 597/10/887 598/10/888 603/10/889 604/10/889
f 599/10/890 597/10/891 604/10/892 605/10/892
f 600/10/893 599/10/894 605/10/895 606/10/895
f 588/10/896 600/10/873 590/10/872 587/10/896
f 591/10/876 586/10/897 587/10/897 590/10/877
f 592/10/879 577/10/898 586/10/898 591/10/880
f 593/10/881 578/10/899 577/10/899 592/10/882
f 585/10/900 578/10/900 593/10/900 594/10/900
f 584/10/901 585/10/901 594/10/901 595/10/901
f 579/10/902 585/10/902 584/10/902 580/10/902
f 580/10/903 584/10/903 583/10/903 581/10/903
f 581/10/904 583/10/904 582/10/904 569/10/904
f 583/10/905 584/10/905 595/10/905 596/10/905
f 595/10/906 594/10/906 593/10/885 598/10/884
f 595/10/907 598/10/888 597/10/887 596/10/907
f 582/10/908 583/10/908 596/10/908 597/10/908
f 599/10/890 589/10/909 582/10/909 597/10/891
f 600/10/893 588/10/910 589/10/910 599/10/894
f 605/10/911 612/10/911 611/10/911 606/10/911
f 610/10/912 607/10/912 606/10/912 611/10/912
f 609/10/913 608/10/913 607/10/913 610/10/913
f 608/10/914 616/10/914 601/10/914
f 604/10/915 613/10/915 612/10/915 605/10/915
f 602/10/916 615/10/916 614/10/916 603/10/916
f 603/10/917 614/10/917 613/10/917 604/10/917
f 611/10/918 612/10/918 631/10/918 632/10/918
f 611/10/919 632/10/919 617/10/919 610/10/919
f 609/10/920 610/10/920 617/10/920 618/10/920
f 609/10/921 618/10/921 616/10/921 608/10/921
f 633/10/922 636/10/922 632/10/922
f 632/10/923 631/10/923 633/10/923
f 633/10/924 631/10/924 634/10/924 635/10/924
f 630/10/925 634/10/925 631/10/925 612/10/925
f 629/10/926 630/10/926 612/10/926 613/10/926
f 614/10/927 638/10/927 629/10/927 613/10/927
f 615/10/928 602/10/928 601/10/928 616/10/928
f 614/10/929 615/10/929 623/10/929 638/10/929
f 616/10/930 619/10/930 621/10/930 622/10/930
f 619/10/931 618/10/931 620/10/931
f 618/10/932 619/10/932 616/10/932
f 620/10/933 624/10/933 621/10/933 619/10/933
f 622/10/934 623/10/934 615/10/934 616/10/934
f 620/10/935 618/10/935 625/10/935
f 625/10/936 618/10/936 617/10/936 626/10/936
f 626/10/937 617/10/937 632/10/937 636/10/937
f 627/10/938 626/10/938 636/10/938 637/10/938
f 635/10/939 637/10/939 636/10/939 633/10/939
f 625/10/940 626/10/940 627/10/940 628/10/940
f 624/10/941 620/10/941 625/10/941 628/10/941
f 627/10/942 641/10/942 624/10/942 628/10/942
f 635/10/943 641/10/943 627/10/943 637/10/943
f 624/10/944 641/10/944 640/10/944 621/10/944
f 640/10/945 641/10/945 635/10/945 634/10/945
f 621/10/946 640/10/946 639/10/946 622/10/946
f 639/10/947 640/10/947 634/10/947 630/10/947
f 622/10/948 639/10/948 638/10/948 623/10/948
f 639/10/949 630/10/949 629/10/949 638/10/949
f 1081/15/951 1071/12/951 672/16/951 677/17/951
f 677/17/952 672/16/952 695/18/952 699/19/952
f 694/20/953 690/21/953 676/22/953 685/23/953
f 1114/24/954 701/25/954 675/26/954 1094/27/954
f 689/28/955 691/29/955 688/30/955 675/31/955
f 691/29/956 692/32/956 687/33/956 688/30/956
f 692/32/957 693/34/957 686/35/957 687/33/957
f 693/34/958 694/20/958 685/23/958 686/35/958
f 671/36/959 680/37/959 698/38/959 697/39/959
f 680/37/960 679/40/960 696/41/960 698/38/960
f 679/40/961 678/42/961 700/43/961 696/41/961
f 678/42/962 677/17/962 699/19/962 700/43/962
f 1070/44/963 1078/45/963 680/37/963 671/36/963
f 1078/45/964 1079/46/964 679/40/964 680/37/964
f 1079/46/965 1080/47/965 678/42/965 679/40/965
f 1080/47/966 1081/15/966 677/17/966 678/42/966
f 686/35/967 685/23/967 1099/48/967 1098/49/967
f 687/33/968 686/35/968 1098/49/968 1097/50/968
f 688/30/969 687/33/969 1097/50/969 1096/51/969
f 685/23/970 676/22/970 1095/52/970 1099/48/970
f 675/31/971 688/30/971 1096/51/971 1094/53/971
f 672/54/972 1071/55/973 1095/56/973 676/57/972 690/58/972 674/59/972 695/60/972
f 703/61/974 671/62/974 697/63/974 706/64/974
f 682/65/975 681/66/975 694/20/975 693/34/975
f 683/67/976 682/65/976 693/34/976 692/32/976
f 684/68/977 683/67/977 692/32/977 691/29/977
f 673/69/978 684/68/978 691/29/978 689/28/978
f 681/66/979 674/70/979 690/21/979 694/20/979
f 696/41/980 700/43/980 682/65/980 683/67/980
f 700/43/981 699/19/981 681/66/981 682/65/981
f 699/19/982 695/18/982 674/70/982 681/66/982
f 697/39/983 698/38/983 684/68/983 673/69/983
f 698/38/984 696/41/984 683/67/984 684/68/984
f 675/26/985 701/25/985 704/71/985 689/72/985
f 689/72/986 704/71/986 705/73/986 673/74/986
f 701/25/987 702/75/987 705/73/987 704/71/987
f 702/75/988 703/61/988 706/64/988 705/73/988
f 1070/76/989 671/62/989 703/61/989 1112/77/989
f 1112/77/990 703/61/990 702/75/990 1113/78/990
f 1113/78/991 702/75/991 701/25/991 1114/24/991
f 673/74/992 705/73/992 706/64/992 697/63/992
f 672/16/993 707/79/993 711/80/994 695/18/995
f 1071/12/996 1121/12/996 707/79/996 672/16/996
f 676/22/997 709/22/997 1125/52/997 1095/52/997
f 674/59/998 695/60/995 711/81/994 708/82/998
f 690/58/999 674/59/1000 708/82/1000 710/83/1001
f 690/21/999 710/84/1001 709/22/1002 676/22/1002
f 710/83/1003 708/82/1004 493/85/1004 492/86/699
f 1121/12/1005 458/12/1005 459/87/1005 707/79/1005
f 708/82/1006 711/81/1007 494/88/686 493/85/1006
f 709/22/1008 491/22/702 875/52/701 1125/52/1008
f 707/79/1009 459/87/628 494/89/686 711/80/1007
f 710/84/1003 492/90/699 491/22/698 709/22/1010
f 669/10/1011 663/10/1011 664/10/1011 665/10/1011 666/10/1011 667/10/1011 668/10/1011
f 742/91/1012 723/92/1012 715/93/1012 730/94/1012
f 730/94/1013 715/93/1013 719/95/1013 732/96/1013
f 738/97/1014 727/98/1014 717/99/1014 734/100/1014
f 734/100/1015 717/99/1015 713/101/1015 729/102/1015
f 721/103/1016 724/104/1016 716/105/1016 712/106/1016
f 727/98/1017 722/107/1017 713/108/1017 717/99/1017
f 719/95/1018 715/109/1018 723/110/1018 726/111/1018
f 726/111/1019 723/110/1019 722/107/1019 727/98/1019
f 714/112/1020 718/113/1020 725/114/1020 720/115/1020
f 720/115/1021 725/114/1021 724/104/1021 721/103/1021
f 732/96/1022 719/95/1022 726/111/1022 736/116/1022
f 736/116/1023 726/111/1023 727/98/1023 738/97/1023
f 729/117/1024 713/118/1024 722/119/1025 740/120/1025
f 740/120/1025 722/119/1025 723/92/1026 742/91/1026
f 721/121/1027 741/122/1027 743/123/1027 720/124/1027
f 741/122/1028 740/120/1028 742/91/1028 743/123/1028
f 712/125/1029 728/126/1029 741/122/1029 721/121/1029
f 728/126/1030 729/117/1030 740/120/1030 741/122/1030
f 725/114/1031 737/127/1031 739/128/1031 724/104/1031
f 737/127/1032 736/116/1032 738/97/1032 739/128/1032
f 718/113/1033 733/129/1033 737/127/1033 725/114/1033
f 733/129/1034 732/96/1034 736/116/1034 737/127/1034
f 716/105/1035 735/130/1035 728/131/1035 712/132/1035
f 735/130/1036 734/100/1036 729/102/1036 728/131/1036
f 724/104/1037 739/128/1037 735/130/1037 716/105/1037
f 739/128/1038 738/97/1038 734/100/1038 735/130/1038
f 714/133/1039 731/134/1039 733/129/1039 718/113/1039
f 731/134/1040 730/94/1040 732/96/1040 733/129/1040
f 720/124/1041 743/123/1041 731/134/1041 714/133/1041
f 743/123/1042 742/91/1042 730/94/1042 731/134/1042
f 744/135/1043 745/118/1043 747/93/1043 746/136/1043
f 746/136/1044 750/137/1044 751/95/1044 747/93/1044
f 750/137/1043 748/138/1043 749/99/1043 751/95/1043
f 748/138/1045 744/139/1045 745/101/1045 749/99/1045
f 746/140/1046 744/141/1046 748/138/1046 750/137/1046
f 751/95/1047 749/99/1047 745/108/1047 747/109/1047
f 752/135/1048 754/142/1048 755/93/1048 753/118/1048
f 754/142/1049 758/143/1049 759/95/1049 755/93/1049
f 758/143/1050 756/144/1050 757/99/1050 759/95/1050
f 756/144/1051 752/139/1051 753/101/1051 757/99/1051
f 754/145/1052 752/146/1052 756/144/1052 758/143/1052
f 759/95/1053 757/99/1053 753/108/1053 755/109/1053
f 760/135/1054 762/136/1054 763/93/1054 761/118/1054
f 762/136/1055 766/137/1055 767/95/1055 763/93/1055
f 766/137/1056 764/138/1056 765/99/1056 767/95/1056
f 764/138/1057 760/139/1057 761/101/1057 765/99/1057
f 762/140/1058 760/141/1058 764/138/1058 766/137/1058
f 767/95/1059 765/99/1059 761/108/1059 763/109/1059
f 768/135/1060 770/147/1060 771/148/1060 769/118/1060
f 770/147/1061 774/143/1061 775/95/1061 771/148/1061
f 774/143/1062 772/144/1062 773/99/1062 775/95/1062
f 772/144/1063 768/139/1063 769/101/1063 773/99/1063
f 770/149/1064 768/146/1064 772/144/1064 774/143/1064
f 775/95/1065 773/99/1065 769/108/1065 771/150/1065
f 776/135/1066 778/136/1066 779/93/1066 777/118/1066
f 778/136/1067 782/137/1067 783/95/1067 779/93/1067
f 782/137/1068 780/138/1068 781/99/1068 783/95/1068
f 780/138/1069 776/139/1069 777/101/1069 781/99/1069
f 778/140/1070 776/141/1070 780/138/1070 782/137/1070
f 783/95/1071 781/99/1071 777/108/1071 779/109/1071
f 784/151/1072 786/152/1072 787/153/1072 785/154/1072
f 786/152/1073 790/143/1073 791/95/1073 787/153/1073
f 790/143/1074 788/144/1074 789/99/1074 791/95/1074
f 788/144/1075 784/155/1075 785/156/1075 789/99/1075
f 786/157/1076 784/158/1076 788/144/1076 790/143/1076
f 791/95/1077 789/99/1077 785/159/1077 787/160/1077
f 792/161/1078 793/118/1078 795/93/1078 794/162/1078
f 794/162/1079 798/163/1079 799/95/1079 795/93/1079
f 798/163/1080 796/164/1080 797/99/1080 799/95/1080
f 796/164/1081 797/99/1081 793/101/1081 792/165/1081
f 794/166/1082 792/167/1082 796/164/1082 798/163/1082
f 799/95/1083 797/99/1083 793/108/1083 795/109/1083
f 800/168/1084 802/169/1084 803/95/1084 801/93/1084
f 805/170/1085 806/171/1085 807/95/1085 804/93/1085
f 800/168/1086 805/170/1086 804/93/1086 801/93/1086
f 803/95/1087 807/95/1087 806/171/1087 802/169/1087
f 802/169/1088 806/171/1088 805/170/1088 800/168/1088
f 801/93/1089 804/93/1089 807/95/1089 803/95/1089
f 808/172/1090 810/173/1090 811/95/1090 809/93/1090
f 813/174/1091 814/175/1091 815/95/1091 812/93/1091
f 808/172/1092 813/174/1092 812/93/1092 809/93/1092
f 811/95/1093 815/95/1093 814/175/1093 810/173/1093
f 810/173/1094 814/175/1094 813/174/1094 808/172/1094
f 809/93/1095 812/93/1095 815/95/1095 811/95/1095
f 916/10/1145 917/10/1145 898/10/1145
f 917/10/1146 916/10/1146 918/10/1146 919/10/1146
f 919/10/1147 918/10/1147 950/10/1147 951/10/1147
f 915/10/1148 1069/10/1148 918/10/1148 916/10/1148
f 909/10/1192 911/10/1192 910/10/1192 908/10/1192
f 910/10/1200 931/10/1200 912/10/1200 908/10/1200
f 910/10/1201 924/10/1201 930/10/1201 931/10/1201
f 910/10/1202 911/10/1202 923/10/1202 924/10/1202
f 923/10/1203 922/10/1203 924/10/1203
f 920/10/1204 925/10/1204 924/10/1204 922/10/1204
f 922/10/1205 921/10/1205 920/10/1205
f 920/10/1206 921/10/1206 917/10/1206 919/10/1206
f 919/10/1207 951/10/1207 926/10/1207 920/10/1207
f 949/10/1208 950/10/1208 918/10/1208 1069/10/1208
f 915/10/1209 914/10/1209 933/10/1209 1069/10/1209
f 913/10/1214 912/10/1214 931/10/1214 932/10/1214
f 931/10/1215 930/10/1215 932/10/1215
f 924/10/1216 925/10/1216 929/10/1216 930/10/1216
f 930/10/1217 929/10/1217 932/10/1217
f 914/10/1218 913/10/1218 932/10/1218 933/10/1218
f 933/10/1219 932/10/1219 934/10/1219 939/10/1219
f 933/10/1220 939/10/1220 949/10/1220 1069/10/1220
f 948/10/1221 954/10/1221 953/10/1221 947/10/1221
f 947/10/1222 950/10/1222 949/10/1222 948/10/1222
f 946/10/1223 951/10/1223 950/10/1223 947/10/1223
f 926/10/1224 951/10/1224 946/10/1224 927/10/1224
f 925/10/1225 920/10/1225 926/10/1225 928/10/1225
f 928/10/1226 935/10/1226 929/10/1226 925/10/1226
f 929/10/1227 935/10/1227 934/10/1227 932/10/1227
f 938/10/1228 940/10/1228 939/10/1228 934/10/1228
f 939/10/1229 940/10/1229 948/10/1229 949/10/1229
f 941/10/1230 954/10/1230 948/10/1230 940/10/1230
f 938/10/1231 942/10/1231 941/10/1231 940/10/1231
f 934/10/1232 935/10/1232 937/10/1232 938/10/1232
f 935/10/1233 928/10/1233 936/10/1233 937/10/1233
f 927/10/1234 936/10/1234 928/10/1234 926/10/1234
f 947/10/1235 953/10/1235 952/10/1235 946/10/1235
f 953/10/1236 954/10/1236 955/10/1236 956/10/1236
f 955/10/1237 954/10/1237 941/10/1237 962/10/1237
f 941/10/1238 942/10/1238 961/10/1238 962/10/1238
f 854/10/1261 855/10/1261 856/10/1261 857/10/1261
f 846/10/1269 855/10/1269 854/10/1269 845/10/1269
f 943/10/1303 942/10/1303 938/10/1303 937/10/1303
f 944/10/1304 943/10/1304 937/10/1304 936/10/1304
f 945/10/1305 944/10/1305 936/10/1305 927/10/1305
f 952/10/1306 945/10/1306 927/10/1306 946/10/1306
f 952/10/1307 953/10/1307 956/10/1307 957/10/1307
f 957/10/1308 958/10/1308 945/10/1308 952/10/1308
f 944/10/1309 945/10/1309 958/10/1309 959/10/1309
f 943/10/1310 944/10/1310 959/10/1310 960/10/1310
f 942/10/1311 943/10/1311 960/10/1311 961/10/1311
f 962/10/1312 961/10/1312 966/10/1312
f 965/10/1313 966/10/1313 961/10/1313
f 965/10/1314 964/10/1314 966/10/1314
f 964/10/1315 963/10/1315 966/10/1315
f 963/10/1316 962/10/1316 966/10/1316
f 962/10/1317 963/10/1317 955/10/1317
f 956/10/1318 955/10/1318 963/10/1318 973/10/1318
f 956/10/1319 973/10/1319 970/10/1319 957/10/1319
f 970/10/1320 969/10/1321 957/10/1322
f 957/10/1322 969/10/1321 958/10/1323
f 959/10/1324 958/10/1324 969/10/1324
f 968/10/1325 959/10/1325 969/10/1325
f 960/10/1326 959/10/1326 968/10/1326 967/10/1326
f 961/10/1327 960/10/1327 967/10/1327 965/10/1327
f 967/10/1328 979/10/1328 978/10/1328 965/10/1328
f 968/10/1329 980/10/1329 979/10/1329 967/10/1329
f 969/10/1330 972/10/1330 968/10/1330
f 969/10/1331 970/10/1331 971/10/1331 972/10/1331
f 971/10/1332 970/10/1332 973/10/1332 974/10/1332
f 963/10/1333 975/10/1333 974/10/1333 973/10/1333
f 964/10/1334 975/10/1334 963/10/1334
f 977/10/1335 965/10/1335 978/10/1335 984/10/1335
f 965/10/1336 977/10/1336 976/10/1336 964/10/1336
f 975/10/1337 964/10/1337 976/10/1337 985/10/1337
f 974/10/1338 975/10/1338 985/10/1338 986/10/1338
f 971/10/1339 974/10/1339 986/10/1339 987/10/1339
f 972/10/1340 971/10/1340 987/10/1340 988/10/1340
f 972/10/1341 988/10/1341 981/10/1341 968/10/1341
f 989/10/1342 1006/10/1343 1005/10/1343 999/10/1344
f 1006/10/1345 989/10/1346 990/10/1347 1007/10/1345
f 1000/10/1348 1007/10/1348 990/10/1349 991/10/1350
f 992/10/1351 1001/10/1352 1000/10/1352 991/10/1353
f 997/10/1354 1002/10/1355 1001/10/1355 992/10/1356
f 996/10/1357 1003/10/1358 1002/10/1358 997/10/1359
f 998/10/1360 1004/10/1361 1003/10/1361 996/10/1362
f 999/10/1363 1005/10/1364 1004/10/1364 998/10/1365
f 987/10/1366 986/10/1366 989/10/1342 999/10/1344
f 990/10/1347 989/10/1346 986/10/1367 985/10/1367
f 991/10/1350 990/10/1349 985/10/1368 976/10/1368
f 992/10/1351 991/10/1353 976/10/1369 977/10/1369
f 984/10/1370 993/10/1370 992/10/1370 977/10/1370
f 983/10/1371 994/10/1371 993/10/1371 984/10/1371
f 978/10/1372 979/10/1372 983/10/1372 984/10/1372
f 979/10/1373 980/10/1373 982/10/1373 983/10/1373
f 980/10/1374 968/10/1374 981/10/1374 982/10/1374
f 982/10/1375 995/10/1375 994/10/1375 983/10/1375
f 994/10/1376 997/10/1354 992/10/1356 993/10/1376
f 994/10/1377 995/10/1377 996/10/1357 997/10/1359
f 981/10/1378 996/10/1378 995/10/1378 982/10/1378
f 998/10/1360 996/10/1362 981/10/1379 988/10/1379
f 999/10/1363 998/10/1365 988/10/1380 987/10/1380
f 1004/10/1381 1005/10/1381 1010/10/1381 1011/10/1381
f 1009/10/1382 1010/10/1382 1005/10/1382 1006/10/1382
f 1008/10/1383 1009/10/1383 1006/10/1383 1007/10/1383
f 1007/10/1384 1000/10/1384 1015/10/1384
f 1003/10/1385 1004/10/1385 1011/10/1385 1012/10/1385
f 1001/10/1386 1002/10/1386 1013/10/1386 1014/10/1386
f 1002/10/1387 1003/10/1387 1012/10/1387 1013/10/1387
f 1010/10/1388 1031/10/1388 1030/10/1388 1011/10/1388
f 1010/10/1389 1009/10/1389 1016/10/1389 1031/10/1389
f 1008/10/1390 1017/10/1390 1016/10/1390 1009/10/1390
f 1008/10/1391 1007/10/1391 1015/10/1391 1017/10/1391
f 1032/10/1392 1031/10/1392 1035/10/1392
f 1031/10/1393 1032/10/1393 1030/10/1393
f 1032/10/1394 1034/10/1394 1033/10/1394 1030/10/1394
f 1029/10/1395 1011/10/1395 1030/10/1395 1033/10/1395
f 1028/10/1396 1012/10/1396 1011/10/1396 1029/10/1396
f 1013/10/1397 1012/10/1397 1028/10/1397 1037/10/1397
f 1014/10/1398 1015/10/1398 1000/10/1398 1001/10/1398
f 1013/10/1399 1037/10/1399 1022/10/1399 1014/10/1399
f 1015/10/1400 1021/10/1400 1020/10/1400 1018/10/1400
f 1018/10/1401 1019/10/1401 1017/10/1401
f 1017/10/1402 1015/10/1402 1018/10/1402
f 1019/10/1403 1018/10/1403 1020/10/1403 1023/10/1403
f 1021/10/1404 1015/10/1404 1014/10/1404 1022/10/1404
f 1019/10/1405 1024/10/1405 1017/10/1405
f 1024/10/1406 1025/10/1406 1016/10/1406 1017/10/1406
f 1025/10/1407 1035/10/1407 1031/10/1407 1016/10/1407
f 1026/10/1408 1036/10/1408 1035/10/1408 1025/10/1408
f 1034/10/1409 1032/10/1409 1035/10/1409 1036/10/1409
f 1024/10/1410 1027/10/1410 1026/10/1410 1025/10/1410
f 1023/10/1411 1027/10/1411 1024/10/1411 1019/10/1411
f 1026/10/1412 1027/10/1412 1023/10/1412 1040/10/1412
f 1034/10/1413 1036/10/1413 1026/10/1413 1040/10/1413
f 1023/10/1414 1020/10/1414 1039/10/1414 1040/10/1414
f 1039/10/1415 1033/10/1415 1034/10/1415 1040/10/1415
f 1020/10/1416 1021/10/1416 1038/10/1416 1039/10/1416
f 1038/10/1417 1029/10/1417 1033/10/1417 1039/10/1417
f 1021/10/1418 1022/10/1418 1037/10/1418 1038/10/1418
f 1038/10/1419 1037/10/1419 1028/10/1419 1029/10/1419
f 1081/15/1421 1082/17/1421 1073/16/1421 1071/12/1421
f 1082/17/1422 1110/19/1422 1106/18/1422 1073/16/1422
f 1105/20/1423 1090/23/1423 1077/22/1423 1101/21/1423
f 1114/24/1424 1094/27/1424 1076/26/1424 1115/25/1424
f 1100/28/1425 1076/31/1425 1093/30/1425 1102/29/1425
f 1102/29/1426 1093/30/1426 1092/33/1426 1103/32/1426
f 1103/32/1427 1092/33/1427 1091/35/1427 1104/34/1427
f 1104/34/1428 1091/35/1428 1090/23/1428 1105/20/1428
f 1072/36/1429 1108/39/1429 1109/38/1429 1085/37/1429
f 1085/37/1430 1109/38/1430 1107/41/1430 1084/40/1430
f 1084/40/1431 1107/41/1431 1111/43/1431 1083/42/1431
f 1083/42/1432 1111/43/1432 1110/19/1432 1082/17/1432
f 1070/44/1433 1072/36/1433 1085/37/1433 1078/45/1433
f 1078/45/1434 1085/37/1434 1084/40/1434 1079/46/1434
f 1079/46/1435 1084/40/1435 1083/42/1435 1080/47/1435
f 1080/47/1436 1083/42/1436 1082/17/1436 1081/15/1436
f 1091/35/1437 1098/49/1437 1099/48/1437 1090/23/1437
f 1092/33/1438 1097/50/1438 1098/49/1438 1091/35/1438
f 1093/30/1439 1096/51/1439 1097/50/1439 1092/33/1439
f 1090/23/1440 1099/48/1440 1095/52/1440 1077/22/1440
f 1076/31/1441 1094/53/1441 1096/51/1441 1093/30/1441
f 1073/54/1442 1106/60/1442 1075/59/1442 1101/58/1442 1077/57/1442 1095/56/973 1071/55/973
f 1117/61/1443 1120/64/1443 1108/63/1443 1072/62/1443
f 1087/65/1444 1104/34/1444 1105/20/1444 1086/66/1444
f 1088/67/1445 1103/32/1445 1104/34/1445 1087/65/1445
f 1089/68/1446 1102/29/1446 1103/32/1446 1088/67/1446
f 1074/69/1447 1100/28/1447 1102/29/1447 1089/68/1447
f 1086/66/1448 1105/20/1448 1101/21/1448 1075/70/1448
f 1107/41/1449 1088/67/1449 1087/65/1449 1111/43/1449
f 1111/43/1450 1087/65/1450 1086/66/1450 1110/19/1450
f 1110/19/1451 1086/66/1451 1075/70/1451 1106/18/1451
f 1108/39/1452 1074/69/1452 1089/68/1452 1109/38/1452
f 1109/38/1453 1089/68/1453 1088/67/1453 1107/41/1453
f 1076/26/1454 1100/72/1454 1118/71/1454 1115/25/1454
f 1100/72/1455 1074/74/1455 1119/73/1455 1118/71/1455
f 1115/25/1456 1118/71/1456 1119/73/1456 1116/75/1456
f 1116/75/1457 1119/73/1457 1120/64/1457 1117/61/1457
f 1070/76/1458 1112/77/1458 1117/61/1458 1072/62/1458
f 1112/77/1459 1113/78/1459 1116/75/1459 1117/61/1459
f 1113/78/1460 1114/24/1460 1115/25/1460 1116/75/1460
f 1074/74/1461 1108/63/1461 1120/64/1461 1119/73/1461
f 1073/16/1462 1106/18/1463 1127/80/1464 1122/79/1462
f 1071/12/1465 1073/16/1465 1122/79/1465 1121/12/1465
f 1077/22/1466 1095/52/1466 1125/52/1466 1124/22/1466
f 1075/59/1467 1123/82/1467 1127/81/1464 1106/60/1463
f 1101/58/1468 1126/83/1469 1123/82/1470 1075/59/1470
f 1101/21/1468 1077/22/1471 1124/22/1471 1126/84/1469
f 1126/83/1472 876/86/1167 877/85/1473 1123/82/1473
f 1121/12/1474 1122/79/1474 837/87/1474 836/12/1474
f 1123/82/1475 877/85/1475 878/88/1156 1127/81/1476
f 1124/22/1477 1125/52/1477 875/52/1173 874/22/1172
f 1122/79/1478 1127/80/1476 878/89/1156 837/87/1099
f 1126/84/1472 1124/22/1479 874/22/1168 876/90/1167
f 1068/10/1480 1067/10/1480 1066/10/1480 1065/10/1480 1064/10/1480 1063/10/1480 1062/10/1480
f 1158/91/1481 1146/94/1481 1131/93/1481 1139/92/1481
f 1146/94/1482 1148/96/1482 1135/95/1482 1131/93/1482
f 1154/97/1483 1150/100/1483 1133/99/1483 1143/98/1483
f 1150/100/1484 1145/102/1484 1129/101/1484 1133/99/1484
f 1137/103/1485 1128/106/1485 1132/105/1485 1140/104/1485
f 1143/98/1486 1133/99/1486 1129/108/1486 1138/107/1486
f 1135/95/1487 1142/111/1487 1139/110/1487 1131/109/1487
f 1142/111/1488 1143/98/1488 1138/107/1488 1139/110/1488
f 1130/112/1489 1136/115/1489 1141/114/1489 1134/113/1489
f 1136/115/1490 1137/103/1490 1140/104/1490 1141/114/1490
f 1148/96/1491 1152/116/1491 1142/111/1491 1135/95/1491
f 1152/116/1492 1154/97/1492 1143/98/1492 1142/111/1492
f 1145/117/1493 1156/120/1494 1138/119/1494 1129/118/1493
f 1156/120/1494 1158/91/1495 1139/92/1495 1138/119/1494
f 1137/121/1496 1136/124/1496 1159/123/1496 1157/122/1496
f 1157/122/1497 1159/123/1497 1158/91/1497 1156/120/1497
f 1128/125/1498 1137/121/1498 1157/122/1498 1144/126/1498
f 1144/126/1499 1157/122/1499 1156/120/1499 1145/117/1499
f 1141/114/1500 1140/104/1500 1155/128/1500 1153/127/1500
f 1153/127/1501 1155/128/1501 1154/97/1501 1152/116/1501
f 1134/113/1502 1141/114/1502 1153/127/1502 1149/129/1502
f 1149/129/1503 1153/127/1503 1152/116/1503 1148/96/1503
f 1132/105/1504 1128/132/1504 1144/131/1504 1151/130/1504
f 1151/130/1505 1144/131/1505 1145/102/1505 1150/100/1505
f 1140/104/1506 1132/105/1506 1151/130/1506 1155/128/1506
f 1155/128/1507 1151/130/1507 1150/100/1507 1154/97/1507
f 1130/133/1508 1134/113/1508 1149/129/1508 1147/134/1508
f 1147/134/1509 1149/129/1509 1148/96/1509 1146/94/1509
f 1136/124/1510 1130/133/1510 1147/134/1510 1159/123/1510
f 1159/123/1511 1147/134/1511 1146/94/1511 1158/91/1511
f 1160/135/1512 1161/118/1512 1163/93/1512 1162/136/1512
f 1162/136/1513 1163/93/1513 1167/95/1513 1166/137/1513
f 1166/137/1514 1167/95/1514 1165/99/1514 1164/138/1514
f 1164/138/1515 1165/99/1515 1161/101/1515 1160/139/1515
f 1162/140/1516 1166/137/1516 1164/138/1516 1160/141/1516
f 1167/95/1517 1163/109/1517 1161/108/1517 1165/99/1517
f 1168/135/1518 1169/118/1518 1171/93/1518 1170/142/1518
f 1170/142/1519 1171/93/1519 1175/95/1519 1174/143/1519
f 1174/143/1520 1175/95/1520 1173/99/1520 1172/144/1520
f 1172/144/1521 1173/99/1521 1169/101/1521 1168/139/1521
f 1170/145/1522 1174/143/1522 1172/144/1522 1168/146/1522
f 1175/95/1523 1171/109/1523 1169/108/1523 1173/99/1523
f 1176/135/1524 1177/118/1524 1179/93/1524 1178/136/1524
f 1178/136/1525 1179/93/1525 1183/95/1525 1182/137/1525
f 1182/137/1526 1183/95/1526 1181/99/1526 1180/138/1526
f 1180/138/1527 1181/99/1527 1177/101/1527 1176/139/1527
f 1178/140/1528 1182/137/1528 1180/138/1528 1176/141/1528
f 1183/95/1529 1179/109/1529 1177/108/1529 1181/99/1529
f 1184/135/1530 1185/118/1530 1187/148/1530 1186/147/1530
f 1186/147/1531 1187/148/1531 1191/95/1531 1190/143/1531
f 1190/143/1532 1191/95/1532 1189/99/1532 1188/144/1532
f 1188/144/1533 1189/99/1533 1185/101/1533 1184/139/1533
f 1186/149/1534 1190/143/1534 1188/144/1534 1184/146/1534
f 1191/95/1535 1187/150/1535 1185/108/1535 1189/99/1535
f 1192/135/1536 1193/118/1536 1195/93/1536 1194/136/1536
f 1194/136/1537 1195/93/1537 1199/95/1537 1198/137/1537
f 1198/137/1538 1199/95/1538 1197/99/1538 1196/138/1538
f 1196/138/1539 1197/99/1539 1193/101/1539 1192/139/1539
f 1194/140/1540 1198/137/1540 1196/138/1540 1192/141/1540
f 1199/95/1541 1195/109/1541 1193/108/1541 1197/99/1541
f 1200/151/1542 1201/154/1542 1203/153/1542 1202/152/1542
f 1202/152/1543 1203/153/1543 1207/95/1543 1206/143/1543
f 1206/143/1544 1207/95/1544 1205/99/1544 1204/144/1544
f 1204/144/1545 1205/99/1545 1201/156/1545 1200/155/1545
f 1202/157/1546 1206/143/1546 1204/144/1546 1200/158/1546
f 1207/95/1547 1203/160/1547 1201/159/1547 1205/99/1547
f 1208/161/1548 1210/162/1548 1211/93/1548 1209/118/1548
f 1210/162/1549 1211/93/1549 1215/95/1549 1214/163/1549
f 1214/163/1550 1215/95/1550 1213/99/1550 1212/164/1550
f 1212/164/1551 1208/165/1551 1209/101/1551 1213/99/1551
f 1210/166/1552 1214/163/1552 1212/164/1552 1208/167/1552
f 1215/95/1553 1211/109/1553 1209/108/1553 1213/99/1553
f 1216/168/1554 1217/93/1554 1219/95/1554 1218/169/1554
f 1221/170/1555 1220/93/1555 1223/95/1555 1222/171/1555
f 1216/168/1556 1217/93/1556 1220/93/1556 1221/170/1556
f 1219/95/1557 1218/169/1557 1222/171/1557 1223/95/1557
f 1218/169/1558 1216/168/1558 1221/170/1558 1222/171/1558
f 1217/93/1559 1219/95/1559 1223/95/1559 1220/93/1559
f 1224/172/1560 1225/93/1560 1227/95/1560 1226/173/1560
f 1229/174/1561 1228/93/1561 1231/95/1561 1230/175/1561
f 1224/172/1562 1225/93/1562 1228/93/1562 1229/174/1562
f 1227/95/1563 1226/173/1563 1230/175/1563 1231/95/1563
f 1226/173/1564 1224/172/1564 1229/174/1564 1230/175/1564
f 1225/93/1565 1227/95/1565 1231/95/1565 1228/93/1565
usemtl Top
f 440/10/626 441/11/626 443/12/626 442/13/626
f 457/10/627 459/10/628 458/10/629 835/10/629
f 453/10/630 467/10/631 454/10/631 451/10/632
f 452/10/633 468/10/634 467/10/634 453/10/630
f 466/10/635 469/10/636 468/10/636 452/10/637
f 465/10/638 470/10/639 466/10/635 449/10/640
f 471/10/641 469/10/641 466/10/641 470/10/641
f 489/10/642 495/10/643 490/10/644 487/10/644
f 880/10/645 872/10/645 490/10/645 495/10/645
f 489/10/642 476/10/646 496/10/646 495/10/643
f 884/10/647 880/10/647 495/10/647 498/10/647
f 495/10/648 497/10/649 499/10/650 498/10/650
f 462/10/651 500/10/652 499/10/652 497/10/653
f 461/10/654 501/10/655 500/10/655 462/10/656
f 502/10/657 501/10/657 461/10/658 460/10/659
f 889/10/660 502/10/660 460/10/661 840/10/662
f 501/10/663 502/10/663 503/10/663 504/10/663
f 839/10/664 840/10/664 446/10/664
f 457/10/665 835/10/666 834/10/667 442/14/668
f 440/10/669 442/14/668 834/10/667 838/10/669
f 446/10/670 440/10/670 838/10/670 839/10/670
f 441/11/671 440/10/671 446/10/671 447/10/671
f 502/10/672 889/10/672 890/10/672 503/10/672
f 503/10/673 890/10/673 897/10/673 508/10/673
f 898/10/674 521/10/674 508/10/674 897/10/674
f 508/10/679 521/10/679 520/10/679 509/10/679
f 504/10/680 503/10/680 508/10/680 509/10/680
f 448/10/681 447/10/681 460/10/659 461/10/658
f 445/10/682 441/11/682 447/10/682 448/10/682
f 441/11/683 445/10/683 444/10/683 443/12/683
f 442/14/668 443/12/684 456/10/684 457/10/665
f 456/10/685 494/10/686 459/10/628 457/10/627
f 443/12/687 444/10/688 455/10/689 456/10/687
f 456/10/690 455/10/690 493/10/690 494/10/690
f 444/10/688 451/10/691 454/10/692 455/10/689
f 455/10/693 484/10/694 492/10/695 493/10/695
f 484/10/696 485/10/697 491/10/698 492/10/699
f 873/10/700 875/10/701 491/10/702 485/10/703
f 872/10/704 873/10/700 485/10/703 490/10/704
f 485/10/705 486/10/705 487/10/705 490/10/705
f 485/10/706 483/10/706 486/10/706
f 484/10/696 483/10/707 485/10/697
f 455/10/693 454/10/708 483/10/708 484/10/694
f 454/10/709 467/10/709 482/10/709 483/10/709
f 467/10/710 468/10/710 481/10/710 482/10/710
f 481/10/711 488/10/711 483/10/711 482/10/711
f 483/10/712 488/10/712 487/10/712 486/10/712
f 487/10/713 488/10/713 477/10/714 489/10/715
f 477/10/714 476/10/716 489/10/715
f 497/10/649 495/10/648 496/10/717
f 884/10/718 498/10/718 507/10/718 896/10/718
f 896/10/719 507/10/719 513/10/719 905/10/719
f 905/10/720 513/10/720 514/10/720 907/10/720
f 907/10/721 514/10/721 515/10/721 909/10/721
f 512/10/723 517/10/723 515/10/723 514/10/723
f 512/10/724 514/10/724 513/10/724 507/10/724
f 507/10/725 506/10/725 511/10/725 512/10/725
f 498/10/726 499/10/726 506/10/726 507/10/726
f 499/10/727 500/10/727 505/10/727 506/10/727
f 506/10/728 505/10/728 510/10/728 511/10/728
f 511/10/729 518/10/729 517/10/729 512/10/729
f 509/10/740 520/10/740 519/10/740 510/10/740
f 505/10/741 504/10/741 509/10/741 510/10/741
f 500/10/742 501/10/742 504/10/742 505/10/742
f 510/10/743 519/10/743 518/10/743 511/10/743
f 444/10/688 445/10/769 450/10/769 451/10/691
f 451/10/632 450/10/770 452/10/633 453/10/630
f 445/10/771 448/10/771 449/10/771 450/10/771
f 449/10/772 448/10/772 463/10/772 464/10/772
f 448/10/773 461/10/654 462/10/656 463/10/773
f 463/10/774 462/10/774 472/10/774
f 464/10/775 463/10/775 472/10/775 473/10/775
f 464/10/776 465/10/638 449/10/640
f 449/10/640 466/10/635 452/10/637 450/10/777
f 465/10/778 648/10/779 642/10/780 470/10/780
f 642/10/781 648/10/779 649/10/782 650/10/781
f 471/10/783 470/10/783 642/10/783 643/10/783
f 468/10/784 469/10/784 480/10/784 481/10/784
f 469/10/785 471/10/785 479/10/785 480/10/785
f 481/10/786 480/10/786 477/10/786 488/10/786
f 477/10/787 480/10/788 479/10/788 478/10/789
f 475/10/790 476/10/790 477/10/787 478/10/789
f 472/10/792 496/10/792 476/10/792 473/10/792
f 496/10/793 472/10/793 462/10/651 497/10/653
f 475/10/794 478/10/795 645/10/796 646/10/794
f 478/10/795 479/10/797 644/10/797 645/10/796
f 479/10/798 471/10/798 643/10/798 644/10/798
f 465/10/778 474/10/800 647/10/801 648/10/779
f 474/10/802 475/10/802 646/10/802 647/10/802
f 647/10/803 646/10/803 654/10/803 655/10/803
f 648/10/779 647/10/801 655/10/804 649/10/782
f 651/10/805 643/10/805 642/10/805 650/10/805
f 652/10/806 644/10/806 643/10/806 651/10/806
f 653/10/807 645/10/808 644/10/809 652/10/809
f 646/10/810 645/10/808 653/10/807 654/10/810
f 654/10/811 653/10/812 659/10/813 660/10/811
f 655/10/814 654/10/814 660/10/814 661/10/814
f 649/10/815 655/10/816 661/10/816 662/10/817
f 656/10/818 650/10/818 649/10/815 662/10/817
f 657/10/819 651/10/819 650/10/819 656/10/819
f 658/10/820 652/10/820 651/10/820 657/10/820
f 659/10/813 653/10/812 652/10/821 658/10/821
f 659/10/822 658/10/823 665/10/823 666/10/824
f 660/10/825 659/10/822 666/10/824 667/10/825
f 661/10/826 660/10/826 667/10/826 668/10/826
f 662/10/827 661/10/828 668/10/828 669/10/829
f 663/10/830 656/10/830 662/10/827 669/10/829
f 664/10/831 657/10/831 656/10/831 663/10/831
f 665/10/832 658/10/832 657/10/832 664/10/832
f 840/10/662 460/10/661 447/10/950 446/10/950
f 816/10/1096 818/13/1096 819/12/1096 817/11/1096
f 833/10/1097 835/10/1098 836/10/1098 837/10/1099
f 829/10/1100 827/10/1101 830/10/1102 848/10/1102
f 828/10/1103 829/10/1100 848/10/1104 849/10/1104
f 847/10/1105 828/10/1106 849/10/1107 850/10/1107
f 846/10/1108 825/10/1109 847/10/1105 851/10/1110
f 852/10/1111 851/10/1111 847/10/1111 850/10/1111
f 870/10/1112 868/10/1113 871/10/1113 879/10/1114
f 880/10/1115 879/10/1115 871/10/1115 872/10/1115
f 870/10/1112 879/10/1114 881/10/1116 857/10/1116
f 884/10/1117 883/10/1117 879/10/1117 880/10/1117
f 879/10/1118 883/10/1119 885/10/1119 882/10/1120
f 843/10/1121 882/10/1122 885/10/1123 886/10/1123
f 842/10/1124 843/10/1125 886/10/1126 887/10/1126
f 888/10/1127 841/10/1128 842/10/1129 887/10/1127
f 889/10/1130 840/10/1131 841/10/1132 888/10/1130
f 887/10/1133 892/10/1133 891/10/1133 888/10/1133
f 839/10/1134 822/10/1134 840/10/1134
f 833/10/1135 818/14/1136 834/10/1137 835/10/1138
f 816/10/1139 838/10/1139 834/10/1137 818/14/1136
f 822/10/1140 839/10/1140 838/10/1140 816/10/1140
f 817/11/1141 823/10/1141 822/10/1141 816/10/1141
f 888/10/1142 891/10/1142 890/10/1142 889/10/1142
f 891/10/1143 899/10/1143 897/10/1143 890/10/1143
f 898/10/1144 897/10/1144 899/10/1144 916/10/1144
f 899/10/1149 900/10/1149 915/10/1149 916/10/1149
f 892/10/1150 900/10/1150 899/10/1150 891/10/1150
f 824/10/1151 842/10/1129 841/10/1128 823/10/1151
f 821/10/1152 824/10/1152 823/10/1152 817/11/1152
f 817/11/1153 819/12/1153 820/10/1153 821/10/1153
f 818/14/1136 833/10/1135 832/10/1154 819/12/1154
f 832/10/1155 833/10/1097 837/10/1099 878/10/1156
f 819/12/1157 832/10/1157 831/10/1158 820/10/1159
f 832/10/1160 878/10/1160 877/10/1160 831/10/1160
f 820/10/1159 831/10/1158 830/10/1161 827/10/1162
f 831/10/1163 877/10/1164 876/10/1164 865/10/1165
f 865/10/1166 876/10/1167 874/10/1168 866/10/1169
f 873/10/1170 866/10/1171 874/10/1172 875/10/1173
f 872/10/1174 871/10/1174 866/10/1171 873/10/1170
f 866/10/1175 871/10/1175 868/10/1175 867/10/1175
f 866/10/1176 867/10/1176 864/10/1176
f 865/10/1166 866/10/1169 864/10/1177
f 831/10/1163 865/10/1165 864/10/1178 830/10/1178
f 830/10/1179 864/10/1179 863/10/1179 848/10/1179
f 848/10/1180 863/10/1180 862/10/1180 849/10/1180
f 862/10/1181 863/10/1181 864/10/1181 869/10/1181
f 864/10/1182 867/10/1182 868/10/1182 869/10/1182
f 868/10/1183 870/10/1184 858/10/1185 869/10/1183
f 858/10/1185 870/10/1184 857/10/1186
f 882/10/1120 881/10/1187 879/10/1118
f 884/10/1188 896/10/1188 895/10/1188 883/10/1188
f 896/10/1189 905/10/1189 904/10/1189 895/10/1189
f 905/10/1190 907/10/1190 906/10/1190 904/10/1190
f 907/10/1191 909/10/1191 908/10/1191 906/10/1191
f 903/10/1193 906/10/1193 908/10/1193 912/10/1193
f 903/10/1194 895/10/1194 904/10/1194 906/10/1194
f 895/10/1195 903/10/1195 902/10/1195 894/10/1195
f 883/10/1196 895/10/1196 894/10/1196 885/10/1196
f 885/10/1197 894/10/1197 893/10/1197 886/10/1197
f 894/10/1198 902/10/1198 901/10/1198 893/10/1198
f 902/10/1199 903/10/1199 912/10/1199 913/10/1199
f 900/10/1210 901/10/1210 914/10/1210 915/10/1210
f 893/10/1211 901/10/1211 900/10/1211 892/10/1211
f 886/10/1212 893/10/1212 892/10/1212 887/10/1212
f 901/10/1213 902/10/1213 913/10/1213 914/10/1213
f 820/10/1159 827/10/1162 826/10/1239 821/10/1239
f 827/10/1101 829/10/1100 828/10/1103 826/10/1240
f 821/10/1241 826/10/1241 825/10/1241 824/10/1241
f 825/10/1242 845/10/1242 844/10/1242 824/10/1242
f 824/10/1243 844/10/1243 843/10/1125 842/10/1124
f 844/10/1244 853/10/1244 843/10/1244
f 845/10/1245 854/10/1245 853/10/1245 844/10/1245
f 845/10/1246 825/10/1109 846/10/1108
f 825/10/1109 826/10/1247 828/10/1106 847/10/1105
f 846/10/1248 851/10/1249 1041/10/1249 1047/10/1250
f 1041/10/1251 1049/10/1251 1048/10/1252 1047/10/1250
f 852/10/1253 1042/10/1253 1041/10/1253 851/10/1253
f 849/10/1254 862/10/1254 861/10/1254 850/10/1254
f 850/10/1255 861/10/1255 860/10/1255 852/10/1255
f 862/10/1256 869/10/1256 858/10/1256 861/10/1256
f 858/10/1257 859/10/1258 860/10/1259 861/10/1259
f 856/10/1260 859/10/1258 858/10/1257 857/10/1260
f 853/10/1262 854/10/1262 857/10/1262 881/10/1262
f 881/10/1263 882/10/1122 843/10/1121 853/10/1263
f 856/10/1264 1045/10/1264 1044/10/1265 859/10/1266
f 859/10/1266 1044/10/1265 1043/10/1267 860/10/1267
f 860/10/1268 1043/10/1268 1042/10/1268 852/10/1268
f 846/10/1248 1047/10/1250 1046/10/1270 855/10/1271
f 855/10/1272 1046/10/1272 1045/10/1272 856/10/1272
f 1046/10/1273 1054/10/1273 1053/10/1273 1045/10/1273
f 1047/10/1250 1048/10/1252 1054/10/1274 1046/10/1270
f 1050/10/1275 1049/10/1275 1041/10/1275 1042/10/1275
f 1051/10/1276 1050/10/1276 1042/10/1276 1043/10/1276
f 1052/10/1277 1051/10/1278 1043/10/1278 1044/10/1279
f 1045/10/1280 1053/10/1280 1052/10/1277 1044/10/1279
f 1053/10/1281 1059/10/1281 1058/10/1282 1052/10/1283
f 1054/10/1284 1060/10/1284 1059/10/1284 1053/10/1284
f 1048/10/1285 1061/10/1286 1060/10/1287 1054/10/1287
f 1055/10/1288 1061/10/1286 1048/10/1285 1049/10/1288
f 1056/10/1289 1055/10/1289 1049/10/1289 1050/10/1289
f 1057/10/1290 1056/10/1290 1050/10/1290 1051/10/1290
f 1058/10/1282 1057/10/1291 1051/10/1291 1052/10/1283
f 1058/10/1292 1065/10/1293 1064/10/1294 1057/10/1294
f 1059/10/1295 1066/10/1295 1065/10/1293 1058/10/1292
f 1060/10/1296 1067/10/1296 1066/10/1296 1059/10/1296
f 1061/10/1297 1068/10/1298 1067/10/1299 1060/10/1299
f 1062/10/1300 1068/10/1298 1061/10/1297 1055/10/1300
f 1063/10/1301 1062/10/1301 1055/10/1301 1056/10/1301
f 1064/10/1302 1063/10/1302 1056/10/1302 1057/10/1302
f 840/10/1131 822/10/1420 823/10/1420 841/10/1132
o Hair
v -0.271037 4.872041 -0.132563
v -0.281720 4.937157 -0.118926
v -0.271367 5.037157 -0.133480
v -0.280597 4.862086 -0.208275
v -0.311522 4.937157 -0.208275
v -0.292292 5.037157 -0.208275
v -0.172332 4.966743 -0.049112
v -0.178030 5.037157 -0.040119
v -0.201917 4.866282 -0.121117
v -0.204166 4.934908 -0.072497
v -0.228030 5.037157 -0.083480
v -0.201917 4.842873 -0.208275
v -0.101917 4.965788 -0.041779
v -0.094347 5.044025 0.017379
v -0.134025 4.874440 -0.134444
v -0.101182 4.921520 -0.103976
v -0.125066 4.867944 -0.208275
v -0.075066 4.914190 -0.208275
v -0.034534 4.979080 -0.045443
v -0.004958 5.039268 0.007687
v -0.001487 4.972524 -0.113729
v 0.032133 4.993638 -0.019453
v -0.001917 4.956157 -0.208275
v 0.133802 4.978410 -0.051203
v 0.101857 5.039761 0.004807
v 0.141598 4.877394 -0.147047
v 0.104367 4.948413 -0.115539
v 0.067135 4.993638 -0.019453
v 0.138346 4.871597 -0.208275
v 0.088346 4.929124 -0.208275
v -0.257234 5.092139 -0.151968
v -0.261367 5.096154 -0.208275
v -0.166319 5.101825 -0.043230
v -0.200558 5.113077 -0.114491
v -0.201917 5.134490 -0.208275
v -0.088886 5.136831 0.004141
v -0.055139 5.188751 -0.042015
v -0.115212 5.165821 -0.108275
v -0.065212 5.191998 -0.108275
v -0.130613 5.175493 -0.208275
v -0.080613 5.196899 -0.208275
v -0.005997 5.137965 0.030006
v -0.001917 5.189548 -0.033885
v -0.001917 5.196839 -0.108275
v -0.001917 5.206641 -0.208275
v 0.097217 5.136962 0.009401
v 0.057855 5.188751 -0.042015
v 0.120396 5.178867 -0.108275
v 0.070396 5.191998 -0.108275
v 0.131205 5.180652 -0.208275
v 0.081205 5.196899 -0.208275
v -0.269753 4.777146 -0.348019
v -0.287477 4.836170 -0.312121
v -0.313915 4.937157 -0.308275
v -0.292976 5.037157 -0.308275
v -0.287532 4.762847 -0.408275
v -0.321218 4.837157 -0.408275
v -0.293529 4.938456 -0.381044
v -0.277218 5.039964 -0.406490
v -0.276959 4.760802 -0.508275
v -0.296877 4.837157 -0.508275
v -0.276860 4.938456 -0.481044
v -0.256943 5.017109 -0.481044
v -0.255656 4.774419 -0.562190
v -0.257686 4.837157 -0.563850
v -0.244802 4.940002 -0.541567
v -0.230802 4.994889 -0.521891
v -0.231720 4.777146 -0.348019
v -0.199799 4.812562 -0.312121
v -0.199799 4.757965 -0.404934
v -0.165054 4.794044 -0.369373
v -0.232166 5.075169 -0.438634
v -0.201261 4.654672 -0.472153
v -0.229841 4.716328 -0.465231
v -0.200067 5.053730 -0.502251
v -0.162229 4.482226 -0.595572
v -0.202123 4.537158 -0.566053
v -0.211995 4.627666 -0.538445
v -0.234928 4.739514 -0.563017
v -0.192193 4.829656 -0.621273
v -0.182889 4.938456 -0.570860
v -0.182889 5.005664 -0.545049
v -0.162229 4.482226 -0.623556
v -0.202123 4.537158 -0.635216
v -0.200404 4.637157 -0.628486
v -0.179071 4.737157 -0.605086
v -0.152377 4.791322 -0.658627
v -0.101171 4.845490 -0.305642
v -0.067341 4.904104 -0.270554
v -0.101917 4.756470 -0.388818
v -0.101917 4.794750 -0.368692
v -0.101917 4.647093 -0.470240
v -0.101917 4.706470 -0.443026
v -0.101917 5.055809 -0.527422
v -0.120239 4.482226 -0.595572
v -0.092910 4.527395 -0.565260
v -0.101917 4.597093 -0.512704
v -0.081051 4.777864 -0.625060
v -0.109398 4.829656 -0.652655
v -0.101917 4.937157 -0.616054
v -0.082889 5.007108 -0.543342
v -0.096524 4.480223 -0.626090
v -0.130812 4.537157 -0.655959
v -0.053572 4.487554 -0.606671
v -0.102498 4.628426 -0.637039
v -0.109398 4.741581 -0.615309
v -0.147718 4.791322 -0.658627
v -0.072810 4.504535 -0.677104
v -0.080812 4.537157 -0.639421
v -0.069551 4.589272 -0.671591
v 0.038938 4.784256 -0.356972
v 0.002596 4.829099 -0.337319
v -0.001917 4.918391 -0.283057
v 0.032225 4.677824 -0.412810
v 0.002249 4.740036 -0.372001
v -0.027728 4.790393 -0.361066
v 0.038066 4.583077 -0.500140
v 0.001812 4.638690 -0.458826
v -0.034441 4.695816 -0.440297
v -0.001917 5.067900 -0.540937
v 0.002072 4.549253 -0.550724
v -0.028601 4.599556 -0.514129
v -0.001917 4.771323 -0.619018
v -0.001917 4.837157 -0.636676
v -0.001917 4.937157 -0.613627
v -0.001917 5.017900 -0.575843
v -0.001917 4.503016 -0.661003
v -0.001917 4.492836 -0.620421
v -0.001917 4.648614 -0.637123
v -0.001917 4.721323 -0.624113
v -0.001917 4.537157 -0.656991
v -0.001917 4.598614 -0.644297
v 0.098083 4.781830 -0.352325
v 0.104184 4.840567 -0.305973
v 0.074918 4.911855 -0.279039
v 0.098083 4.671166 -0.409763
v 0.098083 4.731830 -0.359763
v 0.098083 4.582541 -0.499048
v 0.098083 4.621166 -0.449048
v 0.136954 4.976829 -0.551699
v 0.101405 5.040480 -0.536839
v 0.098083 4.528505 -0.555616
v 0.098083 4.766394 -0.610305
v 0.098083 4.837157 -0.615898
v 0.101405 4.940960 -0.586606
v 0.070287 5.009362 -0.571203
v 0.073919 4.510486 -0.658843
v 0.101158 4.487386 -0.608945
v 0.098083 4.652163 -0.641060
v 0.098083 4.716394 -0.628050
v 0.101158 4.516580 -0.623692
v 0.098083 4.584618 -0.648426
v -0.262051 5.097005 -0.308275
v -0.258146 5.093273 -0.371967
v -0.201917 5.139356 -0.308275
v -0.200067 5.111708 -0.406490
v -0.165499 5.093057 -0.464902
v -0.106171 5.176313 -0.310265
v -0.075674 5.195285 -0.278258
v -0.101917 5.140750 -0.408275
v -0.101917 5.099978 -0.477422
v -0.001917 5.172821 -0.336758
v -0.001917 5.199349 -0.286758
v -0.001917 5.143367 -0.408275
v -0.001917 5.107704 -0.490937
v 0.102593 5.167690 -0.309071
v 0.072267 5.195285 -0.276269
v 0.098083 5.132366 -0.408275
v 0.098083 5.103638 -0.486412
v 0.156279 4.978410 -0.051203
v 0.170688 5.044616 -0.000601
v 0.198083 4.868515 -0.136331
v 0.193001 4.941909 -0.092527
v 0.226295 5.044629 -0.110082
v 0.198083 4.847011 -0.208275
v 0.245929 5.082943 -0.165257
v 0.270296 4.872064 -0.140245
v 0.277025 4.937157 -0.134511
v 0.264459 5.016276 -0.144619
v 0.283040 4.862571 -0.208275
v 0.313000 4.937157 -0.208275
v 0.276427 5.044629 -0.202464
v 0.170192 5.111865 0.005156
v 0.189700 5.128867 -0.108275
v 0.206791 5.126660 -0.202464
v 0.255376 5.095003 -0.231923
v 0.198083 4.781248 -0.349239
v 0.198083 4.815653 -0.299239
v 0.237404 5.077008 -0.341348
v 0.198083 4.675820 -0.419865
v 0.198083 4.731248 -0.369865
v 0.241307 4.978275 -0.447516
v 0.220470 5.041068 -0.411820
v 0.198083 4.582498 -0.499466
v 0.198083 4.625821 -0.449466
v 0.236736 4.874676 -0.548713
v 0.205688 4.944219 -0.516873
v 0.171575 5.037157 -0.487995
v 0.198083 4.525995 -0.555616
v 0.198083 4.760335 -0.605988
v 0.201275 4.839668 -0.588539
v 0.170069 4.910162 -0.571932
v 0.201801 4.525413 -0.641470
v 0.201801 4.613720 -0.639215
v 0.198083 4.710335 -0.621411
v 0.170946 4.547891 -0.677097
v 0.170946 4.576459 -0.677097
v 0.253151 4.783480 -0.352857
v 0.278441 4.836544 -0.315024
v 0.313093 4.937157 -0.308275
v 0.277149 5.041068 -0.308119
v 0.250227 4.684030 -0.426280
v 0.261038 4.744951 -0.387129
v 0.293118 4.837157 -0.408275
v 0.282991 4.941828 -0.411820
v 0.265663 5.010341 -0.380850
v 0.252692 4.583019 -0.500697
v 0.262644 4.645281 -0.462664
v 0.284904 4.737157 -0.478401
v 0.277424 4.839668 -0.512538
v 0.267549 4.911609 -0.482046
v 0.268255 4.544424 -0.533688
v 0.287989 4.637157 -0.556474
v 0.272903 4.735218 -0.557519
v 0.263139 4.808009 -0.576683
v 0.270369 4.540166 -0.613325
v 0.271395 4.619613 -0.635003
v 0.256879 4.700592 -0.614877
v 0.201676 5.119142 -0.308119
v 0.168648 5.103647 -0.408275
v 0.152848 5.092932 -0.471144
v 0.255376 5.095003 -0.274681
vn -0.9245 -0.2976 0.2384
vn -0.9430 0.1607 0.2914
vn -0.3525 -0.4227 0.8349
vn -0.6068 -0.0948 0.7892
vn -0.6219 0.0571 0.7810
vn -0.1786 -0.9618 0.2075
vn -0.3448 -0.3876 0.8549
vn 0.1883 -0.5877 0.7869
vn 0.0294 -0.7522 0.6582
vn 0.2363 -0.9529 0.1902
vn 0.7021 -0.6858 0.1915
vn 0.0997 -0.6428 0.7595
vn 0.3553 -0.8362 0.4177
vn 0.0035 -0.8763 0.4818
vn 0.4744 -0.8648 0.1643
vn 0.1063 -0.7909 0.6026
vn -0.1557 -0.9337 0.3224
vn 0.0194 -0.4883 0.8725
vn -0.7891 -0.5830 0.1938
vn -0.2454 -0.9481 0.2021
vn -0.9034 0.3871 0.1845
vn -0.7394 0.3462 0.5774
vn -0.6414 0.4412 0.6277
vn -0.4898 0.8565 0.1630
vn -0.5660 0.1460 0.8114
vn -0.5308 0.7742 0.3447
vn -0.5793 0.7734 0.2575
vn -0.5104 0.8411 0.1791
vn -0.4260 0.8952 0.1308
vn -0.1712 0.7464 0.6431
vn -0.0536 0.9955 0.0784
vn -0.1018 0.9915 0.0807
vn 0.1098 -0.1322 0.9851
vn 0.1215 0.7573 0.6417
vn 0.4452 0.8458 0.2941
vn 0.0474 0.9958 0.0788
vn 0.2813 0.9576 0.0624
vn 0.0931 0.9926 0.0780
vn -0.9470 -0.3104 0.0825
vn -0.9803 0.1969 0.0151
vn -0.8534 -0.4142 0.3164
vn -0.9969 -0.0059 0.0787
vn -0.9675 0.1535 -0.2008
vn -0.9302 -0.3309 -0.1590
vn -0.9422 0.2738 -0.1932
vn -0.9610 0.1615 -0.2245
vn -0.8589 -0.1414 -0.4922
vn -0.8256 0.2551 -0.5033
vn -0.8063 0.2814 -0.5203
vn -0.1110 -0.5908 0.7991
vn -0.2408 -0.9354 0.2588
vn -0.0445 -0.9620 0.2695
vn 0.3559 -0.8055 0.4738
vn -0.4145 -0.8640 0.2858
vn -0.6597 0.6061 -0.4444
vn -0.9567 -0.2740 0.0986
vn -0.6703 -0.7016 -0.2419
vn -0.6024 -0.1471 -0.7845
vn -0.5160 0.3262 -0.7921
vn -0.4267 0.3583 -0.8304
vn -0.5197 0.5022 -0.6911
vn -0.8091 -0.5876 -0.0000
vn -0.9968 -0.0293 -0.0743
vn -0.8904 -0.0092 -0.4551
vn -0.6767 -0.2190 -0.7029
vn 0.2922 -0.9151 0.2778
vn 0.7048 -0.6548 0.2730
vn -0.0880 -0.5704 0.8166
vn 0.1509 -0.8377 0.5249
vn -0.1232 -0.2962 0.9471
vn -0.1467 -0.7532 0.6412
vn -0.0378 -0.5162 0.8556
vn -0.1892 -0.4571 0.8690
vn -0.2195 -0.7859 0.5781
vn -0.3912 0.3694 -0.8429
vn -0.1891 0.5900 -0.7849
vn -0.1113 0.4848 -0.8675
vn -0.0180 -0.9995 0.0269
vn 0.1623 -0.7844 0.5986
vn -0.1571 -0.4336 -0.8873
vn -0.1607 0.1559 -0.9746
vn -0.1034 0.2127 -0.9716
vn 0.3591 -0.3643 -0.8592
vn -0.0592 -0.6842 -0.7269
vn -0.2990 0.4650 -0.8333
vn -0.3925 -0.1056 -0.9137
vn -0.2247 -0.0280 -0.9740
vn 0.2071 -0.5356 0.8187
vn 0.3808 -0.8661 0.3238
vn -0.0902 -0.3611 0.9282
vn -0.1687 -0.3763 0.9110
vn 0.0151 -0.6990 0.7149
vn -0.4391 -0.5834 0.6832
vn -0.1192 -0.3948 0.9110
vn -0.1905 -0.7498 0.6337
vn -0.3078 -0.6823 0.6631
vn 0.0227 -0.5914 0.8061
vn -0.0629 -0.7277 0.6830
vn 0.1122 -0.3331 -0.9362
vn 0.0752 0.2730 -0.9591
vn -0.1661 0.5967 -0.7851
vn -0.2730 0.3983 -0.8757
vn 0.1393 -0.9794 -0.1463
vn 0.1312 -0.7282 0.6726
vn -0.0419 0.1821 -0.9824
vn -0.0215 -0.0468 -0.9987
vn 0.0717 -0.9129 -0.4017
vn -0.0029 0.5294 -0.8483
vn 0.0763 -0.1759 -0.9814
vn 0.0668 0.4431 -0.8940
vn -0.1505 -0.5622 0.8132
vn -0.7553 -0.5419 0.3687
vn -0.1588 -0.4719 0.8672
vn -0.1919 -0.9120 0.3626
vn -0.1300 -0.6096 0.7820
vn -0.1190 -0.1862 0.9753
vn -0.1304 -0.7154 0.6865
vn -0.1561 -0.6546 0.7397
vn -0.0873 -0.7558 0.6490
vn 0.1398 -0.1661 -0.9761
vn 0.2179 0.2394 -0.9461
vn 0.4327 0.4032 -0.8063
vn 0.1749 0.3629 -0.9153
vn 0.1626 0.6039 -0.7803
vn 0.0376 -0.9341 -0.3549
vn -0.1227 -0.7773 0.6171
vn -0.0374 0.1865 -0.9817
vn 0.0342 0.2225 -0.9743
vn 0.7815 -0.2813 -0.5569
vn 0.1966 0.6123 -0.7658
vn 0.1268 -0.0888 -0.9879
vn -0.0336 0.1227 -0.9919
vn -0.8870 0.4616 0.0080
vn -0.8960 0.4298 -0.1113
vn -0.5591 0.8287 0.0256
vn -0.6177 0.6642 -0.4211
vn -0.4912 0.8517 -0.1825
vn -0.3978 0.7848 -0.4752
vn -0.4230 0.9058 -0.0257
vn -0.4226 0.9031 -0.0764
vn -0.3126 0.9012 -0.3000
vn -0.1902 0.7462 -0.6380
vn -0.2313 0.8564 -0.4616
vn -0.0926 0.8849 -0.4565
vn -0.0935 0.9936 -0.0627
vn -0.0425 0.9325 -0.3587
vn -0.1607 0.7559 -0.6347
vn -0.0764 0.8906 -0.4484
vn 0.4177 0.8925 -0.1700
vn 0.1510 0.8519 -0.5015
vn 0.0916 0.9936 -0.0660
vn 0.1212 0.9270 -0.3549
vn 0.1374 0.6939 -0.7069
vn 0.0781 0.9255 -0.3706
vn 0.0793 -0.6328 0.7702
vn -0.2459 -0.5039 0.8280
vn -0.1566 -0.8407 0.5183
vn 0.7696 -0.3249 0.5498
vn -0.2881 -0.9367 0.1991
vn 0.2640 -0.3276 0.9072
vn 0.5423 0.0656 0.8376
vn 0.1231 -0.9665 0.2252
vn 0.9098 -0.2525 0.3295
vn 0.8931 0.2439 0.3779
vn 0.8183 0.3649 0.4441
vn 0.0591 -0.0609 0.9964
vn 0.9217 0.2094 0.3266
vn 0.4525 0.8405 0.2978
vn 0.7729 0.5466 0.3222
vn 0.5790 0.8113 0.0814
vn 0.7437 0.6314 0.2196
vn -0.1283 -0.7090 0.6935
vn -0.3013 -0.8877 0.3481
vn 0.0895 -0.6500 0.7546
vn 0.0322 -0.2701 0.9623
vn 0.0205 -0.7733 0.6337
vn 0.0696 -0.5659 0.8215
vn 0.7050 0.4693 -0.5318
vn 0.5440 0.4413 -0.7136
vn -0.0077 -0.7139 0.7002
vn 0.1549 0.0745 -0.9851
vn 0.5038 0.4738 -0.7223
vn 0.2718 0.2855 -0.9190
vn 0.4821 0.4649 -0.7426
vn 0.2122 -0.9332 0.2900
vn 0.0821 0.1893 -0.9785
vn 0.0709 0.3140 -0.9468
vn -0.0603 -0.7150 -0.6965
vn 0.7646 0.0124 -0.6444
vn -0.4560 -0.2343 -0.8586
vn -0.0322 0.4041 -0.9141
vn 0.2174 -0.7222 0.6566
vn 0.2317 -0.9357 0.2662
vn 0.9377 -0.3467 0.0232
vn 0.9459 0.3245 -0.0019
vn 0.2692 -0.6014 0.7522
vn 0.2159 -0.5006 0.8383
vn 0.8847 -0.3803 0.2696
vn 0.9898 -0.1170 -0.0807
vn 0.9075 0.3278 -0.2626
vn 0.7365 0.4640 -0.4922
vn 0.7337 0.5486 -0.4010
vn 0.1972 -0.6387 0.7438
vn 0.2638 -0.5515 0.7914
vn 0.9040 -0.2489 0.3477
vn 0.9926 -0.1128 0.0445
vn 0.9707 0.1398 -0.1954
vn 0.6896 0.4496 -0.5678
vn 0.6897 0.5281 -0.4955
vn -0.0167 -0.6852 0.7281
vn 0.9053 -0.2097 0.3693
vn 0.9964 -0.0307 0.0787
vn 0.9812 0.0390 -0.1892
vn 0.4063 0.0073 -0.9137
vn 0.6119 0.4996 -0.6131
vn 0.2201 -0.9748 0.0363
vn 0.9879 -0.1376 -0.0715
vn 0.2426 -0.1130 -0.9635
vn 0.9367 0.1865 -0.2964
vn 0.0879 0.2167 -0.9723
vn 0.4371 0.5375 -0.7212
vn 0.5040 0.8475 -0.1664
vn 0.6358 0.6676 -0.3874
vn 0.3973 0.8686 -0.2962
vn 0.7530 0.5186 -0.4049
vn 0.4387 0.5027 -0.7449
vn 0.3191 0.9028 -0.2883
vn 0.9250 0.3799 -0.0046
vn 0.6718 0.6494 -0.3564
vn 0.4798 0.8753 -0.0609
vn -0.0943 -0.0450 0.9945
s 0
usemtl Brown_Hair
f 1237//1566 1236//1566 1233//1566 1234//1566
f 1238//1567 1237//1567 1234//1567 1235//1567
f 1242//1568 1234//1568 1233//1568 1241//1568
f 1243//1569 1242//1569 1239//1569 1240//1569
f 1243//1570 1235//1570 1234//1570 1242//1570
f 1236//1571 1244//1571 1241//1571 1233//1571
f 1246//1572 1240//1572 1239//1572 1245//1572
f 1248//1573 1242//1573 1241//1573 1247//1573
f 1242//1574 1248//1574 1245//1574 1239//1574
f 1244//1575 1249//1575 1247//1575 1241//1575
f 1249//1576 1250//1576 1248//1576 1247//1576
f 1252//1577 1246//1577 1245//1577 1251//1577
f 1248//1578 1253//1578 1251//1578 1245//1578
f 1253//1579 1254//1579 1252//1579 1251//1579
f 1250//1580 1255//1580 1253//1580 1248//1580
f 1260//1581 1259//1581 1256//1581 1257//1581
f 1260//1582 1254//1582 1253//1582 1259//1582
f 1254//1583 1260//1583 1257//1583 1252//1583
f 1262//1584 1261//1584 1258//1584 1259//1584
f 1255//1585 1262//1585 1259//1585 1253//1585
f 1264//1586 1238//1586 1235//1586 1263//1586
f 1266//1587 1243//1587 1240//1587 1265//1587
f 1266//1588 1263//1588 1235//1588 1243//1588
f 1267//1589 1264//1589 1263//1589 1266//1589
f 1268//1590 1265//1590 1240//1590 1246//1590
f 1270//1591 1266//1591 1265//1591 1268//1591
f 1271//1592 1270//1592 1268//1592 1269//1592
f 1272//1593 1267//1593 1266//1593 1270//1593
f 1273//1594 1272//1594 1270//1594 1271//1594
f 1275//1595 1269//1595 1268//1595 1274//1595
f 1276//1596 1271//1596 1269//1596 1275//1596
f 1277//1597 1273//1597 1271//1597 1276//1597
f 1278//1598 1274//1598 1252//1598 1257//1598
f 1279//1599 1275//1599 1274//1599 1278//1599
f 1280//1600 1281//1600 1279//1600 1278//1600
f 1281//1601 1276//1601 1275//1601 1279//1601
f 1282//1602 1283//1602 1281//1602 1280//1602
f 1283//1603 1277//1603 1276//1603 1281//1603
f 1286//1604 1285//1604 1236//1604 1237//1604
f 1287//1605 1286//1605 1237//1605 1238//1605
f 1289//1606 1288//1606 1284//1606 1285//1606
f 1290//1607 1289//1607 1285//1607 1286//1607
f 1291//1608 1290//1608 1286//1608 1287//1608
f 1293//1609 1292//1609 1288//1609 1289//1609
f 1294//1610 1293//1610 1289//1610 1290//1610
f 1295//1611 1294//1611 1290//1611 1291//1611
f 1297//1612 1296//1612 1292//1612 1293//1612
f 1298//1613 1297//1613 1293//1613 1294//1613
f 1299//1614 1298//1614 1294//1614 1295//1614
f 1301//1615 1285//1615 1284//1615 1300//1615
f 1285//1616 1301//1616 1244//1616 1236//1616
f 1288//1617 1302//1617 1300//1617 1284//1617
f 1302//1618 1303//1618 1301//1618 1300//1618
f 1292//1619 1306//1619 1302//1619 1288//1619
f 1307//1620 1295//1620 1291//1620 1304//1620
f 1311//1621 1310//1621 1305//1621 1306//1621
f 1296//1622 1311//1622 1306//1622 1292//1622
f 1297//1623 1312//1623 1311//1623 1296//1623
f 1298//1624 1313//1624 1312//1624 1297//1624
f 1299//1625 1314//1625 1313//1625 1298//1625
f 1314//1626 1299//1626 1295//1626 1307//1626
f 1316//1627 1315//1627 1308//1627 1309//1627
f 1317//1628 1316//1628 1309//1628 1310//1628
f 1318//1629 1317//1629 1310//1629 1311//1629
f 1319//1630 1318//1630 1311//1630 1312//1630
f 1301//1631 1320//1631 1249//1631 1244//1631
f 1320//1632 1321//1632 1250//1632 1249//1632
f 1323//1633 1303//1633 1302//1633 1322//1633
f 1303//1634 1323//1634 1320//1634 1301//1634
f 1325//1635 1306//1635 1305//1635 1324//1635
f 1306//1636 1325//1636 1322//1636 1302//1636
f 1328//1637 1309//1637 1308//1637 1327//1637
f 1329//1638 1310//1638 1309//1638 1328//1638
f 1310//1639 1329//1639 1324//1639 1305//1639
f 1313//1640 1332//1640 1331//1640 1312//1640
f 1314//1641 1333//1641 1332//1641 1313//1641
f 1333//1642 1314//1642 1307//1642 1326//1642
f 1315//1643 1334//1643 1327//1643 1308//1643
f 1334//1644 1336//1644 1328//1644 1327//1644
f 1316//1645 1335//1645 1334//1645 1315//1645
f 1317//1646 1337//1646 1335//1646 1316//1646
f 1318//1647 1338//1647 1337//1647 1317//1647
f 1338//1648 1339//1648 1331//1648 1330//1648
f 1319//1649 1339//1649 1338//1649 1318//1649
f 1339//1650 1319//1650 1312//1650 1331//1650
f 1341//1651 1340//1651 1334//1651 1335//1651
f 1342//1652 1341//1652 1335//1652 1337//1652
f 1345//1653 1321//1653 1320//1653 1344//1653
f 1321//1654 1345//1654 1255//1654 1250//1654
f 1348//1655 1347//1655 1343//1655 1344//1655
f 1348//1656 1323//1656 1322//1656 1347//1656
f 1323//1657 1348//1657 1344//1657 1320//1657
f 1351//1658 1350//1658 1346//1658 1347//1658
f 1351//1659 1325//1659 1324//1659 1350//1659
f 1325//1660 1351//1660 1347//1660 1322//1660
f 1354//1661 1353//1661 1349//1661 1350//1661
f 1354//1662 1329//1662 1328//1662 1353//1662
f 1329//1663 1354//1663 1350//1663 1324//1663
f 1331//1664 1356//1664 1355//1664 1330//1664
f 1332//1665 1357//1665 1356//1665 1331//1665
f 1333//1666 1358//1666 1357//1666 1332//1666
f 1358//1667 1333//1667 1326//1667 1352//1667
f 1360//1668 1336//1668 1334//1668 1359//1668
f 1336//1669 1360//1669 1353//1669 1328//1669
f 1338//1670 1362//1670 1361//1670 1337//1670
f 1362//1671 1338//1671 1330//1671 1355//1671
f 1340//1672 1359//1672 1334//1672
f 1341//1673 1363//1673 1359//1673 1340//1673
f 1342//1674 1364//1674 1363//1674 1341//1674
f 1364//1675 1342//1675 1337//1675 1361//1675
f 1366//1676 1344//1676 1343//1676 1365//1676
f 1367//1677 1366//1677 1261//1677 1262//1677
f 1367//1678 1345//1678 1344//1678 1366//1678
f 1345//1679 1367//1679 1262//1679 1255//1679
f 1369//1680 1347//1680 1346//1680 1368//1680
f 1347//1681 1369//1681 1365//1681 1343//1681
f 1371//1682 1350//1682 1349//1682 1370//1682
f 1350//1683 1371//1683 1368//1683 1346//1683
f 1353//1684 1374//1684 1370//1684 1349//1684
f 1356//1685 1376//1685 1375//1685 1355//1685
f 1357//1686 1377//1686 1376//1686 1356//1686
f 1377//1687 1378//1687 1373//1687 1372//1687
f 1358//1688 1378//1688 1377//1688 1357//1688
f 1378//1689 1358//1689 1352//1689 1373//1689
f 1380//1690 1360//1690 1359//1690 1379//1690
f 1360//1691 1380//1691 1374//1691 1353//1691
f 1362//1692 1382//1692 1381//1692 1361//1692
f 1382//1693 1362//1693 1355//1693 1375//1693
f 1379//1694 1383//1694 1380//1694
f 1363//1695 1383//1695 1379//1695 1359//1695
f 1364//1696 1384//1696 1383//1696 1363//1696
f 1384//1697 1364//1697 1361//1697 1381//1697
f 1385//1698 1287//1698 1238//1698 1264//1698
f 1386//1699 1291//1699 1287//1699 1385//1699
f 1387//1700 1385//1700 1264//1700 1267//1700
f 1386//1701 1388//1701 1304//1701 1291//1701
f 1388//1702 1386//1702 1385//1702 1387//1702
f 1389//1703 1307//1703 1304//1703 1388//1703
f 1390//1704 1387//1704 1267//1704 1272//1704
f 1391//1705 1390//1705 1272//1705 1273//1705
f 1392//1706 1388//1706 1387//1706 1390//1706
f 1389//1707 1393//1707 1326//1707 1307//1707
f 1393//1708 1389//1708 1388//1708 1392//1708
f 1391//1709 1395//1709 1394//1709 1390//1709
f 1395//1710 1391//1710 1273//1710 1277//1710
f 1396//1711 1392//1711 1390//1711 1394//1711
f 1393//1712 1397//1712 1352//1712 1326//1712
f 1397//1713 1393//1713 1392//1713 1396//1713
f 1398//1714 1399//1714 1283//1714 1282//1714
f 1395//1715 1399//1715 1398//1715 1394//1715
f 1399//1716 1395//1716 1277//1716 1283//1716
f 1400//1717 1396//1717 1394//1717 1398//1717
f 1397//1718 1401//1718 1373//1718 1352//1718
f 1401//1719 1397//1719 1396//1719 1400//1719
f 1403//1720 1257//1720 1256//1720 1402//1720
f 1405//1721 1259//1721 1258//1721 1404//1721
f 1259//1722 1405//1722 1402//1722 1256//1722
f 1405//1723 1406//1723 1403//1723 1402//1723
f 1261//1724 1407//1724 1404//1724 1258//1724
f 1410//1725 1405//1725 1404//1725 1409//1725
f 1411//1726 1406//1726 1405//1726 1410//1726
f 1407//1727 1412//1727 1409//1727 1404//1727
f 1412//1728 1413//1728 1410//1728 1409//1728
f 1413//1729 1414//1729 1411//1729 1410//1729
f 1414//1730 1408//1730 1406//1730 1411//1730
f 1278//1731 1257//1731 1403//1731 1415//1731
f 1406//1732 1416//1732 1415//1732 1403//1732
f 1416//1733 1280//1733 1278//1733 1415//1733
f 1408//1734 1417//1734 1416//1734 1406//1734
f 1417//1735 1282//1735 1280//1735 1416//1735
f 1418//1736 1417//1736 1408//1736 1414//1736
f 1420//1737 1366//1737 1365//1737 1419//1737
f 1366//1738 1420//1738 1407//1738 1261//1738
f 1423//1739 1369//1739 1368//1739 1422//1739
f 1369//1740 1423//1740 1419//1740 1365//1740
f 1427//1741 1371//1741 1370//1741 1426//1741
f 1371//1742 1427//1742 1422//1742 1368//1742
f 1429//1743 1430//1743 1425//1743 1424//1743
f 1373//1744 1430//1744 1429//1744 1372//1744
f 1374//1745 1431//1745 1426//1745 1370//1745
f 1376//1746 1433//1746 1432//1746 1375//1746
f 1433//1747 1434//1747 1429//1747 1428//1747
f 1377//1748 1434//1748 1433//1748 1376//1748
f 1434//1749 1377//1749 1372//1749 1429//1749
f 1380//1750 1435//1750 1431//1750 1374//1750
f 1382//1751 1437//1751 1436//1751 1381//1751
f 1437//1752 1382//1752 1375//1752 1432//1752
f 1383//1753 1438//1753 1435//1753 1380//1753
f 1438//1754 1439//1754 1436//1754 1435//1754
f 1384//1755 1439//1755 1438//1755 1383//1755
f 1439//1756 1384//1756 1381//1756 1436//1756
f 1441//1757 1420//1757 1419//1757 1440//1757
f 1420//1758 1441//1758 1412//1758 1407//1758
f 1441//1759 1442//1759 1413//1759 1412//1759
f 1442//1760 1443//1760 1414//1760 1413//1760
f 1445//1761 1423//1761 1422//1761 1444//1761
f 1423//1762 1445//1762 1440//1762 1419//1762
f 1445//1763 1446//1763 1441//1763 1440//1763
f 1446//1764 1447//1764 1442//1764 1441//1764
f 1447//1765 1448//1765 1443//1765 1442//1765
f 1425//1766 1448//1766 1447//1766 1424//1766
f 1448//1767 1425//1767 1421//1767 1443//1767
f 1450//1768 1427//1768 1426//1768 1449//1768
f 1427//1769 1450//1769 1444//1769 1422//1769
f 1450//1770 1451//1770 1445//1770 1444//1770
f 1451//1771 1452//1771 1446//1771 1445//1771
f 1452//1772 1453//1772 1447//1772 1446//1772
f 1429//1773 1453//1773 1452//1773 1428//1773
f 1453//1774 1429//1774 1424//1774 1447//1774
f 1431//1775 1454//1775 1449//1775 1426//1775
f 1454//1776 1455//1776 1450//1776 1449//1776
f 1455//1777 1456//1777 1451//1777 1450//1777
f 1456//1778 1457//1778 1452//1778 1451//1778
f 1433//1779 1457//1779 1456//1779 1432//1779
f 1457//1780 1433//1780 1428//1780 1452//1780
f 1435//1781 1458//1781 1454//1781 1431//1781
f 1458//1782 1459//1782 1455//1782 1454//1782
f 1436//1783 1459//1783 1458//1783 1435//1783
f 1459//1784 1460//1784 1456//1784 1455//1784
f 1437//1785 1460//1785 1459//1785 1436//1785
f 1460//1786 1437//1786 1432//1786 1456//1786
f 1461//1787 1398//1787 1282//1787 1417//1787
f 1425//1788 1462//1788 1461//1788 1421//1788
f 1462//1789 1400//1789 1398//1789 1461//1789
f 1430//1790 1463//1790 1462//1790 1425//1790
f 1401//1791 1463//1791 1430//1791 1373//1791
f 1463//1792 1401//1792 1400//1792 1462//1792
f 1443//1793 1464//1793 1418//1793 1414//1793
f 1461//1794 1464//1794 1443//1794 1421//1794
f 1464//1795 1461//1795 1417//1795 1418//1795
f 1246//1796 1252//1796 1274//1796 1268//1796
