# Blender 4.5.4 LTS
# www.blender.org
mtllib NPC_2.mtl
o Jacket
v 0.057388 4.002985 0.018205
v 0.208846 4.018224 0.002788
v 0.177466 4.216585 -0.146541
v 0.278611 4.237309 -0.184306
v 0.378071 4.061037 -0.078308
v 0.042185 3.749782 0.051919
v 0.211925 3.707986 0.020490
v 0.472642 3.779110 -0.088866
v 0.574872 3.916696 -0.243295
v 0.462771 4.104794 -0.196154
v 0.359335 4.255713 -0.242706
v 0.295751 4.351380 -0.438038
v 0.223589 4.394954 -0.424781
v 0.162605 4.341324 -0.256107
v 0.202467 3.641821 0.004022
v 0.482206 3.678269 -0.111713
v 0.511037 3.608164 -0.320947
v 0.533309 3.701427 -0.263603
v 0.564914 3.811988 -0.330143
v 0.523838 3.683838 -0.369377
v 0.542572 3.772729 -0.429539
v 0.524727 3.803137 -0.583069
v 0.567105 3.931768 -0.658134
v 0.310846 4.339736 -0.564648
v 0.229704 4.402483 -0.511606
v 0.128246 4.358555 -0.581335
v 0.257302 4.224643 -0.660733
v 0.341199 4.056255 -0.735613
v 0.469560 4.163230 -0.703169
v 0.365728 3.801632 -0.686002
v 0.161111 4.030622 -0.745198
v 0.142417 4.456206 -0.502132
v 0.172044 4.434665 -0.411519
v 0.155858 4.406641 -0.317249
v 0.172147 3.749063 -0.719124
v 0.493955 3.719652 -0.553522
v 0.474436 3.618203 -0.525397
v 0.136194 3.462642 -0.655960
v 0.435444 3.477918 -0.499174
v 0.480962 3.476976 -0.297393
v 0.437547 3.489152 -0.104747
v 0.211912 3.487160 0.006172
v 0.223073 3.267341 0.006397
v 0.419957 3.301781 -0.107822
v 0.451559 3.317999 -0.286984
v 0.384770 3.308242 -0.465079
v 0.211827 3.304519 -0.631188
v 0.232093 3.022871 0.014485
v 0.401647 3.047303 -0.115506
v 0.446041 3.088242 -0.292636
v 0.400391 3.086420 -0.466950
v 0.250426 3.064381 -0.568125
v 0.082748 3.166981 -0.671726
v 0.128047 3.046962 -0.681809
v 0.163374 2.844846 -0.713293
v 0.350297 2.878303 -0.627720
v 0.427057 2.866013 -0.482054
v 0.465268 2.867383 -0.301695
v 0.404382 2.856227 -0.110070
v 0.256691 2.840911 -0.007812
v -0.057388 4.002985 0.018205
v -0.208846 4.018224 0.002788
v -0.177466 4.216585 -0.146541
v -0.278611 4.237309 -0.184306
v -0.378071 4.061037 -0.078308
v -0.042185 3.749782 0.051919
v -0.211925 3.707986 0.020490
v -0.472642 3.779110 -0.088866
v -0.574872 3.916696 -0.243295
v -0.462771 4.104794 -0.196154
v -0.359335 4.255713 -0.242706
v -0.295751 4.351380 -0.438038
v -0.223589 4.394954 -0.424781
v -0.162605 4.341324 -0.256107
v -0.000000 3.999631 0.006717
v -0.000000 3.761026 0.037086
v -0.000000 3.693520 0.044211
v -0.202467 3.641821 0.004022
v -0.482206 3.678269 -0.111713
v -0.511037 3.608164 -0.320947
v -0.533309 3.701427 -0.263603
v -0.564914 3.811988 -0.330143
v -0.523838 3.683838 -0.369377
v -0.542572 3.772729 -0.429539
v -0.524727 3.803137 -0.583069
v -0.567105 3.931768 -0.658134
v -0.310846 4.339736 -0.564648
v -0.229704 4.402483 -0.511606
v -0.128246 4.358555 -0.581335
v -0.257302 4.224643 -0.660733
v -0.341199 4.056255 -0.735613
v -0.469560 4.163230 -0.703169
v -0.365728 3.801632 -0.686002
v -0.161111 4.030622 -0.745198
v -0.000000 4.065141 -0.735679
v -0.142417 4.456206 -0.502132
v -0.172044 4.434665 -0.411519
v -0.155858 4.406641 -0.317249
v -0.172147 3.749063 -0.719124
v -0.000000 3.755322 -0.724519
v -0.493955 3.719652 -0.553522
v -0.474436 3.618203 -0.525397
v -0.136194 3.462642 -0.655960
v -0.000000 3.463886 -0.674273
v -0.435444 3.477918 -0.499174
v -0.480962 3.476976 -0.297393
v -0.437547 3.489152 -0.104747
v -0.211913 3.487160 0.006172
v -0.000000 3.486550 0.049688
v -0.000000 3.264131 0.049506
v -0.223073 3.267341 0.006397
v -0.419957 3.301781 -0.107822
v -0.451559 3.317999 -0.286984
v -0.384770 3.308242 -0.465079
v -0.204297 3.304519 -0.631188
v -0.000000 3.307865 -0.655467
v -0.000000 3.025859 0.045319
v -0.000000 2.843766 0.036328
v -0.232093 3.022871 0.014485
v -0.401647 3.047303 -0.115506
v -0.446041 3.088242 -0.292636
v -0.400391 3.086420 -0.466950
v -0.250426 3.064381 -0.568125
v -0.082748 3.166981 -0.671726
v -0.000000 3.163296 -0.672533
v -0.128047 3.046962 -0.681809
v -0.000000 3.040047 -0.693363
v -0.163374 2.844846 -0.713293
v -0.000000 2.838689 -0.748125
v -0.350297 2.878303 -0.627720
v -0.427057 2.866013 -0.482054
v -0.465268 2.867383 -0.301695
v -0.404382 2.856227 -0.110070
v -0.256691 2.840911 -0.007812
v 0.049786 3.876383 0.035062
v -0.000000 3.880328 0.021902
v 0.210386 3.863105 0.011639
v 0.425357 3.920074 -0.083587
v 0.518821 4.010745 -0.219724
v -0.049786 3.876383 0.035062
v -0.210386 3.863105 0.011639
v -0.425357 3.920074 -0.083587
v -0.518821 4.010745 -0.219724
v 0.353464 3.928943 -0.710808
v 0.166629 3.889842 -0.732161
v -0.000000 3.910232 -0.730099
v 0.518332 4.047499 -0.680651
v -0.166629 3.889842 -0.732161
v -0.353464 3.928943 -0.710808
v -0.518332 4.047499 -0.680651
v 0.154170 3.661174 -0.687542
v -0.000000 3.664925 -0.699396
v 0.454940 3.548060 -0.512286
v 0.496000 3.542570 -0.309170
v 0.459876 3.583711 -0.108230
v 0.207190 3.591975 0.005097
v -0.000000 3.617519 0.046950
v -0.154170 3.661174 -0.687542
v -0.454940 3.548060 -0.512286
v -0.496000 3.542570 -0.309170
v -0.459876 3.583711 -0.108230
v -0.207190 3.591975 0.005097
v -0.193165 4.155844 -0.071835
v -0.328369 4.187618 -0.131278
v -0.411081 4.218707 -0.219417
v 0.193156 4.155920 -0.071876
v 0.328341 4.187688 -0.131307
v 0.411053 4.218769 -0.219430
v 0.144678 4.233104 -0.663267
v 0.299251 4.178965 -0.698173
v 0.390203 4.289999 -0.633908
v -0.144678 4.233104 -0.663267
v -0.299251 4.178965 -0.698173
v -0.390203 4.289999 -0.633908
v 0.227583 3.145106 0.010441
v -0.000000 3.144995 0.047413
v 0.410802 3.174542 -0.111664
v 0.231127 3.184450 -0.599656
v 0.392580 3.197331 -0.466015
v 0.448800 3.203120 -0.289810
v -0.227583 3.145106 0.010441
v -0.410802 3.174542 -0.111664
v -0.227362 3.184450 -0.599656
v -0.392581 3.197331 -0.466015
v -0.448800 3.203120 -0.289810
v 0.428752 3.395467 -0.106285
v 0.217493 3.377251 0.006285
v -0.000000 3.375340 0.049597
v -0.000000 3.385876 -0.664870
v 0.174010 3.383580 -0.643574
v 0.410107 3.393080 -0.482127
v 0.466260 3.397487 -0.292188
v -0.217493 3.377251 0.006285
v -0.428752 3.395467 -0.106285
v -0.170245 3.383580 -0.643574
v -0.410107 3.393080 -0.482127
v -0.466260 3.397487 -0.292188
vn -0.1367 0.1296 0.9821
vn -0.1064 0.1321 0.9855
vn -0.1417 0.1291 0.9815
vn 0.0225 0.0632 0.9977
vn 0.0179 0.0632 0.9978
vn 0.0459 0.0636 0.9969
vn 0.3681 -0.5881 -0.7202
vn -0.0699 0.2283 0.9711
vn -0.0688 0.2312 0.9705
vn -0.0409 0.3066 0.9510
vn 0.4384 0.2223 0.8709
vn -0.9406 0.2757 0.1983
vn -0.9409 0.2755 0.1969
vn -0.9389 0.2765 0.2051
vn -0.9558 0.2027 -0.2130
vn -0.9557 0.2027 -0.2134
vn -0.9544 0.2017 -0.2202
vn -0.4094 0.0181 -0.9122
vn -0.3960 0.0193 -0.9181
vn -0.4084 0.0182 -0.9126
vn -0.2019 -0.0292 -0.9790
vn -0.2030 -0.0373 -0.9785
vn -0.2017 -0.0275 -0.9791
vn -0.4700 0.0136 -0.8825
vn -0.4870 0.0138 -0.8733
vn -0.4718 0.0136 -0.8816
vn -0.3063 0.0999 0.9467
vn -0.2458 0.1327 0.9602
vn -0.2215 0.1327 0.9661
vn -0.2434 0.1327 0.9608
vn 0.1513 0.0866 0.9847
vn 0.1498 0.0867 0.9849
vn 0.1771 0.0857 0.9805
vn -0.1952 -0.0050 -0.9807
vn -0.1924 -0.0050 -0.9813
vn -0.1953 -0.0050 -0.9807
vn -0.1602 -0.0110 -0.9870
vn -0.1460 -0.0107 -0.9892
vn -0.1605 -0.0110 -0.9870
vn -0.1503 0.0746 -0.9858
vn -0.5901 -0.0068 -0.8073
vn -0.5531 0.0096 -0.8331
vn -0.5824 0.0102 -0.8128
vn -0.5581 0.0097 -0.8297
vn 0.4111 -0.2086 0.8874
vn 0.3878 0.0750 0.9187
vn 0.3866 0.0748 0.9192
vn 0.3773 0.0734 0.9232
vn 0.1997 0.6085 0.7680
vn 0.1865 0.6307 0.7533
vn 0.0853 0.7752 0.6260
vn 0.3458 0.7628 0.5463
vn 0.7183 0.5763 0.3898
vn -0.3304 -0.8523 -0.4055
vn 0.5641 0.8235 0.0602
vn 0.4994 0.5126 -0.6985
vn 0.4978 0.4986 -0.7097
vn 0.4998 0.5261 -0.6881
vn -0.0260 -0.5041 0.8632
vn 0.0424 -0.3376 0.9403
vn 0.0218 -0.3896 0.9207
vn -0.1338 -0.5977 0.7905
vn -0.1364 -0.7365 0.6625
vn -0.5816 -0.8124 -0.0421
vn 0.0952 -0.5503 0.8295
vn 0.0530 -0.4909 0.8696
vn -0.0098 -0.3972 0.9177
vn -0.2566 0.1222 0.9588
vn -0.2390 0.1274 0.9626
vn -0.2674 0.1190 0.9562
vn 0.4555 -0.5559 -0.6954
vn -0.1200 0.1080 0.9869
vn -0.1150 0.1093 0.9873
vn -0.1184 0.1084 0.9870
vn -0.0835 -0.1625 0.9832
vn 0.5348 0.0126 0.8449
vn 0.4553 0.1433 0.8788
vn 0.5184 0.0161 0.8550
vn -0.1438 -0.2189 0.9651
vn -0.4651 -0.3525 0.8120
vn -0.0320 -0.1030 0.9942
vn -0.0644 -0.1908 0.9795
vn -0.0644 -0.1909 0.9795
vn -0.0320 -0.1029 0.9942
vn -0.6411 0.0264 0.7670
vn -0.6042 0.0345 0.7961
vn -0.6368 0.0273 0.7705
vn -0.5543 0.1060 0.8255
vn -0.6242 0.0918 0.7758
vn -0.5636 0.1042 0.8195
vn -0.9273 0.2621 0.2671
vn -0.9179 0.2638 0.2965
vn -0.9270 0.2622 0.2683
vn -0.9523 -0.0264 0.3040
vn -0.9598 -0.0261 0.2795
vn -0.9519 -0.0264 0.3053
vn -0.6879 -0.3327 0.6450
vn -0.9586 -0.0486 -0.2806
vn -0.9786 0.0536 -0.1987
vn -0.9750 0.0539 -0.2156
vn -0.9780 0.0537 -0.2014
vn -0.9723 0.1278 -0.1956
vn -0.9755 0.1286 -0.1783
vn -0.9726 0.1278 -0.1943
vn -0.9667 -0.1131 0.2296
vn 0.4660 0.6211 0.6301
vn 0.5996 0.4603 0.6546
vn 0.4447 0.6424 0.6242
vn 0.7196 0.2362 0.6530
vn 0.7125 0.2320 0.6622
vn 0.7211 0.2371 0.6510
vn 0.9226 -0.2087 0.3244
vn 0.9402 -0.1808 0.2887
vn 0.9782 -0.2002 -0.0543
vn 0.9560 -0.2852 -0.0692
vn 0.9091 -0.3653 -0.2001
vn 0.9474 -0.2560 -0.1923
vn 0.1242 -0.2424 0.9622
vn 0.1367 0.1296 0.9821
vn 0.1417 0.1291 0.9815
vn 0.1064 0.1321 0.9855
vn -0.0225 0.0632 0.9977
vn -0.0459 0.0636 0.9969
vn -0.0179 0.0632 0.9978
vn -0.3681 -0.5881 -0.7202
vn 0.0699 0.2283 0.9711
vn 0.0409 0.3066 0.9510
vn 0.0688 0.2312 0.9705
vn -0.4384 0.2223 0.8709
vn 0.9406 0.2757 0.1983
vn 0.9389 0.2765 0.2051
vn 0.9409 0.2755 0.1969
vn 0.9558 0.2027 -0.2130
vn 0.9544 0.2017 -0.2202
vn 0.9557 0.2027 -0.2134
vn 0.4094 0.0181 -0.9122
vn 0.4084 0.0182 -0.9126
vn 0.3960 0.0193 -0.9181
vn 0.2019 -0.0292 -0.9790
vn 0.2017 -0.0275 -0.9791
vn 0.2030 -0.0373 -0.9785
vn 0.4700 0.0136 -0.8825
vn 0.4718 0.0136 -0.8816
vn 0.4870 0.0138 -0.8733
vn 0.3063 0.0999 0.9467
vn 0.2458 0.1327 0.9602
vn 0.2434 0.1327 0.9608
vn 0.2215 0.1327 0.9661
vn -0.1513 0.0866 0.9847
vn -0.1771 0.0857 0.9805
vn -0.1498 0.0867 0.9849
vn 0.1952 -0.0050 -0.9807
vn 0.1953 -0.0050 -0.9807
vn 0.1924 -0.0050 -0.9813
vn 0.1602 -0.0110 -0.9870
vn 0.1605 -0.0110 -0.9870
vn 0.1460 -0.0107 -0.9892
vn 0.1503 0.0746 -0.9858
vn 0.5901 -0.0068 -0.8073
vn 0.5531 0.0096 -0.8331
vn 0.5581 0.0097 -0.8297
vn 0.5824 0.0102 -0.8128
vn -0.4111 -0.2086 0.8874
vn -0.3878 0.0750 0.9187
vn -0.3773 0.0734 0.9232
vn -0.3866 0.0748 0.9192
vn -0.1998 0.6084 0.7681
vn -0.0854 0.7750 0.6262
vn -0.1866 0.6306 0.7534
vn -0.3458 0.7628 0.5463
vn -0.7183 0.5763 0.3898
vn 0.3304 -0.8523 -0.4055
vn -0.5641 0.8235 0.0602
vn -0.4994 0.5126 -0.6985
vn -0.4997 0.5261 -0.6881
vn -0.4977 0.4987 -0.7097
vn 0.0260 -0.5041 0.8632
vn -0.0218 -0.3896 0.9207
vn -0.0424 -0.3376 0.9403
vn 0.1338 -0.5977 0.7905
vn 0.1364 -0.7365 0.6625
vn 0.5816 -0.8124 -0.0421
vn -0.0952 -0.5503 0.8295
vn 0.0098 -0.3972 0.9177
vn -0.0530 -0.4909 0.8696
vn 0.2566 0.1222 0.9588
vn 0.2674 0.1190 0.9562
vn 0.2390 0.1274 0.9626
vn -0.4555 -0.5559 -0.6954
vn 0.3952 -0.3465 -0.8507
vn 0.1224 0.1103 0.9863
vn 0.1212 0.1106 0.9864
vn 0.1184 0.1112 0.9867
vn 0.0857 -0.1638 0.9828
vn -0.4464 0.1595 0.8805
vn -0.5243 0.0029 0.8515
vn -0.5116 0.0310 0.8587
vn 0.1438 -0.2189 0.9651
vn 0.4651 -0.3525 0.8120
vn 0.0320 -0.1030 0.9942
vn 0.0320 -0.1029 0.9942
vn 0.0644 -0.1909 0.9795
vn 0.0644 -0.1908 0.9795
vn 0.6320 0.0181 0.7747
vn 0.6279 0.0191 0.7781
vn 0.5991 0.0259 0.8003
vn 0.5491 0.1193 0.8272
vn 0.5567 0.1181 0.8223
vn 0.6132 0.1079 0.7825
vn 0.9273 0.2621 0.2671
vn 0.9270 0.2622 0.2683
vn 0.9179 0.2638 0.2965
vn 0.9523 -0.0264 0.3040
vn 0.9519 -0.0264 0.3053
vn 0.9598 -0.0261 0.2795
vn 0.6879 -0.3327 0.6450
vn 0.9586 -0.0486 -0.2806
vn 0.9786 0.0536 -0.1987
vn 0.9780 0.0537 -0.2014
vn 0.9750 0.0539 -0.2156
vn 0.9723 0.1278 -0.1956
vn 0.9726 0.1278 -0.1943
vn 0.9755 0.1286 -0.1783
vn 0.9667 -0.1131 0.2296
vn -0.4662 0.6209 0.6302
vn -0.4448 0.6422 0.6242
vn -0.5997 0.4603 0.6546
vn -0.7196 0.2362 0.6530
vn -0.7211 0.2371 0.6510
vn -0.7125 0.2320 0.6622
vn -0.9226 -0.2087 0.3244
vn -0.9402 -0.1808 0.2887
vn -0.9782 -0.2002 -0.0543
vn -0.9560 -0.2852 -0.0692
vn -0.9091 -0.3653 -0.2001
vn -0.9474 -0.2560 -0.1923
vn -0.1242 -0.2424 0.9622
vn -0.7294 0.2422 0.6398
vn -0.3993 0.0769 0.9136
vn -0.1225 0.0876 0.9886
vn 0.2685 0.1326 0.9541
vn 0.7294 0.2422 0.6398
vn 0.3993 0.0769 0.9136
vn 0.1225 0.0876 0.9886
vn -0.2685 0.1326 0.9541
vn 0.2894 0.1124 0.9506
vn 0.0049 0.0627 0.9980
vn 0.1704 0.1266 0.9772
vn -0.2894 0.1124 0.9506
vn -0.0049 0.0627 0.9980
vn -0.1704 0.1266 0.9772
vn 0.2007 -0.0199 -0.9795
vn 0.4242 0.0168 -0.9054
vn 0.9570 0.2036 -0.2068
vn 0.9426 0.2747 0.1901
vn -0.3952 -0.3465 -0.8507
vn 0.0998 0.1442 0.9845
vn -0.2007 -0.0199 -0.9795
vn -0.4242 0.0168 -0.9054
vn -0.9570 0.2036 -0.2068
vn -0.9426 0.2747 0.1901
vn -0.0998 0.1442 0.9845
vn -0.2582 0.7908 0.5550
vn -0.2715 0.4722 0.8386
vn 0.2579 0.7910 0.5548
vn 0.2715 0.4722 0.8387
vn 0.1614 -0.6374 0.7534
vn -0.0621 -0.5852 0.8085
vn -0.1614 -0.6374 0.7534
vn 0.0621 -0.5852 0.8085
vn 0.9814 0.0534 -0.1845
vn 0.9440 -0.0266 0.3289
vn 0.6554 0.0124 0.7552
vn 0.5291 0.0092 -0.8485
vn 0.1749 -0.0112 -0.9845
vn -0.9814 0.0534 -0.1845
vn -0.9440 -0.0266 0.3289
vn -0.6679 0.0202 0.7440
vn -0.5574 -0.0761 0.8268
vn -0.5986 -0.0683 0.7981
vn -0.5291 0.0092 -0.8485
vn -0.1749 -0.0112 -0.9845
vn 0.9693 0.1271 -0.2106
vn 0.9351 0.2604 0.2404
vn 0.5086 0.1259 0.8518
vn 0.1262 0.1094 0.9860
vn 0.1982 -0.0051 -0.9802
vn 0.4559 0.0134 -0.8899
vn -0.9693 0.1271 -0.2106
vn -0.9351 0.2604 0.2404
vn -0.5115 0.1140 0.8517
vn -0.1247 0.1068 0.9864
vn -0.1982 -0.0051 -0.9802
vn -0.4559 0.0134 -0.8899
vn 0.5614 -0.0863 0.8231
vt 0.000000 0.000000
vt 0.500000 0.000000
vt 1.000000 0.500000
vt 1.000000 1.000000
vt 1.000039 0.499817
vt -0.000025 -0.000058
vt 1.000000 0.000000
s 1
usemtl Yellow_Jacket
f 144/1/1 28/1/2 31/1/2 145/1/3
f 146/1/4 145/1/5 31/1/6 95/1/6
f 30/1/7 22/1/7 36/1/7 35/1/7
f 152/1/8 151/1/9 35/1/10 100/1/10
f 103/1/11 158/1/11 102/1/11 159/1/11 105/1/11
f 154/1/12 153/1/13 39/1/14 40/1/14
f 155/1/15 154/1/16 40/1/17 41/1/17
f 156/1/18 15/1/19 16/1/19 155/1/20
f 157/1/21 77/1/22 15/1/22 156/1/23
f 76/1/27 77/1/27 6/1/27
f 135/1/28 1/1/29 75/1/29 136/1/30
f 137/2/31 135/1/32 6/1/33 7/1/33
f 118/1/40 117/1/40 48/1/40 60/1/40
f 48/1/41 49/1/41 59/1/41 60/1/41
f 8/1/45 7/1/45 15/1/45 16/1/45
f 138/1/46 137/2/47 7/1/48 8/1/48
f 166/3/49 167/1/50 4/1/51 3/4/51
f 3/4/52 4/1/52 13/1/52 14/1/52
f 14/1/53 13/1/53 33/1/53 34/1/53
f 4/1/54 13/1/54 12/1/54 11/1/54
f 13/1/55 25/1/55 32/1/55 33/1/55
f 25/1/56 26/1/57 32/1/58
f 169/1/59 31/1/60 28/1/60 170/1/61
f 26/1/62 27/1/62 24/1/62
f 25/1/63 26/1/63 24/1/63
f 13/1/64 25/1/64 24/1/64 12/1/64
f 171/1/65 170/1/66 28/1/67 29/1/67
f 144/1/68 30/1/69 23/1/69 147/1/70
f 23/1/71 22/1/71 30/1/71
f 116/1/75 125/1/75 53/1/75 47/1/75
f 124/1/76 115/1/77 183/1/78
f 127/1/79 129/1/79 55/1/79 54/1/79
f 52/1/80 54/1/80 55/1/80 56/1/80
f 51/1/97 52/1/97 56/1/97 57/1/97
f 49/1/98 50/1/98 58/1/98 59/1/98
f 50/1/105 51/1/105 57/1/105 58/1/105
f 167/1/106 5/1/107 10/1/107 168/1/108
f 138/1/109 8/1/110 9/1/110 139/1/111
f 9/1/112 8/1/112 18/1/112 19/1/112
f 8/1/113 16/1/113 17/1/113 18/1/113
f 18/1/114 17/1/114 20/1/114
f 19/1/115 18/1/115 20/1/115 21/1/115
f 20/1/116 36/1/116 22/1/116 21/1/116
f 36/1/117 20/1/117 17/1/117 37/1/117
f 77/1/118 15/1/118 7/1/118 6/1/118
f 149/1/119 148/1/120 94/1/121 91/1/121
f 146/1/122 95/1/123 94/1/123 148/1/124
f 93/1/125 99/1/125 101/1/125 85/1/125
f 152/1/126 100/1/127 99/1/127 158/1/128
f 38/1/129 39/1/129 153/1/129 37/1/129 151/1/129
f 160/1/130 106/1/131 105/1/131 159/1/132
f 161/1/133 107/1/134 106/1/134 160/1/135
f 162/1/136 161/1/137 79/1/138 78/1/138
f 157/1/139 162/1/140 78/1/141 77/1/141
f 76/1/145 66/1/145 77/1/145
f 140/1/146 136/1/147 75/1/148 61/1/148
f 141/2/149 67/1/150 66/1/150 140/1/151
f 118/1/158 134/1/158 119/1/158 117/1/158
f 119/1/159 134/1/159 133/1/159 120/1/159
f 68/1/163 79/1/163 78/1/163 67/1/163
f 142/1/164 68/1/165 67/1/165 141/2/166
f 163/5/167 63/4/168 64/1/168 164/6/169
f 63/4/170 74/1/170 73/1/170 64/1/170
f 74/1/171 98/1/171 97/1/171 73/1/171
f 64/1/172 71/1/172 72/1/172 73/1/172
f 73/1/173 97/1/173 96/1/173 88/1/173
f 88/1/174 96/1/175 89/1/176
f 172/1/177 173/1/178 91/1/179 94/1/179
f 89/1/180 87/1/180 90/1/180
f 88/1/181 87/1/181 89/1/181
f 73/1/182 72/1/182 87/1/182 88/1/182
f 174/1/183 92/1/184 91/1/184 173/1/185
f 149/1/186 150/1/187 86/1/188 93/1/188
f 86/1/189 93/1/189 85/1/189
f 35/1/190 36/1/190 37/1/190 151/1/190
f 116/1/194 115/1/194 124/1/194 125/1/194
f 47/1/195 53/1/196 178/1/197
f 127/1/198 126/1/198 128/1/198 129/1/198
f 123/1/199 130/1/199 128/1/199 126/1/199
f 122/1/216 131/1/216 130/1/216 123/1/216
f 120/1/217 133/1/217 132/1/217 121/1/217
f 121/1/224 132/1/224 131/1/224 122/1/224
f 164/6/225 165/1/226 70/1/227 65/1/227
f 142/1/228 143/1/229 69/1/230 68/1/230
f 69/1/231 82/1/231 81/1/231 68/1/231
f 68/1/232 81/1/232 80/1/232 79/1/232
f 81/1/233 83/1/233 80/1/233
f 82/1/234 84/1/234 83/1/234 81/1/234
f 83/1/235 84/1/235 85/1/235 101/1/235
f 101/1/236 102/1/236 80/1/236 83/1/236
f 77/1/237 66/1/237 67/1/237 78/1/237
f 65/1/238 70/1/238 143/1/229 142/1/228
f 65/1/239 142/1/164 141/2/166 62/7/239
f 62/7/240 141/2/149 140/1/151 61/1/240
f 66/1/241 76/1/241 136/1/147 140/1/146
f 5/1/242 138/1/109 139/1/111 10/1/242
f 5/1/243 2/7/243 137/2/47 138/1/46
f 2/7/244 1/1/244 135/1/32 137/2/31
f 6/1/245 135/1/28 136/1/30 76/1/245
f 91/1/246 92/1/246 150/1/187 149/1/186
f 100/1/247 146/1/122 148/1/124 99/1/247
f 93/1/248 99/1/248 148/1/120 149/1/119
f 28/1/249 144/1/68 147/1/70 29/1/249
f 100/1/250 35/1/250 145/1/5 146/1/4
f 30/1/251 144/1/1 145/1/3 35/1/251
f 109/1/252 108/1/252 162/1/140 157/1/139
f 108/1/253 107/1/253 161/1/137 162/1/136
f 79/1/254 161/1/133 160/1/135 80/1/254
f 80/1/255 160/1/130 159/1/132 102/1/255
f 99/1/256 158/1/256 102/1/256 101/1/256
f 104/1/257 152/1/126 158/1/128 103/1/257
f 109/1/258 157/1/21 156/1/23 42/1/258
f 42/1/259 156/1/18 155/1/20 41/1/259
f 16/1/260 17/1/260 154/1/16 155/1/15
f 17/1/261 37/1/261 153/1/13 154/1/12
f 104/1/262 38/1/262 151/1/9 152/1/8
f 64/1/263 71/1/263 165/1/226 164/6/225
f 62/7/264 163/5/167 164/6/169 65/1/264
f 4/1/265 167/1/106 168/1/108 11/1/265
f 2/7/266 5/1/266 167/1/50 166/3/49
f 24/1/267 27/1/267 170/1/66 171/1/65
f 26/1/268 169/1/59 170/1/61 27/1/268
f 87/1/269 174/1/183 173/1/185 90/1/269
f 89/1/270 90/1/270 173/1/178 172/1/177
f 113/1/271 112/1/271 182/1/219 185/1/218
f 114/1/272 113/1/272 185/1/214 184/1/213
f 115/1/273 114/1/273 184/1/205 183/1/204
f 112/1/274 111/1/274 181/1/161 182/1/160
f 111/1/275 110/1/275 176/1/156 181/1/155
f 45/1/276 180/1/99 177/1/101 44/1/276
f 46/1/277 179/1/94 180/1/96 45/1/277
f 47/1/278 178/1/85 179/1/87 46/1/278
f 44/1/281 177/1/42 175/1/44 43/1/281
f 43/1/282 175/1/37 176/1/39 110/1/282
f 106/1/283 107/1/283 194/1/222 197/1/221
f 105/1/284 106/1/284 197/1/211 196/1/210
f 103/1/285 105/1/285 196/1/208 195/1/207
f 104/1/286 103/1/286 195/1/192 189/1/191
f 108/1/287 109/1/287 188/1/153 193/1/152
f 107/1/288 108/1/288 193/1/143 194/1/142
f 40/1/289 192/1/102 186/1/104 41/1/289
f 39/1/290 191/1/91 192/1/93 40/1/290
f 38/1/291 190/1/88 191/1/90 39/1/291
f 104/1/292 189/1/72 190/1/74 38/1/292
f 42/1/293 187/1/34 188/1/36 109/1/293
f 41/1/294 186/1/24 187/1/26 42/1/294
usemtl Reflective
f 186/1/24 44/1/25 43/1/25 187/1/26
f 187/1/34 43/1/35 110/1/35 188/1/36
f 175/1/37 48/1/38 117/1/38 176/1/39
f 177/1/42 49/1/43 48/1/43 175/1/44
f 189/1/72 116/1/73 47/1/73 190/1/74
f 125/1/81 127/1/82 54/1/83 53/1/84
f 178/1/85 52/1/86 51/1/86 179/1/87
f 190/1/88 47/1/89 46/1/89 191/1/90
f 191/1/91 46/1/92 45/1/92 192/1/93
f 179/1/94 51/1/95 50/1/95 180/1/96
f 180/1/99 50/1/100 49/1/100 177/1/101
f 192/1/102 45/1/103 44/1/103 186/1/104
f 194/1/142 193/1/143 111/1/144 112/1/144
f 193/1/152 188/1/153 110/1/154 111/1/154
f 181/1/155 176/1/156 117/1/157 119/1/157
f 182/1/160 181/1/161 119/1/162 120/1/162
f 189/1/191 195/1/192 115/1/193 116/1/193
f 125/1/200 124/1/201 126/1/202 127/1/203
f 183/1/204 184/1/205 122/1/206 123/1/206
f 195/1/207 196/1/208 114/1/209 115/1/209
f 196/1/210 197/1/211 113/1/212 114/1/212
f 184/1/213 185/1/214 121/1/215 122/1/215
f 185/1/218 182/1/219 120/1/220 121/1/220
f 197/1/221 194/1/222 112/1/223 113/1/223
f 52/1/279 178/1/197 53/1/196 54/1/280
f 183/1/78 123/1/295 126/1/295 124/1/76
o Shoes
v -0.500453 0.329865 -0.543349
v -0.478641 0.313529 -0.633059
v -0.416075 0.322586 -0.660119
v -0.351955 0.318873 -0.644501
v -0.314333 0.352599 -0.531666
v -0.345697 0.352134 -0.434950
v -0.424088 0.356427 -0.411671
v -0.478468 0.343044 -0.453935
v -0.497286 0.266468 -0.353153
v -0.434276 0.273632 -0.322332
v -0.352432 0.254550 -0.346847
v -0.301949 0.207414 -0.483138
v -0.304512 0.129325 -0.658801
v -0.407922 0.152713 -0.731670
v -0.522657 0.136677 -0.686639
v -0.550336 0.178981 -0.519667
v -0.437281 0.162544 -0.112638
v -0.518838 0.140681 -0.151015
v -0.585905 0.109436 -0.354297
v -0.610169 0.081342 -0.196011
v -0.572382 -0.001119 -0.373479
v -0.538677 0.005206 -0.547417
v -0.508726 -0.003654 -0.663204
v -0.620012 -0.018673 -0.206690
v -0.575330 0.078212 -0.011064
v -0.412615 0.123599 0.090766
v -0.418929 -0.004276 0.093277
v -0.579071 -0.018076 -0.024472
v -0.319916 -0.006234 -0.621545
v -0.304663 -0.001670 -0.532684
v -0.303406 0.108736 -0.332027
v -0.338330 0.127264 -0.132977
v -0.288807 0.038348 -0.139081
v -0.294668 0.007156 -0.352774
v -0.275020 -0.020350 -0.158179
v -0.292662 0.094461 -0.016411
v -0.282237 -0.023273 -0.016172
v -0.408750 -0.002688 -0.702410
v -0.433529 -0.006742 -0.529543
v -0.444497 -0.015630 -0.359271
v -0.461140 -0.024064 -0.190668
v 0.500453 0.329865 -0.543349
v 0.478641 0.313529 -0.633059
v 0.416075 0.322586 -0.660119
v 0.351955 0.318873 -0.644501
v 0.314333 0.352599 -0.531666
v 0.345697 0.352134 -0.434950
v 0.424088 0.356427 -0.411671
v 0.478468 0.343044 -0.453935
v 0.497286 0.266468 -0.353153
v 0.434276 0.273632 -0.322332
v 0.352432 0.254550 -0.346847
v 0.301949 0.207414 -0.483138
v 0.304512 0.129325 -0.658801
v 0.407922 0.152713 -0.731670
v 0.522657 0.136677 -0.686639
v 0.550336 0.178981 -0.519667
v 0.437281 0.162544 -0.112638
v 0.518838 0.140681 -0.151015
v 0.585905 0.109436 -0.354297
v 0.610169 0.081342 -0.196011
v 0.572382 -0.001119 -0.373479
v 0.538677 0.005206 -0.547417
v 0.508726 -0.003654 -0.663204
v 0.620012 -0.018673 -0.206690
v 0.575330 0.078212 -0.011064
v 0.412615 0.123599 0.090766
v 0.418929 -0.004276 0.093277
v 0.579071 -0.018076 -0.024472
v 0.319916 -0.006234 -0.621545
v 0.304663 -0.001670 -0.532684
v 0.303406 0.108736 -0.332027
v 0.338330 0.127264 -0.132977
v 0.288807 0.038348 -0.139081
v 0.294668 0.007156 -0.352774
v 0.275020 -0.020350 -0.158179
v 0.292662 0.094461 -0.016411
v 0.282237 -0.023273 -0.016172
v 0.408750 -0.002688 -0.702410
v 0.433529 -0.006742 -0.529543
v 0.444497 -0.015630 -0.359271
v 0.461140 -0.024064 -0.190668
vn 0.9380 0.1863 0.2922
vn 0.3023 0.6539 0.6936
vn -0.4553 0.7153 0.5302
vn -0.9256 0.3340 0.1783
vn 0.9689 0.1533 -0.1944
vn -0.3950 0.3477 -0.8503
vn 0.4835 0.2734 -0.8316
vn 0.9283 0.3296 0.1719
vn 0.3577 0.8178 0.4509
vn -0.3762 0.8127 0.4450
vn -0.9294 0.3519 0.1112
vn 0.8509 0.4874 -0.1962
vn 0.8716 0.4780 0.1084
vn 0.9873 0.1510 -0.0491
vn 0.9995 0.0238 -0.0193
vn 0.9974 -0.0506 -0.0514
vn 0.5923 -0.2108 -0.7776
vn -0.9261 0.2876 -0.2443
vn -0.3470 -0.1794 -0.9206
vn -0.9762 -0.0517 -0.2108
vn -0.5643 0.8234 0.0596
vn -0.7190 0.6823 0.1323
vn -0.9767 0.0133 -0.2141
vn -0.9796 -0.0773 -0.1857
vn -0.5827 0.8033 0.1234
vn -0.3787 0.8966 0.2297
vn 0.3494 0.9277 0.1312
vn 0.6470 0.0194 0.7622
vn 0.9908 0.1344 0.0144
vn -0.5604 -0.0151 0.8281
vn -0.9784 0.0429 0.2022
vn 0.0087 -0.9991 0.0421
vn -0.0371 -0.9984 0.0426
vn -0.0597 -0.9943 -0.0885
vn 0.0896 -0.9911 -0.0988
vn -0.1048 -0.9928 -0.0575
vn 0.0995 -0.9950 0.0001
vn -0.0528 -0.9986 0.0066
vn 0.0062 -1.0000 0.0022
vn 0.9380 -0.1863 -0.2922
vn 0.3023 -0.6539 -0.6936
vn -0.4553 -0.7153 -0.5302
vn -0.9256 -0.3340 -0.1783
vn 0.9689 -0.1533 0.1944
vn -0.3950 -0.3477 0.8503
vn 0.4835 -0.2734 0.8316
vn 0.9283 -0.3296 -0.1719
vn 0.3577 -0.8178 -0.4509
vn -0.3762 -0.8127 -0.4450
vn -0.9294 -0.3519 -0.1112
vn 0.8509 -0.4874 0.1962
vn 0.8716 -0.4780 -0.1084
vn 0.9873 -0.1510 0.0491
vn 0.9995 -0.0238 0.0193
vn 0.9974 0.0506 0.0514
vn 0.5923 0.2108 0.7776
vn -0.9261 -0.2876 0.2443
vn -0.3470 0.1794 0.9206
vn -0.9762 0.0517 0.2108
vn -0.5643 -0.8234 -0.0596
vn -0.7190 -0.6823 -0.1323
vn -0.9767 -0.0133 0.2141
vn -0.9796 0.0773 0.1857
vn -0.5827 -0.8033 -0.1234
vn -0.3787 -0.8966 -0.2297
vn 0.3494 -0.9277 -0.1312
vn 0.6470 -0.0194 -0.7622
vn 0.9908 -0.1344 -0.0144
vn -0.5604 0.0151 -0.8281
vn -0.9784 -0.0429 -0.2022
vn 0.0087 0.9991 -0.0421
vn -0.0371 0.9984 -0.0426
vn -0.0597 0.9943 0.0885
vn 0.0896 0.9911 0.0988
vn -0.1048 0.9928 0.0575
vn 0.0995 0.9950 -0.0001
vn -0.0528 0.9986 -0.0066
vn 0.0062 1.0000 -0.0022
vt 0.000000 0.000000
s 1
usemtl Black
f 230/8/309 232/8/309 231/8/309 228/8/309
f 227/8/310 209/8/310 228/8/310 231/8/310
f 226/8/311 210/8/311 209/8/311 227/8/311
f 211/8/312 210/8/312 226/8/312 235/8/312
f 211/8/314 235/8/314 220/8/314 212/8/314
f 213/8/315 219/8/315 218/8/315 216/8/315
f 217/8/318 216/8/318 218/8/318 221/8/318
f 219/8/319 213/8/319 212/8/319 220/8/319
f 224/8/323 234/8/323 233/8/323 223/8/323
f 232/8/324 230/8/324 233/8/324 234/8/324
f 222/8/325 225/8/325 224/8/325 223/8/325
f 221/8/326 225/8/326 222/8/326 217/8/326
f 224/8/327 225/8/327 221/8/327 238/8/327
f 232/8/328 234/8/328 224/8/328 238/8/328
f 221/8/329 218/8/329 237/8/329 238/8/329
f 237/8/330 231/8/330 232/8/330 238/8/330
f 218/8/331 219/8/331 236/8/331 237/8/331
f 236/8/332 227/8/332 231/8/332 237/8/332
f 219/8/333 220/8/333 235/8/333 236/8/333
f 236/8/334 235/8/334 226/8/334 227/8/334
f 271/8/348 273/8/348 272/8/348 269/8/348
f 268/8/349 250/8/349 269/8/349 272/8/349
f 267/8/350 251/8/350 250/8/350 268/8/350
f 252/8/351 251/8/351 267/8/351 276/8/351
f 252/8/353 276/8/353 261/8/353 253/8/353
f 254/8/354 260/8/354 259/8/354 257/8/354
f 258/8/357 257/8/357 259/8/357 262/8/357
f 260/8/358 254/8/358 253/8/358 261/8/358
f 265/8/362 275/8/362 274/8/362 264/8/362
f 273/8/363 271/8/363 274/8/363 275/8/363
f 263/8/364 266/8/364 265/8/364 264/8/364
f 262/8/365 266/8/365 263/8/365 258/8/365
f 265/8/366 266/8/366 262/8/366 279/8/366
f 273/8/367 275/8/367 265/8/367 279/8/367
f 262/8/368 259/8/368 278/8/368 279/8/368
f 278/8/369 272/8/369 273/8/369 279/8/369
f 259/8/370 260/8/370 277/8/370 278/8/370
f 277/8/371 268/8/371 272/8/371 278/8/371
f 260/8/372 261/8/372 276/8/372 277/8/372
f 277/8/373 276/8/373 267/8/373 268/8/373
usemtl Blue
f 202/8/296 203/8/296 208/8/296 209/8/296
f 205/8/299 198/8/299 213/8/299
f 201/8/300 202/8/300 209/8/300 210/8/300
f 199/8/301 200/8/301 211/8/301 212/8/301
f 200/8/302 201/8/302 210/8/302 211/8/302
f 208/8/303 229/8/303 228/8/303 209/8/303
f 206/8/306 205/8/306 213/8/306 215/8/306
f 230/8/307 229/8/307 233/8/307
f 229/8/308 230/8/308 228/8/308
f 212/8/313 213/8/313 198/8/313 199/8/313
f 216/8/316 217/8/316 215/8/316
f 215/8/317 213/8/317 216/8/317
f 217/8/320 222/8/320 215/8/320
f 243/8/335 244/8/335 249/8/335 250/8/335
f 246/8/338 239/8/338 254/8/338
f 242/8/339 243/8/339 250/8/339 251/8/339
f 240/8/340 241/8/340 252/8/340 253/8/340
f 241/8/341 242/8/341 251/8/341 252/8/341
f 249/8/342 270/8/342 269/8/342 250/8/342
f 247/8/345 246/8/345 254/8/345 256/8/345
f 271/8/346 270/8/346 274/8/346
f 270/8/347 271/8/347 269/8/347
f 253/8/352 254/8/352 239/8/352 240/8/352
f 257/8/355 258/8/355 256/8/355
f 256/8/356 254/8/356 257/8/356
f 258/8/359 263/8/359 256/8/359
usemtl White
f 207/8/297 208/8/297 203/8/297 204/8/297
f 206/8/298 207/8/298 204/8/298 205/8/298
f 208/8/304 207/8/304 214/8/304 229/8/304
f 206/8/305 215/8/305 214/8/305 207/8/305
f 222/8/321 223/8/321 214/8/321 215/8/321
f 223/8/322 233/8/322 229/8/322 214/8/322
f 248/8/336 249/8/336 244/8/336 245/8/336
f 247/8/337 248/8/337 245/8/337 246/8/337
f 249/8/343 248/8/343 255/8/343 270/8/343
f 247/8/344 256/8/344 255/8/344 248/8/344
f 263/8/360 264/8/360 255/8/360 256/8/360
f 264/8/361 274/8/361 270/8/361 255/8/361
o Pants
v 0.142947 2.886378 -0.743467
v 0.214635 2.852534 0.016988
v -0.003341 2.424901 -0.043933
v -0.003341 2.443510 -0.476719
v 0.175289 2.530997 -0.683150
v 0.009484 2.293721 -0.480956
v 0.058833 2.033089 -0.514273
v 0.211094 2.261610 -0.653946
v 0.382003 2.678327 -0.678128
v 0.361610 2.897184 -0.633127
v 0.427104 2.898399 -0.538248
v 0.456041 2.875347 -0.268052
v 0.511387 2.577531 -0.566458
v 0.399879 2.345861 -0.684047
v 0.221308 2.065985 -0.676409
v 0.400933 2.141567 -0.718768
v 0.512797 2.222481 -0.607173
v 0.543168 2.629247 -0.320384
v 0.561879 2.275746 -0.352544
v 0.542475 1.925960 -0.382624
v 0.501526 1.897676 -0.620110
v 0.398710 1.849182 -0.736814
v 0.234717 1.803205 -0.687999
v 0.110206 1.795275 -0.509487
v 0.106126 2.044296 -0.248157
v 0.309293 2.170612 -0.099176
v 0.503541 2.244191 -0.149079
v 0.458260 2.550794 -0.107019
v 0.283998 2.423932 -0.065016
v 0.063233 2.345547 -0.143616
v 0.155558 1.814089 -0.273896
v 0.323329 1.896827 -0.168983
v 0.470112 1.928189 -0.222352
v 0.436890 1.617811 -0.280345
v 0.334194 1.626597 -0.228211
v 0.192054 1.580097 -0.304170
v 0.142752 1.563801 -0.495324
v 0.253541 1.544574 -0.687658
v 0.402553 1.567432 -0.740322
v 0.481969 1.576746 -0.624606
v 0.511043 1.580115 -0.409251
v 0.458484 1.452273 -0.309170
v 0.513520 1.359025 -0.463201
v 0.504672 1.439693 -0.636657
v 0.507293 1.483239 -0.438811
v 0.409438 1.471594 -0.743547
v 0.256584 1.414739 -0.699593
v 0.162100 1.440787 -0.514721
v 0.219228 1.412614 -0.332143
v 0.264372 1.258321 -0.384552
v 0.203335 1.296649 -0.537070
v 0.349020 1.431904 -0.239488
v 0.367278 1.231874 -0.339664
v 0.452263 1.283994 -0.374545
v 0.575563 0.879934 -0.502845
v 0.604914 0.885472 -0.615767
v 0.562863 1.191530 -0.718805
v 0.461192 1.204514 -0.755188
v 0.288130 1.172754 -0.758438
v 0.247471 0.882026 -0.660378
v 0.295548 0.882139 -0.769941
v 0.467489 0.881477 -0.786657
v 0.589244 0.881258 -0.732993
v 0.502007 0.877676 -0.432336
v 0.413427 0.878272 -0.396151
v 0.299786 0.883382 -0.467058
v 0.227127 0.884228 -0.552633
v 0.427675 0.153417 -0.437064
v 0.487553 0.169790 -0.459271
v 0.515034 0.166737 -0.526371
v 0.513147 0.164354 -0.617163
v 0.561512 0.602866 -0.685745
v 0.469610 0.604088 -0.741588
v 0.338023 0.588305 -0.737824
v 0.350884 0.171963 -0.629407
v 0.434737 0.171147 -0.672291
v 0.325249 0.162147 -0.544758
v 0.348533 0.153046 -0.488732
v 0.377114 2.872805 -0.054393
v -0.000662 2.837243 0.036911
v -0.149629 2.886378 -0.743467
v -0.003341 2.879938 -0.753626
v -0.215958 2.852534 0.016988
v -0.003341 2.565062 -0.665315
v -0.003341 2.625160 -0.712114
v -0.181972 2.530997 -0.683150
v -0.016166 2.293721 -0.480956
v -0.060156 2.033089 -0.514273
v -0.217777 2.261610 -0.653946
v -0.388685 2.678327 -0.678128
v -0.368292 2.897184 -0.633127
v -0.428444 2.898399 -0.538248
v -0.457364 2.875347 -0.268052
v -0.518069 2.577531 -0.566458
v -0.406561 2.345861 -0.684047
v -0.222631 2.065985 -0.676409
v -0.402256 2.141567 -0.718768
v -0.514121 2.222481 -0.607173
v -0.544491 2.629247 -0.320384
v -0.563203 2.275746 -0.352544
v -0.543798 1.925960 -0.382624
v -0.502849 1.897676 -0.620110
v -0.400033 1.849182 -0.736814
v -0.236041 1.803205 -0.687999
v -0.111529 1.795275 -0.509487
v -0.107449 2.044296 -0.248157
v -0.310616 2.170612 -0.099176
v -0.504864 2.244191 -0.149079
v -0.459583 2.550794 -0.107019
v -0.285321 2.423932 -0.065016
v -0.067236 2.360187 -0.090076
v -0.156881 1.814089 -0.273896
v -0.324652 1.896827 -0.168983
v -0.471435 1.928189 -0.222352
v -0.438213 1.617811 -0.280345
v -0.335518 1.626597 -0.228211
v -0.193377 1.580097 -0.304170
v -0.144076 1.563801 -0.495324
v -0.254864 1.544574 -0.687658
v -0.403877 1.567432 -0.740322
v -0.483293 1.576746 -0.624606
v -0.512366 1.580115 -0.409251
v -0.459807 1.452273 -0.309170
v -0.514844 1.359025 -0.463201
v -0.505995 1.439693 -0.636657
v -0.508616 1.483239 -0.438811
v -0.410761 1.471594 -0.743547
v -0.257907 1.414739 -0.699593
v -0.163423 1.440787 -0.514721
v -0.220551 1.412614 -0.332143
v -0.265695 1.258321 -0.384552
v -0.204658 1.296649 -0.537070
v -0.350343 1.431904 -0.239488
v -0.368601 1.231874 -0.339664
v -0.453587 1.283994 -0.374545
v -0.576887 0.879934 -0.502845
v -0.606237 0.885472 -0.615767
v -0.564186 1.191530 -0.718805
v -0.462515 1.204514 -0.755188
v -0.289454 1.172754 -0.758438
v -0.248795 0.882026 -0.660378
v -0.296872 0.882139 -0.769941
v -0.468812 0.881477 -0.786657
v -0.590567 0.881258 -0.732993
v -0.503330 0.877676 -0.432336
v -0.414750 0.878272 -0.396151
v -0.301110 0.883382 -0.467058
v -0.228450 0.884228 -0.552633
v -0.428998 0.153417 -0.437064
v -0.488876 0.169790 -0.459271
v -0.516358 0.166737 -0.526371
v -0.514470 0.164354 -0.617163
v -0.562835 0.602866 -0.685745
v -0.470933 0.604088 -0.741588
v -0.339346 0.588305 -0.737824
v -0.352207 0.171963 -0.629407
v -0.436061 0.171147 -0.672291
v -0.326572 0.162147 -0.544758
v -0.349856 0.153046 -0.488732
v -0.378437 2.872805 -0.054393
vn 0.0181 0.1163 -0.9930
vn 0.0194 0.1224 -0.9923
vn 0.0095 0.1001 -0.9949
vn -0.0209 0.2052 -0.9785
vn 0.0050 0.2164 -0.9763
vn 0.0109 0.2155 -0.9764
vn -0.0095 0.2086 -0.9780
vn -0.1992 0.0193 0.9798
vn -0.1951 0.0246 0.9805
vn -0.1975 0.0165 0.9802
vn -0.1932 0.0247 0.9808
vn -0.0808 0.2429 0.9667
vn -0.0805 0.2385 0.9678
vn -0.0809 0.2430 0.9667
vn -0.0806 0.2390 0.9677
vn 0.1257 0.6112 0.7814
vn 0.1257 0.6099 0.7824
vn 0.1257 0.6107 0.7818
vn 0.3272 0.6440 0.6916
vn 0.3308 0.6445 0.6894
vn 0.3057 0.6420 0.7031
vn 0.9757 -0.0602 -0.2106
vn 0.9922 -0.0361 -0.1195
vn 0.9970 -0.0428 -0.0644
vn 0.9967 -0.0273 -0.0758
vn -0.2012 0.0729 -0.9768
vn -0.2120 0.0678 -0.9749
vn -0.2143 0.0293 -0.9763
vn -0.2124 0.0637 -0.9751
vn -0.7891 -0.2770 0.5483
vn -0.9442 -0.3036 0.1279
vn -0.9024 -0.1964 -0.3835
vn -0.3466 0.2319 -0.9089
vn -0.2884 0.0934 -0.9529
vn 0.2953 0.2993 -0.9073
vn 0.9617 0.2232 -0.1594
vn 0.9613 0.2246 -0.1597
vn 0.9611 0.2244 -0.1607
vn 0.9619 0.2229 -0.1581
vn 0.7218 0.0490 0.6904
vn 0.7103 0.0317 0.7032
vn 0.7177 0.0486 0.6946
vn 0.7246 0.0403 0.6880
vn 0.0078 0.0257 0.9996
vn 0.0079 0.0257 0.9996
vn -0.6397 -0.1665 0.7504
vn -0.6397 -0.1665 0.7503
vn -0.9847 -0.0453 0.1685
vn -0.9400 -0.0532 -0.3371
vn -0.9369 0.1250 -0.3266
vn -0.9841 0.0336 0.1745
vn -0.6361 -0.1059 0.7643
vn 0.2455 -0.1304 0.9606
vn 0.6772 -0.0015 0.7358
vn 0.4630 0.2210 -0.8584
vn -0.3969 0.1963 -0.8966
vn -0.8742 0.1458 -0.4631
vn -0.9866 0.0686 0.1478
vn -0.7230 -0.0189 0.6906
vn 0.2713 -0.0459 0.9614
vn 0.7564 0.0891 0.6480
vn 0.9580 0.2148 -0.1898
vn 0.4317 0.1968 -0.8803
vn 0.9625 0.1506 -0.2259
vn 0.8412 0.1039 0.5306
vn 0.3069 0.0073 0.9517
vn -0.7884 0.0124 0.6151
vn -0.9910 -0.0025 0.1338
vn -0.9846 -0.1675 0.0499
vn -0.9982 -0.0550 0.0253
vn -0.9373 0.0213 -0.3478
vn -0.9375 0.1342 -0.3209
vn -0.8700 -0.0278 -0.4923
vn -0.4993 0.0458 -0.8652
vn 0.4945 0.1501 -0.8561
vn 0.9439 0.1974 -0.2649
vn 0.9471 0.1895 -0.2591
vn 0.9466 0.1905 -0.2601
vn 0.9466 0.1899 -0.2603
vn 0.8676 0.0586 0.4939
vn 0.8890 -0.0212 0.4574
vn 0.3163 -0.0497 0.9473
vn -0.7859 -0.1394 0.6025
vn -0.6061 -0.2658 0.7497
vn 0.1528 -0.1110 0.9820
vn 0.8851 0.1872 0.4260
vn 0.9096 0.3274 -0.2558
vn 0.4716 0.4186 -0.7761
vn -0.5396 0.3304 -0.7744
vn -0.8773 0.2016 -0.4355
vn -0.9890 -0.1451 -0.0273
vn -0.9815 -0.1520 -0.1160
vn -0.7571 -0.0237 -0.6528
vn -0.3995 0.0868 -0.9126
vn 0.4847 0.2160 -0.8476
vn 0.8738 0.1243 -0.4702
vn 0.9622 0.0217 0.2713
vn 0.5366 0.0594 -0.8417
vn -0.3697 0.0440 -0.9281
vn -0.8043 0.0634 -0.5909
vn -0.9856 0.1069 -0.1312
vn -0.9858 0.1231 0.1143
vn -0.4489 0.1665 0.8780
vn -0.3768 -0.0859 0.9223
vn 0.0451 -0.0688 0.9966
vn 0.9105 0.0120 0.4132
vn 0.0598 0.1383 0.9886
vn -0.5308 0.1817 0.8278
vn 0.1945 0.1961 0.9611
vn 0.8838 0.1562 0.4411
vn 0.9615 0.1417 0.2354
vn 0.8275 0.0889 -0.5544
vn -0.0188 0.1158 -0.9931
vn -0.0102 0.0994 -0.9950
vn -0.0203 0.1224 -0.9923
vn 0.0011 0.1101 -0.9939
vn 0.0224 0.1280 -0.9915
vn -0.0055 0.1104 -0.9939
vn 0.0015 0.1326 -0.9912
vn 0.1992 0.0193 0.9798
vn 0.1933 0.0247 0.9808
vn 0.1975 0.0165 0.9802
vn 0.1951 0.0246 0.9805
vn 0.0807 0.2429 0.9667
vn 0.0806 0.2391 0.9676
vn 0.0809 0.2430 0.9667
vn 0.0805 0.2385 0.9678
vn -0.1257 0.6112 0.7814
vn -0.1257 0.6107 0.7818
vn -0.1257 0.6099 0.7824
vn -0.3272 0.6439 0.6916
vn -0.3058 0.6420 0.7031
vn -0.3308 0.6445 0.6894
vn -0.9934 -0.0656 -0.0946
vn -0.9967 -0.0334 -0.0734
vn -0.9971 -0.0534 -0.0550
vn -0.9961 -0.0554 -0.0687
vn 0.2011 0.0729 -0.9769
vn 0.2123 0.0637 -0.9751
vn 0.2143 0.0293 -0.9763
vn 0.2119 0.0678 -0.9749
vn 0.8116 -0.2700 0.5180
vn 0.9431 -0.3108 0.1184
vn 0.9024 -0.1964 -0.3835
vn 0.3466 0.2319 -0.9089
vn 0.2884 0.0934 -0.9529
vn -0.1660 0.3664 -0.9155
vn -0.1704 0.3623 -0.9164
vn -0.1672 0.3707 -0.9136
vn -0.1723 0.3662 -0.9144
vn -0.9651 0.2178 -0.1452
vn -0.9656 0.2168 -0.1439
vn -0.9657 0.2162 -0.1438
vn -0.9653 0.2174 -0.1444
vn -0.7218 0.0490 0.6904
vn -0.7245 0.0404 0.6880
vn -0.7177 0.0486 0.6946
vn -0.7103 0.0318 0.7032
vn -0.0078 0.0257 0.9996
vn -0.0079 0.0257 0.9996
vn 0.6408 -0.1720 0.7482
vn 0.6407 -0.1721 0.7482
vn 0.9870 -0.0367 0.1565
vn 0.9400 -0.0532 -0.3371
vn 0.9369 0.1250 -0.3266
vn 0.9841 0.0336 0.1745
vn 0.6470 -0.0925 0.7568
vn -0.2480 -0.1368 0.9591
vn -0.6772 -0.0174 0.7356
vn -0.4630 0.2210 -0.8584
vn 0.3969 0.1963 -0.8966
vn 0.8742 0.1458 -0.4631
vn 0.9866 0.0686 0.1478
vn 0.7230 -0.0189 0.6906
vn -0.2713 -0.0459 0.9614
vn -0.7564 0.0891 0.6480
vn -0.9580 0.2148 -0.1898
vn -0.4317 0.1968 -0.8803
vn -0.9625 0.1506 -0.2259
vn -0.8412 0.1039 0.5306
vn -0.3069 0.0073 0.9517
vn 0.7884 0.0124 0.6151
vn 0.9910 -0.0025 0.1338
vn 0.9846 -0.1675 0.0499
vn 0.9982 -0.0550 0.0253
vn 0.9373 0.0213 -0.3478
vn 0.9375 0.1342 -0.3209
vn 0.8700 -0.0278 -0.4923
vn 0.4993 0.0458 -0.8652
vn -0.4945 0.1501 -0.8561
vn -0.9439 0.1974 -0.2649
vn -0.9466 0.1905 -0.2601
vn -0.9471 0.1895 -0.2591
vn -0.9466 0.1899 -0.2603
vn -0.8676 0.0586 0.4939
vn -0.8890 -0.0212 0.4574
vn -0.3163 -0.0497 0.9473
vn 0.7859 -0.1394 0.6024
vn 0.6061 -0.2658 0.7497
vn -0.1528 -0.1110 0.9820
vn -0.8851 0.1872 0.4260
vn -0.9096 0.3274 -0.2558
vn -0.4716 0.4186 -0.7761
vn 0.5396 0.3304 -0.7744
vn 0.8773 0.2016 -0.4355
vn 0.9890 -0.1451 -0.0273
vn 0.9815 -0.1520 -0.1160
vn 0.7571 -0.0237 -0.6528
vn 0.3995 0.0868 -0.9126
vn -0.4847 0.2160 -0.8476
vn -0.8738 0.1243 -0.4702
vn -0.9622 0.0217 0.2713
vn -0.5366 0.0594 -0.8417
vn 0.3697 0.0440 -0.9281
vn 0.8043 0.0634 -0.5909
vn 0.9856 0.1069 -0.1312
vn 0.9858 0.1231 0.1143
vn 0.4489 0.1665 0.8780
vn 0.3768 -0.0859 0.9223
vn -0.0451 -0.0688 0.9966
vn -0.9105 0.0120 0.4132
vn -0.0598 0.1383 0.9886
vn 0.5308 0.1817 0.8278
vn -0.1945 0.1961 0.9611
vn -0.8838 0.1562 0.4411
vn -0.9615 0.1417 0.2354
vn -0.8275 0.0889 -0.5544
vt 0.000000 0.000000
s 1
usemtl Blue_Jeans
f 281/9/374 282/9/375 359/9/376
f 282/9/377 281/9/378 308/9/379 309/9/380
f 280/9/381 284/9/382 288/9/383 289/9/384
f 280/9/385 361/9/386 364/9/387 284/9/388
f 364/9/389 363/9/390 284/9/391
f 283/9/392 284/9/393 363/9/394
f 282/9/395 309/9/396 285/9/397 283/9/398
f 307/9/399 308/9/400 281/9/401 358/9/402
f 289/9/403 288/9/403 290/9/403
f 291/9/404 290/9/404 292/9/404 297/9/404
f 291/9/405 297/9/405 307/9/405 358/9/405
f 306/9/406 312/9/406 311/9/406 305/9/406
f 305/9/407 308/9/407 307/9/407 306/9/407
f 304/9/408 309/9/408 308/9/408 305/9/408
f 285/9/409 309/9/410 304/9/411 286/9/412
f 284/9/413 283/9/414 285/9/415 287/9/416
f 287/9/417 293/9/418 288/9/418 284/9/417
f 288/9/419 293/9/419 292/9/420 290/9/420
f 296/9/421 298/9/421 297/9/421 292/9/421
f 297/9/422 298/9/422 306/9/422 307/9/422
f 299/9/423 312/9/423 306/9/423 298/9/423
f 296/9/424 300/9/424 299/9/424 298/9/424
f 292/9/425 293/9/425 295/9/425 296/9/425
f 293/9/426 287/9/426 294/9/426 295/9/426
f 286/9/427 294/9/427 287/9/427 285/9/427
f 305/9/428 311/9/428 310/9/428 304/9/428
f 311/9/429 312/9/429 313/9/429 314/9/429
f 313/9/430 312/9/430 299/9/430 320/9/430
f 299/9/431 300/9/431 319/9/431 320/9/431
f 301/9/432 300/9/432 296/9/432 295/9/432
f 302/9/433 301/9/433 295/9/433 294/9/433
f 303/9/434 302/9/434 294/9/434 286/9/434
f 310/9/435 303/9/435 286/9/435 304/9/435
f 310/9/436 311/9/436 314/9/436 315/9/436
f 315/9/437 316/9/437 303/9/437 310/9/437
f 302/9/438 303/9/438 316/9/438 317/9/438
f 301/9/439 302/9/439 317/9/439 318/9/439
f 300/9/440 301/9/440 318/9/440 319/9/440
f 320/9/441 319/9/441 324/9/441
f 323/9/442 324/9/442 319/9/442
f 323/9/443 322/9/443 324/9/443
f 322/9/444 321/9/444 324/9/444
f 321/9/445 320/9/445 324/9/445
f 320/9/446 321/9/446 313/9/446
f 314/9/447 313/9/447 321/9/447 331/9/447
f 314/9/448 331/9/448 328/9/448 315/9/448
f 328/9/449 327/9/450 315/9/451
f 315/9/451 327/9/450 316/9/452
f 317/9/453 316/9/453 327/9/453
f 326/9/454 317/9/454 327/9/454
f 318/9/455 317/9/455 326/9/455 325/9/455
f 319/9/456 318/9/456 325/9/456 323/9/456
f 325/9/457 337/9/457 336/9/457 323/9/457
f 326/9/458 338/9/458 337/9/458 325/9/458
f 327/9/459 330/9/459 326/9/459
f 327/9/460 328/9/460 329/9/460 330/9/460
f 329/9/461 328/9/461 331/9/461 332/9/461
f 321/9/462 333/9/462 332/9/462 331/9/462
f 322/9/463 333/9/463 321/9/463
f 335/9/464 323/9/464 336/9/464 342/9/464
f 323/9/465 335/9/465 334/9/465 322/9/465
f 333/9/466 322/9/466 334/9/466 343/9/466
f 332/9/467 333/9/467 343/9/467 344/9/467
f 329/9/468 332/9/468 344/9/468 345/9/468
f 330/9/469 329/9/469 345/9/469 346/9/469
f 330/9/470 346/9/470 339/9/470 326/9/470
f 345/9/471 344/9/471 347/9/471 357/9/471
f 348/9/472 347/9/472 344/9/472 343/9/472
f 349/9/473 348/9/473 343/9/473 334/9/473
f 350/9/474 349/9/474 334/9/474 335/9/474
f 342/9/475 351/9/475 350/9/475 335/9/475
f 341/9/476 352/9/476 351/9/476 342/9/476
f 336/9/477 337/9/477 341/9/477 342/9/477
f 337/9/478 338/9/478 340/9/478 341/9/478
f 338/9/479 326/9/479 339/9/479 340/9/479
f 340/9/480 353/9/480 352/9/480 341/9/480
f 352/9/481 355/9/481 350/9/481 351/9/481
f 352/9/482 353/9/482 354/9/482 355/9/482
f 339/9/483 354/9/483 353/9/483 340/9/483
f 356/9/484 354/9/484 339/9/484 346/9/484
f 357/9/485 356/9/485 346/9/485 345/9/485
f 362/9/486 359/9/487 282/9/488
f 282/9/489 390/9/490 389/9/491 362/9/492
f 360/9/493 370/9/494 369/9/495 365/9/496
f 360/9/497 365/9/498 364/9/499 361/9/500
f 364/9/501 365/9/502 363/9/503
f 283/9/504 363/9/505 365/9/506
f 282/9/507 283/9/508 366/9/509 390/9/510
f 388/9/511 439/9/512 362/9/513 389/9/514
f 370/9/515 371/9/515 369/9/515
f 372/9/516 378/9/516 373/9/516 371/9/516
f 372/9/517 439/9/517 388/9/517 378/9/517
f 387/9/518 386/9/518 392/9/518 393/9/518
f 386/9/519 387/9/519 388/9/519 389/9/519
f 385/9/520 386/9/521 389/9/522 390/9/523
f 366/9/524 367/9/525 385/9/526 390/9/527
f 365/9/528 368/9/529 366/9/530 283/9/531
f 368/9/532 365/9/532 369/9/533 374/9/533
f 369/9/534 371/9/535 373/9/534 374/9/535
f 377/9/536 373/9/536 378/9/536 379/9/536
f 378/9/537 388/9/537 387/9/537 379/9/537
f 380/9/538 379/9/538 387/9/538 393/9/538
f 377/9/539 379/9/539 380/9/539 381/9/539
f 373/9/540 377/9/540 376/9/540 374/9/540
f 374/9/541 376/9/541 375/9/541 368/9/541
f 367/9/542 366/9/542 368/9/542 375/9/542
f 386/9/543 385/9/543 391/9/543 392/9/543
f 392/9/544 395/9/544 394/9/544 393/9/544
f 394/9/545 401/9/545 380/9/545 393/9/545
f 380/9/546 401/9/546 400/9/546 381/9/546
f 382/9/547 376/9/547 377/9/547 381/9/547
f 383/9/548 375/9/548 376/9/548 382/9/548
f 384/9/549 367/9/549 375/9/549 383/9/549
f 391/9/550 385/9/550 367/9/550 384/9/550
f 391/9/551 396/9/551 395/9/551 392/9/551
f 396/9/552 391/9/552 384/9/552 397/9/552
f 383/9/553 398/9/553 397/9/553 384/9/553
f 382/9/554 399/9/554 398/9/554 383/9/554
f 381/9/555 400/9/555 399/9/555 382/9/555
f 401/9/556 405/9/556 400/9/556
f 404/9/557 400/9/557 405/9/557
f 404/9/558 405/9/558 403/9/558
f 403/9/559 405/9/559 402/9/559
f 402/9/560 405/9/560 401/9/560
f 401/9/561 394/9/561 402/9/561
f 395/9/562 412/9/562 402/9/562 394/9/562
f 395/9/563 396/9/563 409/9/563 412/9/563
f 409/9/564 396/9/565 408/9/566
f 396/9/565 397/9/567 408/9/566
f 398/9/568 408/9/568 397/9/568
f 407/9/569 408/9/569 398/9/569
f 399/9/570 406/9/570 407/9/570 398/9/570
f 400/9/571 404/9/571 406/9/571 399/9/571
f 406/9/572 404/9/572 417/9/572 418/9/572
f 407/9/573 406/9/573 418/9/573 419/9/573
f 408/9/574 407/9/574 411/9/574
f 408/9/575 411/9/575 410/9/575 409/9/575
f 410/9/576 413/9/576 412/9/576 409/9/576
f 402/9/577 412/9/577 413/9/577 414/9/577
f 403/9/578 402/9/578 414/9/578
f 416/9/579 423/9/579 417/9/579 404/9/579
f 404/9/580 403/9/580 415/9/580 416/9/580
f 414/9/581 424/9/581 415/9/581 403/9/581
f 413/9/582 425/9/582 424/9/582 414/9/582
f 410/9/583 426/9/583 425/9/583 413/9/583
f 411/9/584 427/9/584 426/9/584 410/9/584
f 411/9/585 407/9/585 420/9/585 427/9/585
f 426/9/586 438/9/586 428/9/586 425/9/586
f 429/9/587 424/9/587 425/9/587 428/9/587
f 430/9/588 415/9/588 424/9/588 429/9/588
f 431/9/589 416/9/589 415/9/589 430/9/589
f 423/9/590 416/9/590 431/9/590 432/9/590
f 422/9/591 423/9/591 432/9/591 433/9/591
f 417/9/592 423/9/592 422/9/592 418/9/592
f 418/9/593 422/9/593 421/9/593 419/9/593
f 419/9/594 421/9/594 420/9/594 407/9/594
f 421/9/595 422/9/595 433/9/595 434/9/595
f 433/9/596 432/9/596 431/9/596 436/9/596
f 433/9/597 436/9/597 435/9/597 434/9/597
f 420/9/598 421/9/598 434/9/598 435/9/598
f 437/9/599 427/9/599 420/9/599 435/9/599
f 438/9/600 426/9/600 427/9/600 437/9/600
o Reduced_Body
v 0.055302 3.991044 0.004760
v 0.201256 4.005729 -0.010096
v 0.058694 4.195057 -0.152470
v 0.171016 4.217424 -0.153999
v 0.268486 4.237395 -0.190391
v 0.364331 4.046987 -0.088246
v 0.040652 3.747043 0.037249
v 0.204223 3.706767 0.006961
v 0.455465 3.775306 -0.098419
v 0.553979 3.907891 -0.247236
v 0.445953 4.089153 -0.201808
v 0.346275 4.255131 -0.246669
v 0.536858 4.157563 -0.312211
v 0.396772 4.256042 -0.300117
v 0.285003 4.347321 -0.434902
v 0.215463 4.389311 -0.422126
v 0.156696 4.337630 -0.259583
v 0.062002 4.281312 -0.209591
v -0.000784 4.320091 -0.214959
v 0.065738 4.331003 -0.233221
v 0.195109 3.643006 -0.008907
v 0.464681 3.678130 -0.120436
v 0.492464 3.610573 -0.322066
v 0.513927 3.700446 -0.266806
v 0.544383 3.806989 -0.330928
v 0.507538 3.859400 -0.346126
v 0.585321 4.042494 -0.327108
v 0.388823 4.295664 -0.425430
v 0.584312 4.175734 -0.429834
v 0.641618 4.055163 -0.441466
v 0.598603 3.995595 -0.338443
v 0.654585 4.003372 -0.445465
v 0.504800 3.683496 -0.368736
v 0.522853 3.769156 -0.426712
v 0.485012 3.753664 -0.431760
v 0.464546 3.789279 -0.524901
v 0.505657 3.798460 -0.574662
v 0.546495 3.922416 -0.646999
v 0.526459 3.833058 -0.574602
v 0.608535 3.953558 -0.560208
v 0.585115 4.019855 -0.561474
v 0.547799 4.169755 -0.554976
v 0.379643 4.287958 -0.541269
v 0.299549 4.336100 -0.556910
v 0.221356 4.396567 -0.505796
v 0.123585 4.354235 -0.572991
v 0.247951 4.225190 -0.649504
v 0.328799 4.042378 -0.721663
v 0.452495 4.145466 -0.690397
v 0.352437 3.797009 -0.673854
v 0.155256 4.017676 -0.730899
v 0.084175 4.466200 -0.514539
v 0.137241 4.448337 -0.471607
v 0.165792 4.427578 -0.409347
v 0.150194 4.400573 -0.318503
v 0.165891 3.746351 -0.705772
v 0.476003 3.718009 -0.546188
v 0.457194 3.620246 -0.519086
v 0.131244 3.470339 -0.602207
v 0.419619 3.485059 -0.493816
v 0.463483 3.484152 -0.299368
v 0.421645 3.495886 -0.113724
v 0.204211 3.546938 -0.006836
v 0.214966 3.282136 -0.006619
v 0.404694 3.315324 -0.116687
v 0.435148 3.330953 -0.289338
v 0.370787 3.321550 -0.460961
v 0.141243 3.317962 -0.545707
v 0.223658 3.008142 0.001176
v 0.387050 3.070094 -0.124091
v 0.429830 3.109545 -0.294784
v 0.385839 3.107790 -0.462763
v 0.241325 3.086552 -0.560261
v 0.079741 3.152019 -0.567209
v 0.123394 2.992832 -0.610497
v 0.157437 2.829384 -0.700153
v 0.179067 2.744712 -0.632589
v 0.337567 2.861625 -0.617691
v 0.411536 2.895393 -0.477318
v 0.448359 2.896714 -0.303514
v 0.389686 2.824193 -0.118853
v 0.247362 2.734427 -0.020311
v 0.230576 2.674351 -0.104594
v 0.048264 2.563991 -0.182884
v 0.021471 2.536640 -0.481340
v 0.199794 2.512266 -0.618451
v 0.214489 2.461270 -0.584927
v 0.063215 2.206608 -0.488112
v 0.103726 1.993076 -0.470558
v 0.238221 2.178734 -0.638275
v 0.384893 2.505604 -0.647838
v 0.388260 2.575319 -0.587301
v 0.342833 2.769474 -0.663359
v 0.427996 2.775595 -0.537844
v 0.448520 2.833733 -0.328264
v 0.498888 2.452967 -0.562331
v 0.402094 2.251867 -0.664403
v 0.244762 2.021631 -0.611298
v 0.400683 2.087240 -0.648068
v 0.497786 2.157476 -0.551199
v 0.524149 2.510566 -0.341469
v 0.540391 2.203712 -0.369385
v 0.523548 1.900084 -0.395495
v 0.488002 1.875532 -0.562429
v 0.398754 1.833437 -0.663733
v 0.256401 1.793527 -0.621359
v 0.148320 1.786643 -0.466403
v 0.144778 2.002804 -0.278773
v 0.321136 2.112452 -0.149451
v 0.489751 2.176322 -0.192768
v 0.450445 2.442466 -0.156259
v 0.299179 2.332344 -0.119798
v 0.107546 2.206234 -0.249429
v 0.187687 1.802975 -0.301115
v 0.333320 1.874795 -0.210046
v 0.460733 1.902018 -0.256372
v 0.431896 1.632597 -0.306713
v 0.342751 1.640224 -0.261458
v 0.219368 1.599860 -0.327394
v 0.176572 1.585715 -0.454110
v 0.272741 1.569025 -0.621063
v 0.402090 1.588867 -0.666778
v 0.471026 1.596951 -0.566332
v 0.496263 1.599876 -0.418609
v 0.450640 1.488904 -0.331734
v 0.498414 1.407960 -0.465439
v 0.446277 1.477983 -0.576792
v 0.493008 1.515784 -0.444268
v 0.408066 1.505675 -0.669578
v 0.275383 1.456322 -0.631424
v 0.193366 1.478933 -0.470947
v 0.242956 1.454478 -0.351676
v 0.282143 1.320545 -0.397169
v 0.229160 1.353816 -0.490346
v 0.355620 1.471222 -0.271247
v 0.371469 1.297588 -0.358205
v 0.445240 1.342831 -0.388482
v 0.542438 0.992090 -0.499852
v 0.533290 0.996897 -0.597873
v 0.496789 1.262568 -0.687314
v 0.452991 1.273839 -0.695041
v 0.302766 1.246270 -0.721717
v 0.292581 0.993905 -0.636598
v 0.309205 0.994004 -0.731703
v 0.458457 0.993429 -0.722358
v 0.564145 0.993238 -0.699630
v 0.488420 0.990129 -0.438648
v 0.411528 0.990647 -0.407237
v 0.312884 0.995083 -0.468787
v 0.274921 0.995817 -0.543070
v 0.423897 0.361442 -0.442752
v 0.475873 0.375655 -0.462028
v 0.499728 0.373005 -0.520274
v 0.498090 0.370936 -0.599085
v 0.540073 0.751583 -0.658617
v 0.460298 0.752644 -0.740924
v 0.346075 0.738943 -0.703824
v 0.357239 0.377541 -0.609713
v 0.430027 0.376833 -0.646938
v 0.334987 0.369021 -0.536234
v 0.355198 0.361121 -0.487601
v 0.491711 0.266899 -0.535686
v 0.474063 0.253681 -0.608272
v 0.423440 0.261009 -0.630166
v 0.371559 0.258005 -0.617529
v 0.341119 0.285293 -0.526233
v 0.366496 0.284917 -0.447978
v 0.429924 0.288390 -0.429143
v 0.473923 0.277562 -0.463340
v 0.489149 0.215603 -0.381795
v 0.438167 0.221399 -0.356858
v 0.371945 0.205960 -0.376693
v 0.331099 0.167822 -0.486968
v 0.333173 0.104639 -0.629100
v 0.416843 0.123562 -0.688059
v 0.509677 0.110588 -0.651623
v 0.532072 0.144816 -0.516524
v 0.440598 0.131517 -0.187191
v 0.506587 0.113827 -0.218243
v 0.560852 0.088546 -0.382721
v 0.580485 0.065815 -0.254650
v 0.549910 0.012112 -0.398241
v 0.522639 0.017231 -0.538977
v 0.498405 0.010062 -0.632662
v 0.588449 -0.002090 -0.263290
v 0.552296 0.063282 -0.105006
v 0.420641 0.100006 -0.022614
v 0.425750 0.009558 -0.020582
v 0.555322 -0.001607 -0.115855
v 0.345637 0.007974 -0.598955
v 0.333295 0.011667 -0.527057
v 0.332278 0.087980 -0.364702
v 0.360535 0.102971 -0.203648
v 0.320466 0.031028 -0.208586
v 0.325208 0.018808 -0.381489
v 0.309311 -0.003447 -0.224039
v 0.323585 0.076430 -0.109332
v 0.315150 -0.005813 -0.109139
v 0.417513 0.010843 -0.664384
v 0.437562 0.007563 -0.524515
v 0.446437 0.000371 -0.386745
v 0.459903 -0.006452 -0.250326
v 0.857469 3.483496 -0.304583
v 0.896926 3.542443 -0.405083
v 0.821518 3.541973 -0.536242
v 0.758997 3.507607 -0.566426
v 0.724149 3.444794 -0.480834
v 0.724903 3.411637 -0.372621
v 0.757811 3.421585 -0.317795
v 0.783475 3.380329 -0.322200
v 0.879116 3.450239 -0.306569
v 0.949816 3.491046 -0.381243
v 0.889256 3.457329 -0.543429
v 0.827530 3.410620 -0.581370
v 0.776894 3.357958 -0.507038
v 0.747321 3.351831 -0.375300
v 0.900208 3.408860 -0.285425
v 0.985828 3.434749 -0.351713
v 0.976363 3.339685 -0.493112
v 0.913599 3.284185 -0.528231
v 0.829150 3.262619 -0.470647
v 0.783577 3.295555 -0.364095
v 0.808112 3.332399 -0.308877
v 1.162784 2.900401 -0.046643
v 1.229423 2.940417 -0.079964
v 1.261382 2.913411 -0.166540
v 1.241767 2.858549 -0.230857
v 1.205240 2.820393 -0.231328
v 1.161898 2.823702 -0.186129
v 1.152128 2.860187 -0.107690
v 0.380007 2.788851 -0.142799
v 0.137556 5.015790 -0.078267
v 0.089547 4.478424 -0.105329
v 0.198499 5.055356 -0.294480
v 0.147821 4.535989 -0.349334
v 0.091067 5.079870 -0.434724
v 0.081041 4.562960 -0.460587
v 0.123918 4.587474 -0.095721
v 0.164068 4.701279 -0.071262
v 0.167686 4.811814 -0.105187
v 0.166458 4.908906 -0.082967
v 0.205781 4.657294 -0.354652
v 0.233093 4.767879 -0.366970
v 0.243955 4.876169 -0.368772
v 0.241331 4.973261 -0.334457
v 0.093459 4.698095 -0.505638
v 0.105042 4.808630 -0.547490
v 0.107256 4.919166 -0.544880
v 0.101763 5.016515 -0.492344
v 0.155455 5.067994 -0.372811
v 0.116353 4.551621 -0.416946
v 0.179224 4.998478 -0.426168
v 0.180893 4.901364 -0.474633
v 0.177160 4.790829 -0.471448
v 0.153322 4.681490 -0.446312
v 0.164226 4.511903 -0.252674
v 0.228369 4.838211 -0.221103
v 0.194871 5.036648 -0.204889
v 0.231803 4.941942 -0.215891
v 0.199577 4.620862 -0.225625
v 0.227139 4.732378 -0.217671
v 0.088577 5.107461 -0.355628
v 0.088473 5.122413 -0.246144
v 0.110902 5.095737 -0.155020
v 0.133125 5.099452 -0.334485
v 0.141805 5.100963 -0.259153
v 0.151167 5.096808 -0.208824
v 0.069155 4.465046 -0.235728
v 0.141361 4.494473 -0.367961
v 0.078872 4.516374 -0.465446
v 0.116841 4.506098 -0.428151
v 0.142214 4.479272 -0.305820
v 1.354468 2.593271 -0.106276
v 1.311353 2.680677 0.102101
v 1.205353 2.828866 -0.216450
v 1.163167 2.900391 -0.067304
v 1.404513 2.617571 -0.109767
v 1.357285 2.706097 0.093231
v 1.246950 2.854033 -0.221908
v 1.208718 2.927516 -0.078825
v 1.256847 2.741727 -0.190439
v 1.308030 2.667108 -0.145229
v 1.256337 2.760734 0.050857
v 1.203978 2.836063 0.003601
v 1.357131 2.697588 -0.152313
v 1.306896 2.772844 -0.197758
v 1.257197 2.867157 -0.010214
v 1.308211 2.792514 0.038830
v 1.351314 2.612354 -0.061270
v 1.325872 2.661790 0.053064
v 1.176126 2.884436 -0.107980
v 1.199891 2.847291 -0.181500
v 1.226944 2.917544 -0.119039
v 1.244892 2.881572 -0.191050
v 1.377170 2.692234 0.044545
v 1.400100 2.641910 -0.071743
v 1.279044 2.856712 -0.055449
v 1.303277 2.803714 -0.159472
v 1.331361 2.781175 -0.008471
v 1.356493 2.725983 -0.116923
v 1.271516 2.740571 0.003019
v 1.304316 2.685687 -0.104141
v 1.219659 2.816417 -0.044003
v 1.252337 2.761787 -0.150660
v 1.350206 2.666385 0.043360
v 1.308596 2.650791 0.039758
v 1.374861 2.602096 0.076759
v 1.333251 2.586502 0.073157
v 1.336472 2.689260 0.097531
v 1.294862 2.673666 0.093929
v 1.361127 2.624971 0.130930
v 1.319517 2.609377 0.127328
v 1.373057 2.599369 -0.107237
v 1.333642 2.576660 -0.107026
v 1.407689 2.542187 -0.075060
v 1.368273 2.519479 -0.074849
v 1.345781 2.663677 0.041938
v 1.305676 2.640075 0.040410
v 1.380413 2.606496 0.074115
v 1.340307 2.582893 0.072587
v 1.371698 2.595908 0.075953
v 1.329894 2.589372 0.068656
v 1.380421 2.525539 0.109753
v 1.338617 2.519003 0.102455
v 1.358034 2.620103 0.129852
v 1.316230 2.613568 0.122555
v 1.366757 2.549735 0.163652
v 1.324953 2.543199 0.156355
v 1.402514 2.534545 -0.076445
v 1.361713 2.521081 -0.079888
v 1.422442 2.469764 -0.038748
v 1.381623 2.456281 -0.042243
v 1.375179 2.598573 0.073407
v 1.333725 2.584454 0.068136
v 1.395885 2.531971 0.106841
v 1.354431 2.517851 0.101571
v 1.377445 2.518447 0.109844
v 1.336578 2.523658 0.099109
v 1.359921 2.449825 0.144401
v 1.325285 2.454242 0.135302
v 1.366085 2.544379 0.163817
v 1.325218 2.549590 0.153082
v 1.350293 2.471803 0.190144
v 1.315657 2.476219 0.181046
v 1.417246 2.464314 -0.037494
v 1.376156 2.458198 -0.043625
v 1.420492 2.403107 0.018140
v 1.379312 2.396917 0.011730
v 1.391801 2.526932 0.106530
v 1.350132 2.520341 0.098592
v 1.398991 2.456019 0.139841
v 1.357321 2.449428 0.131903
v 1.267219 2.839128 0.009348
v 1.227347 2.813198 0.016629
v 1.297548 2.786440 0.044884
v 1.259444 2.766221 0.047918
v 1.242839 2.863557 -0.006991
v 1.206514 2.841686 0.001501
v 1.266168 2.839728 0.073350
v 1.228711 2.818233 0.075567
v 1.297874 2.782796 0.055794
v 1.258258 2.768095 0.045344
v 1.268663 2.836173 0.080750
v 1.229382 2.821551 0.070113
v 1.242925 2.723514 0.111523
v 1.282506 2.734974 0.125378
v 1.254209 2.787965 0.154116
v 1.214942 2.776623 0.139995
v 1.282563 2.732994 0.127746
v 1.244792 2.726699 0.107835
v 1.254096 2.784728 0.158079
v 1.216580 2.778397 0.138101
v 1.201871 2.680476 0.154210
v 1.234153 2.684355 0.171680
v 1.210503 2.726272 0.201349
v 1.178523 2.722506 0.183712
v -0.055302 3.991044 0.004760
v -0.201256 4.005729 -0.010096
v -0.058694 4.195057 -0.152470
v -0.171016 4.217424 -0.153999
v -0.268486 4.237395 -0.190391
v -0.364331 4.046987 -0.088246
v -0.040652 3.747043 0.037249
v -0.204223 3.706767 0.006961
v -0.455465 3.775306 -0.098419
v -0.553979 3.907891 -0.247236
v -0.445953 4.089153 -0.201808
v -0.346275 4.255131 -0.246669
v -0.536858 4.157563 -0.312211
v -0.396772 4.256042 -0.300117
v -0.285003 4.347321 -0.434902
v -0.215463 4.389311 -0.422126
v -0.156696 4.337630 -0.259583
v -0.062002 4.281312 -0.209591
v 0.000000 4.187369 -0.155160
v 0.000000 4.269075 -0.201635
v 0.000784 4.320091 -0.214959
v -0.065738 4.331003 -0.233221
v -0.000000 3.987812 -0.006310
v -0.000000 3.757879 0.022955
v -0.000000 3.692826 0.029821
v -0.195109 3.643006 -0.008907
v -0.464681 3.678130 -0.120436
v -0.492464 3.610573 -0.322066
v -0.513927 3.700446 -0.266806
v -0.544383 3.806989 -0.330928
v -0.507538 3.859400 -0.346126
v -0.585321 4.042494 -0.327108
v -0.388823 4.295664 -0.425430
v -0.584312 4.175734 -0.429834
v -0.641618 4.055163 -0.441466
v -0.598603 3.995595 -0.338443
v -0.654585 4.003372 -0.445465
v -0.504800 3.683496 -0.368736
v -0.522853 3.769156 -0.426712
v -0.485012 3.753664 -0.431760
v -0.464546 3.789279 -0.524901
v -0.505657 3.798460 -0.574662
v -0.546495 3.922416 -0.646999
v -0.526459 3.833058 -0.574602
v -0.608535 3.953558 -0.560208
v -0.585115 4.019855 -0.561474
v -0.547799 4.169755 -0.554976
v -0.379643 4.287958 -0.541269
v -0.299549 4.336100 -0.556910
v -0.221356 4.396567 -0.505796
v -0.123585 4.354235 -0.572991
v -0.247951 4.225190 -0.649504
v -0.328799 4.042378 -0.721663
v -0.452495 4.145466 -0.690397
v -0.352437 3.797009 -0.673854
v -0.155256 4.017676 -0.730899
v -0.000000 4.050942 -0.721726
v 0.000000 4.270056 -0.563836
v -0.084175 4.466200 -0.514539
v 0.000000 4.464509 -0.504677
v -0.137241 4.448337 -0.471607
v -0.165792 4.427578 -0.409347
v -0.150194 4.400573 -0.318503
v -0.165891 3.746351 -0.705772
v -0.000000 3.752382 -0.710972
v -0.476003 3.718009 -0.546188
v -0.457194 3.620246 -0.519086
v -0.131244 3.470339 -0.602207
v -0.000000 3.471538 -0.608332
v -0.419619 3.485059 -0.493816
v -0.463483 3.484152 -0.299368
v -0.421645 3.495886 -0.113724
v -0.204211 3.546938 -0.006836
v -0.000000 3.546349 0.035099
v -0.000000 3.257952 0.034923
v -0.214966 3.282136 -0.006619
v -0.404694 3.315324 -0.116687
v -0.435148 3.330953 -0.289338
v -0.370787 3.321550 -0.460961
v -0.141243 3.317962 -0.545707
v -0.000000 3.321187 -0.563612
v -0.000000 2.940371 0.030889
v 0.002396 2.673481 -0.024383
v -0.223658 3.008142 0.001176
v -0.387050 3.070094 -0.124091
v -0.429830 3.109545 -0.294784
v -0.385839 3.107790 -0.462763
v -0.241325 3.086552 -0.560261
v -0.079741 3.152019 -0.567209
v -0.000000 3.148467 -0.579323
v -0.123394 2.992832 -0.610497
v -0.000000 2.986168 -0.619136
v -0.157437 2.829384 -0.700153
v -0.000000 2.823451 -0.676935
v -0.179067 2.744712 -0.632589
v 0.000000 2.752260 -0.649198
v -0.337567 2.861625 -0.617691
v -0.411536 2.895393 -0.477318
v -0.448359 2.896714 -0.303514
v -0.389686 2.824193 -0.118853
v -0.247362 2.734427 -0.020311
v 0.000000 2.456837 -0.168643
v -0.230576 2.674351 -0.104594
v -0.048264 2.563991 -0.182884
v -0.021471 2.536640 -0.481340
v 0.000000 2.505767 -0.490622
v 0.000000 2.523879 -0.585494
v 0.000000 2.576046 -0.626118
v -0.199794 2.512266 -0.618451
v -0.214489 2.461270 -0.584927
v -0.063215 2.206608 -0.488112
v -0.103726 1.993076 -0.470558
v -0.238221 2.178734 -0.638275
v -0.384893 2.505604 -0.647838
v -0.388260 2.575319 -0.587301
v -0.340298 2.769474 -0.663359
v -0.425832 2.775595 -0.537844
v -0.448520 2.833733 -0.328264
v -0.498888 2.452967 -0.562331
v -0.402094 2.251867 -0.664403
v -0.244762 2.021631 -0.611298
v -0.400683 2.087240 -0.648068
v -0.497786 2.157476 -0.551199
v -0.524149 2.510566 -0.341469
v -0.540391 2.203712 -0.369385
v -0.523548 1.900084 -0.395495
v -0.488002 1.875532 -0.562429
v -0.398754 1.833437 -0.663733
v -0.256401 1.793527 -0.621359
v -0.148320 1.786643 -0.466403
v -0.144778 2.002804 -0.278773
v -0.321136 2.112452 -0.149451
v -0.489751 2.176322 -0.192768
v -0.450445 2.442466 -0.156259
v -0.299179 2.332344 -0.119798
v -0.107546 2.206234 -0.249429
v -0.187687 1.802975 -0.301115
v -0.333320 1.874795 -0.210046
v -0.460733 1.902018 -0.256372
v -0.431896 1.632597 -0.306713
v -0.342751 1.640224 -0.261458
v -0.219368 1.599860 -0.327394
v -0.176572 1.585715 -0.454110
v -0.272741 1.569025 -0.621063
v -0.402090 1.588867 -0.666778
v -0.471026 1.596951 -0.566332
v -0.496263 1.599876 -0.418609
v -0.450640 1.488904 -0.331734
v -0.498414 1.407960 -0.465439
v -0.463419 1.477983 -0.576792
v -0.493008 1.515784 -0.444268
v -0.408066 1.505675 -0.669578
v -0.275383 1.456322 -0.631424
v -0.193366 1.478933 -0.470947
v -0.242956 1.454478 -0.351676
v -0.282143 1.320545 -0.397169
v -0.229160 1.353816 -0.490346
v -0.355620 1.471222 -0.271247
v -0.371469 1.297588 -0.358205
v -0.445240 1.342831 -0.388482
v -0.524956 0.992090 -0.499852
v -0.550433 0.996897 -0.597873
v -0.518339 1.262568 -0.687314
v -0.452991 1.273839 -0.695041
v -0.302766 1.246270 -0.721717
v -0.301934 0.993905 -0.636598
v -0.309205 0.994004 -0.731703
v -0.458457 0.993429 -0.722358
v -0.564145 0.993238 -0.699630
v -0.488420 0.990129 -0.438648
v -0.411528 0.990647 -0.407237
v -0.312884 0.995083 -0.468787
v -0.284274 0.995817 -0.543070
v -0.423897 0.361442 -0.442752
v -0.475873 0.375655 -0.462028
v -0.499728 0.373005 -0.520274
v -0.498090 0.370936 -0.599085
v -0.540073 0.751583 -0.658617
v -0.460298 0.752644 -0.740924
v -0.346075 0.738943 -0.703824
v -0.357239 0.377541 -0.609713
v -0.430027 0.376833 -0.646938
v -0.334987 0.369021 -0.536234
v -0.355198 0.361121 -0.487601
v -0.491711 0.266899 -0.535686
v -0.474063 0.253681 -0.608272
v -0.423440 0.261009 -0.630166
v -0.371559 0.258005 -0.617529
v -0.341119 0.285293 -0.526233
v -0.366496 0.284917 -0.447978
v -0.429924 0.288390 -0.429143
v -0.473923 0.277562 -0.463340
v -0.489149 0.215603 -0.381795
v -0.438167 0.221399 -0.356858
v -0.371945 0.205960 -0.376693
v -0.331099 0.167822 -0.486968
v -0.333173 0.104639 -0.629100
v -0.416843 0.123562 -0.688059
v -0.509677 0.110588 -0.651623
v -0.532072 0.144816 -0.516524
v -0.440598 0.131517 -0.187191
v -0.506587 0.113827 -0.218243
v -0.560852 0.088546 -0.382721
v -0.580485 0.065815 -0.254650
v -0.549910 0.012112 -0.398241
v -0.522639 0.017231 -0.538977
v -0.498405 0.010062 -0.632662
v -0.588449 -0.002090 -0.263290
v -0.552296 0.063282 -0.105006
v -0.420641 0.100006 -0.022614
v -0.425750 0.009558 -0.020582
v -0.555322 -0.001607 -0.115855
v -0.345637 0.007974 -0.598955
v -0.333295 0.011667 -0.527057
v -0.332278 0.087980 -0.364702
v -0.360535 0.102971 -0.203648
v -0.320466 0.031028 -0.208586
v -0.325208 0.018808 -0.381489
v -0.309311 -0.003447 -0.224039
v -0.323585 0.076430 -0.109332
v -0.315150 -0.005813 -0.109139
v -0.417513 0.010843 -0.664384
v -0.437562 0.007563 -0.524515
v -0.446437 0.000371 -0.386745
v -0.459903 -0.006452 -0.250326
v -0.857469 3.483496 -0.304583
v -0.896926 3.542443 -0.405083
v -0.821518 3.621809 -0.536242
v -0.758997 3.507607 -0.566426
v -0.724149 3.444794 -0.480834
v -0.724903 3.411637 -0.372621
v -0.757811 3.421585 -0.317795
v -0.783475 3.380329 -0.322200
v -0.879116 3.450239 -0.306569
v -0.949816 3.491046 -0.381243
v -0.889256 3.457329 -0.543429
v -0.827530 3.410620 -0.581370
v -0.776894 3.357958 -0.507038
v -0.747321 3.351831 -0.375300
v -0.900208 3.408860 -0.285425
v -0.985828 3.434749 -0.351713
v -0.976363 3.339685 -0.493112
v -0.913599 3.284185 -0.528231
v -0.829150 3.262619 -0.470647
v -0.783577 3.295555 -0.364095
v -0.808112 3.332399 -0.308877
v -1.162784 2.900401 -0.046643
v -1.229423 2.940417 -0.079964
v -1.261382 2.913411 -0.166540
v -1.241767 2.858549 -0.230857
v -1.205240 2.820393 -0.231328
v -1.161898 2.823702 -0.186129
v -1.152128 2.860187 -0.107690
v -0.380007 2.788851 -0.142799
v 0.000000 5.002427 -0.003931
v 0.000000 4.464453 -0.046310
v -0.137556 5.015790 -0.078267
v -0.089547 4.478424 -0.105329
v -0.198499 5.055356 -0.294480
v -0.147821 4.535989 -0.349334
v -0.091067 5.079870 -0.434724
v -0.081041 4.562960 -0.460587
v 0.000000 4.886551 0.002081
v 0.000000 4.789459 -0.013623
v 0.000000 4.678923 0.027911
v 0.000000 4.568388 -0.024996
v -0.123918 4.587474 -0.095721
v -0.164068 4.701279 -0.071262
v -0.167686 4.811814 -0.105187
v -0.166458 4.908906 -0.082967
v -0.205781 4.657294 -0.354652
v -0.233093 4.767879 -0.366970
v -0.243955 4.876169 -0.368772
v -0.241331 4.973261 -0.334457
v -0.093459 4.698095 -0.505638
v -0.105042 4.808630 -0.547490
v -0.107256 4.919166 -0.544880
v -0.101763 5.016515 -0.492344
v 0.000000 5.083023 -0.452259
v 0.000000 4.567569 -0.481936
v 0.000000 5.021381 -0.510858
v 0.000000 4.924289 -0.565864
v 0.000000 4.813754 -0.570218
v 0.000000 4.703218 -0.524623
v -0.155455 5.067994 -0.372811
v -0.116353 4.551621 -0.416946
v -0.179224 4.998478 -0.426168
v -0.180893 4.901364 -0.474633
v -0.177160 4.790829 -0.471448
v -0.153322 4.681490 -0.446312
v -0.164226 4.511903 -0.252674
v -0.228369 4.838211 -0.221103
v -0.194871 5.036648 -0.204889
v -0.231803 4.941942 -0.215891
v -0.199577 4.620862 -0.225625
v -0.227139 4.732378 -0.217671
v 0.000000 5.092599 -0.107813
v 0.000000 5.130065 -0.237598
v 0.000000 5.111441 -0.361744
v -0.088577 5.107461 -0.355628
v -0.088473 5.122413 -0.246144
v -0.110902 5.095737 -0.155020
v -0.133125 5.099452 -0.334485
v -0.141805 5.100963 -0.259153
v -0.151167 5.096808 -0.208824
v 0.000000 4.458508 -0.206466
v -0.069155 4.465046 -0.235728
v -0.141361 4.440785 -0.367961
v -0.078872 4.516374 -0.465446
v 0.000000 4.519081 -0.477562
v -0.116841 4.506098 -0.428151
v -0.142214 4.425583 -0.305820
v -1.354468 2.593271 -0.106276
v -1.311353 2.680677 0.102101
v -1.205353 2.828866 -0.216450
v -1.163167 2.900391 -0.067304
v -1.404513 2.617571 -0.109767
v -1.357285 2.706097 0.093231
v -1.246950 2.854033 -0.221908
v -1.208718 2.927516 -0.078825
v -1.256847 2.741727 -0.190439
v -1.308030 2.667108 -0.145229
v -1.256337 2.760734 0.050857
v -1.203978 2.836063 0.003601
v -1.357131 2.697588 -0.152313
v -1.306896 2.772844 -0.197758
v -1.257197 2.867157 -0.010214
v -1.308211 2.792514 0.038830
v -1.351314 2.612354 -0.061270
v -1.325872 2.661790 0.053064
v -1.176126 2.884436 -0.107980
v -1.199891 2.847291 -0.181500
v -1.226944 2.917544 -0.119039
v -1.244892 2.881572 -0.191050
v -1.377170 2.692234 0.044545
v -1.400100 2.641910 -0.071743
v -1.279044 2.856712 -0.055449
v -1.303277 2.803714 -0.159472
v -1.331361 2.781175 -0.008471
v -1.356493 2.725983 -0.116923
v -1.271516 2.740571 0.003019
v -1.304316 2.685687 -0.104141
v -1.219659 2.816417 -0.044003
v -1.252337 2.761787 -0.150660
v -1.350206 2.666385 0.043360
v -1.308596 2.650791 0.039758
v -1.374861 2.602096 0.076759
v -1.333251 2.586502 0.073157
v -1.336472 2.689260 0.097531
v -1.294862 2.673666 0.093929
v -1.361127 2.624971 0.130930
v -1.319517 2.609377 0.127328
v -1.373057 2.599369 -0.107237
v -1.333642 2.576660 -0.107026
v -1.407689 2.542187 -0.075060
v -1.368273 2.519479 -0.074849
v -1.345781 2.663677 0.041938
v -1.305676 2.640075 0.040410
v -1.380413 2.606496 0.074115
v -1.340307 2.582893 0.072587
v -1.371698 2.595908 0.075953
v -1.329894 2.589372 0.068656
v -1.380421 2.525539 0.109753
v -1.338617 2.519003 0.102455
v -1.358034 2.620103 0.129852
v -1.316230 2.613568 0.122555
v -1.366757 2.549735 0.163652
v -1.324953 2.543199 0.156355
v -1.402514 2.534545 -0.076445
v -1.361713 2.521081 -0.079888
v -1.422442 2.469764 -0.038748
v -1.381623 2.456281 -0.042243
v -1.375179 2.598573 0.073407
v -1.333725 2.584454 0.068136
v -1.395885 2.531971 0.106841
v -1.354431 2.517851 0.101571
v -1.377445 2.518447 0.109844
v -1.336578 2.523658 0.099109
v -1.359921 2.449825 0.144401
v -1.325285 2.454242 0.135302
v -1.366085 2.544379 0.163817
v -1.325218 2.549590 0.153082
v -1.350293 2.471803 0.190144
v -1.315657 2.476219 0.181046
v -1.417246 2.464314 -0.037494
v -1.376156 2.458198 -0.043625
v -1.420492 2.403107 0.018140
v -1.379312 2.396917 0.011730
v -1.391801 2.526932 0.106530
v -1.350132 2.520341 0.098592
v -1.398991 2.456019 0.139841
v -1.357321 2.449428 0.131903
v -1.267219 2.839128 0.009348
v -1.227347 2.813198 0.016629
v -1.297548 2.786440 0.044884
v -1.259444 2.766221 0.047918
v -1.242839 2.863557 -0.006991
v -1.206514 2.841686 0.001501
v -1.266168 2.839728 0.073350
v -1.228711 2.818233 0.075567
v -1.297874 2.782796 0.055794
v -1.258258 2.768095 0.045344
v -1.268663 2.836173 0.080750
v -1.229382 2.821551 0.070113
v -1.242925 2.723514 0.111523
v -1.282506 2.734974 0.125378
v -1.254209 2.787965 0.154116
v -1.214942 2.776623 0.139995
v -1.282563 2.732994 0.127746
v -1.244792 2.726699 0.107835
v -1.254096 2.784728 0.158079
v -1.216580 2.778397 0.138101
v -1.201871 2.680476 0.154210
v -1.234153 2.684355 0.171680
v -1.210503 2.726272 0.201349
v -1.178523 2.722506 0.183712
v -0.000000 2.615467 -0.526375
vn -0.0325 0.5850 0.8104
vn -0.1292 -0.3383 -0.9321
vn -0.3723 -0.8821 -0.2886
vn -0.5337 -0.7991 -0.2769
vn -0.8441 -0.3314 -0.4216
vn -0.9158 0.3960 -0.0672
vn -0.8741 -0.1613 -0.4582
vn -0.1393 0.1293 0.9818
vn 0.0201 0.0632 0.9978
vn 0.3681 -0.5881 -0.7202
vn -0.0272 0.3486 0.9369
vn -0.3750 0.3365 0.8638
vn -0.9407 0.2756 0.1976
vn -0.9557 0.2027 -0.2133
vn -0.4086 0.0210 -0.9125
vn -0.2023 -0.0372 -0.9786
vn -0.4698 0.0120 -0.8827
vn -0.3063 0.0999 0.9467
vn 0.0496 -0.5250 -0.8496
vn -0.1523 0.5981 0.7869
vn -0.2435 0.1327 0.9608
vn 0.1508 0.0866 0.9848
vn -0.1951 -0.0039 -0.9808
vn -0.1586 -0.0086 -0.9873
vn -0.0912 0.1357 -0.9865
vn -0.1234 0.5510 -0.8254
vn -0.6983 0.7066 0.1145
vn 0.3905 0.1769 -0.9035
vn -0.6442 0.6450 -0.4111
vn -0.5892 -0.0046 -0.8080
vn -0.5562 0.0090 -0.8310
vn 0.4111 -0.2086 0.8874
vn 0.3872 0.0749 0.9189
vn 0.2203 0.5585 0.7997
vn -0.0390 0.6172 0.7858
vn 0.1865 0.5837 0.7902
vn 0.3458 0.7628 0.5463
vn 0.7183 0.5763 0.3898
vn -0.3304 -0.8523 -0.4055
vn 0.5733 0.8165 0.0677
vn 0.3739 0.6541 -0.6575
vn -0.2186 0.3250 -0.9201
vn 0.1449 -0.4826 0.8638
vn 0.0702 -0.3913 0.9176
vn -0.1338 -0.5977 0.7905
vn -0.1364 -0.7365 0.6625
vn -0.5816 -0.8124 -0.0421
vn -0.4823 -0.8740 0.0587
vn -0.5365 -0.8306 0.1489
vn -0.4966 -0.7358 0.4604
vn -0.0170 -0.4904 0.8713
vn -0.2619 0.1207 0.9575
vn 0.4555 -0.5559 -0.6954
vn 0.4111 -0.3161 -0.8550
vn -0.0784 0.3138 0.9463
vn -0.1340 -0.0842 0.9874
vn -0.0852 -0.2602 0.9618
vn 0.0655 -0.4054 0.9118
vn 0.0192 0.5235 0.8518
vn -0.2211 -0.4094 0.8852
vn -0.1180 -0.1878 0.9751
vn -0.4258 -0.1430 0.8934
vn -0.3430 0.2945 0.8920
vn -0.9271 0.2622 0.2680
vn -0.9521 -0.0264 0.3046
vn -0.6675 -0.2984 0.6821
vn -0.1636 0.0967 0.9818
vn -0.0507 0.1991 0.9787
vn -0.0471 0.0882 0.9950
vn 0.1636 0.6061 0.7784
vn 0.2747 0.9427 0.1896
vn -0.8309 0.5465 0.1043
vn -0.8905 0.4518 0.0542
vn 0.9778 0.1583 -0.1374
vn -0.2359 -0.0072 -0.9717
vn -0.9422 0.2174 -0.2548
vn -0.9572 -0.0420 -0.2865
vn -0.9783 0.0537 -0.2001
vn -0.9725 0.1278 -0.1948
vn -0.9667 -0.1131 0.2296
vn -0.7833 -0.3408 0.5199
vn -0.8278 0.0258 0.5604
vn 0.1464 -0.2029 0.9682
vn 0.9428 -0.2433 0.2277
vn -0.9708 -0.1682 0.1713
vn -0.9600 -0.2273 0.1632
vn -0.8988 -0.1802 -0.3997
vn -0.3466 0.2319 -0.9089
vn -0.2884 0.0934 -0.9529
vn 0.4825 0.1867 -0.8557
vn 0.9632 0.1851 -0.1951
vn 0.5636 -0.0208 0.8258
vn 0.2894 -0.1020 0.9518
vn -0.6369 -0.1512 0.7560
vn -0.9844 -0.0296 0.1735
vn -0.9400 -0.0532 -0.3371
vn -0.9369 0.1250 -0.3266
vn -0.9767 0.0309 0.2126
vn -0.7447 0.0438 0.6660
vn 0.1348 0.1343 0.9817
vn 0.6670 0.1718 0.7250
vn 0.4630 0.2210 -0.8584
vn -0.3969 0.1963 -0.8966
vn -0.8742 0.1458 -0.4631
vn -0.9807 0.0664 0.1837
vn 0.5029 0.5507 0.6662
vn 0.5080 0.5434 0.6683
vn 0.7203 0.2366 0.6521
vn 0.9226 -0.2087 0.3244
vn 0.9402 -0.1808 0.2887
vn 0.9782 -0.2002 -0.0543
vn 0.9560 -0.2852 -0.0692
vn 0.7549 0.3746 -0.5382
vn 0.6920 0.2259 0.6856
vn 0.1133 -0.0043 -0.9935
vn 0.0622 0.1245 -0.9903
vn -0.7604 -0.4289 -0.4876
vn -0.8637 -0.3278 0.3829
vn -0.8424 -0.2704 0.4661
vn -0.7779 -0.2155 0.5903
vn -0.8291 0.2243 0.5121
vn 0.8569 -0.5152 0.0133
vn -0.1397 0.9504 0.2777
vn 0.9091 -0.3653 -0.2001
vn 0.9474 -0.2560 -0.1923
vn -0.5263 -0.4432 -0.7256
vn -0.2099 -0.0844 0.9741
vn -0.7959 -0.3806 0.4709
vn 0.4773 0.6290 -0.6137
vn -0.7100 -0.3798 0.5930
vn -0.7108 -0.3799 0.5920
vn -0.7109 -0.3799 0.5918
vn -0.7941 -0.5958 -0.1198
vn -0.8897 -0.4214 -0.1758
vn -0.7117 -0.3800 0.5908
vn -0.4850 -0.5930 -0.6427
vn -0.7103 -0.5813 0.3970
vn -0.2841 -0.3231 0.9027
vn -0.7118 -0.3310 -0.6195
vn -0.4094 -0.5494 -0.7284
vn -0.8184 -0.5397 -0.1974
vn -0.7462 -0.2957 0.5964
vn 0.3360 -0.1844 -0.9236
vn -0.3853 -0.5924 -0.7076
vn -0.8301 -0.4182 0.3689
vn -0.5086 0.0041 0.8610
vn -0.7434 -0.0463 0.6673
vn -0.0964 -0.5789 -0.8096
vn -0.6911 -0.6810 -0.2423
vn -0.8064 -0.4763 0.3504
vn 0.6159 0.0278 -0.7873
vn -0.2814 -0.5444 -0.7903
vn -0.8951 -0.4238 0.1386
vn -0.7230 -0.0189 0.6906
vn 0.2713 -0.0459 0.9614
vn 0.7564 0.0891 0.6480
vn 0.9493 0.2147 -0.2295
vn 0.4317 0.1968 -0.8803
vn 0.9475 0.1503 -0.2823
vn 0.8412 0.1039 0.5306
vn 0.3069 0.0073 0.9517
vn -0.7884 0.0124 0.6151
vn -0.9856 -0.0133 0.1686
vn -0.9434 0.1713 0.2838
vn -0.9257 -0.1171 0.3598
vn -0.9373 0.0213 -0.3478
vn -0.9375 0.1342 -0.3209
vn -0.8700 -0.0278 -0.4923
vn -0.4993 0.0458 -0.8652
vn 0.4945 0.1501 -0.8561
vn 0.9179 0.2056 -0.3395
vn 0.9217 0.1979 -0.3336
vn 0.9216 0.1980 -0.3337
vn 0.9219 0.1976 -0.3334
vn 0.8676 0.0586 0.4939
vn 0.8890 -0.0212 0.4574
vn 0.3163 -0.0497 0.9473
vn -0.8714 0.0489 0.4881
vn -0.7904 -0.3263 0.5184
vn 0.1034 -0.2362 0.9662
vn 0.8851 0.1872 0.4260
vn 0.8802 0.3382 -0.3331
vn 0.4716 0.4186 -0.7761
vn -0.5396 0.3304 -0.7744
vn -0.8773 0.2016 -0.4355
vn -0.9662 -0.1910 -0.1732
vn -0.9617 -0.1545 0.2263
vn -0.7850 -0.0209 -0.6192
vn -0.3995 0.0868 -0.9126
vn 0.4847 0.2160 -0.8476
vn 0.8794 0.1787 -0.4413
vn 0.9574 0.0535 0.2836
vn -0.4253 0.2598 0.8669
vn 0.4834 0.0742 0.8723
vn 0.9481 -0.0716 0.3096
vn 0.9852 -0.1290 -0.1125
vn 0.4967 -0.0933 -0.8629
vn -0.3702 -0.0475 -0.9277
vn -0.9510 -0.0988 -0.2929
vn -0.9411 0.0024 0.3383
vn 0.5366 0.0594 -0.8417
vn -0.3697 0.0440 -0.9281
vn -0.8362 0.0568 -0.5455
vn -0.9962 0.0613 0.0617
vn -0.9493 0.0506 -0.3104
vn -0.4915 0.0631 0.8686
vn -0.2058 -0.0975 0.9737
vn -0.1127 -0.0719 0.9910
vn 0.9793 0.0281 0.2006
vn 0.1034 0.0267 0.9943
vn -0.6403 0.2110 0.7386
vn 0.3465 0.2235 0.9110
vn 0.9536 0.1282 0.2725
vn 0.9665 0.1033 0.2351
vn 0.9033 0.0774 -0.4221
vn -0.9380 0.1863 0.2922
vn -0.3023 0.6539 0.6936
vn 0.4553 0.7153 0.5302
vn 0.9256 0.3340 0.1783
vn -0.9689 0.1533 -0.1944
vn 0.3950 0.3477 -0.8503
vn -0.4835 0.2734 -0.8316
vn -0.9283 0.3296 0.1719
vn -0.3577 0.8178 0.4509
vn 0.3762 0.8127 0.4450
vn 0.9294 0.3519 0.1112
vn -0.8509 0.4874 -0.1962
vn -0.8716 0.4780 0.1084
vn -0.9819 0.1851 -0.0400
vn -0.9995 0.0263 -0.0186
vn -0.9972 -0.0559 -0.0497
vn -0.5865 -0.2359 -0.7748
vn 0.9261 0.2876 -0.2443
vn 0.3440 -0.2005 -0.9173
vn 0.9755 -0.0579 -0.2121
vn 0.5643 0.8234 0.0596
vn 0.7190 0.6823 0.1323
vn 0.9767 0.0156 -0.2138
vn 0.9792 -0.0861 -0.1840
vn 0.5827 0.8033 0.1234
vn 0.3787 0.8966 0.2297
vn -0.3494 0.9277 0.1312
vn -0.6473 0.0223 0.7619
vn -0.9863 0.1645 0.0082
vn 0.5601 -0.0177 0.8283
vn 0.9780 0.0513 0.2022
vn -0.0087 -0.9991 0.0421
vn 0.0371 -0.9984 0.0426
vn 0.0597 -0.9943 -0.0885
vn -0.0896 -0.9911 -0.0988
vn 0.1048 -0.9928 -0.0575
vn -0.0995 -0.9950 0.0001
vn 0.0528 -0.9986 0.0066
vn -0.0062 -1.0000 0.0022
vn 0.1242 -0.2424 0.9622
vn 0.5313 -0.2051 0.8220
vn 0.8588 -0.3392 0.3839
vn 0.6528 -0.3151 -0.6889
vn 0.0786 0.9470 -0.3116
vn 0.6031 0.5977 -0.5283
vn 0.6706 0.3612 -0.6479
vn 0.7057 -0.0208 -0.7082
vn 0.6377 -0.3167 -0.7022
vn 0.8562 0.2441 0.4553
vn 0.8965 -0.0696 0.4374
vn 0.8983 0.0551 0.4359
vn 0.8755 -0.3157 0.3659
vn 0.4574 0.0646 0.8869
vn 0.4781 -0.1654 0.8626
vn 0.4494 0.2820 0.8477
vn 0.5119 -0.3605 0.7797
vn 0.1727 -0.3701 -0.9128
vn 0.2029 0.0288 -0.9788
vn 0.1850 0.4796 -0.8577
vn 0.1976 -0.3103 -0.9299
vn 0.1621 0.6793 -0.7157
vn -0.0039 -0.9729 -0.2311
vn -0.0000 -0.9729 -0.2311
vn 0.6766 0.5920 0.4379
vn 0.8115 -0.2764 -0.5149
vn 0.8615 -0.0689 -0.5031
vn 0.8482 0.2235 -0.4803
vn 0.7604 0.5483 -0.3481
vn 0.7827 -0.3654 -0.5038
vn 0.9968 -0.0549 0.0587
vn 0.9705 -0.2402 -0.0197
vn 0.9224 -0.3607 -0.1384
vn 0.9168 0.3712 0.1472
vn 0.9959 -0.0214 0.0884
vn 0.4123 0.8459 -0.3383
vn 0.6146 0.7743 -0.1508
vn 0.2943 0.9506 -0.0983
vn 0.3033 0.9429 0.1373
vn 0.2652 0.7211 0.6400
vn 0.0968 0.9584 0.2685
vn 0.0629 0.9879 -0.1419
vn 0.7347 0.6737 0.0800
vn -0.4556 0.8826 -0.1160
vn -0.1577 0.9860 -0.0545
vn -0.2048 -0.0003 0.9788
vn 0.9633 -0.2167 -0.1583
vn 0.9191 0.0698 -0.3878
vn -0.7507 -0.1002 0.6530
vn 0.8482 0.4706 -0.2432
vn -0.3334 0.0259 -0.9424
vn 0.9763 0.1654 0.1397
vn -0.0149 -0.5887 0.8082
vn -0.7071 0.0186 -0.7068
vn -0.6299 -0.5865 0.5091
vn -0.5739 0.6992 -0.4264
vn -0.8240 -0.5652 -0.0394
vn -0.5479 0.7119 -0.4394
vn 0.7998 0.5620 0.2110
vn 0.5065 -0.7480 0.4290
vn 0.1261 -0.4032 -0.9064
vn -0.1000 0.4878 0.8672
vn -0.2046 0.6612 0.7218
vn -0.0846 0.4965 0.8639
vn 0.0298 -0.2673 -0.9632
vn 0.1439 -0.4390 -0.8869
vn 0.6775 0.7210 0.1455
vn 0.7385 0.6413 0.2082
vn -0.8178 -0.5752 -0.0189
vn -0.8171 -0.5762 -0.0210
vn -0.8163 -0.5772 -0.0232
vn -0.8560 -0.4949 0.1494
vn -0.8332 -0.5523 0.0277
vn -0.8691 -0.4748 0.1384
vn -0.8410 -0.5401 0.0332
vn 0.8620 0.4181 -0.2865
vn 0.8416 0.5347 -0.0767
vn 0.8076 0.4815 -0.3405
vn 0.8101 0.5781 -0.0981
vn 0.4767 -0.7604 0.4411
vn 0.5230 -0.7368 0.4284
vn 0.8983 0.3838 -0.2139
vn 0.8928 0.4499 -0.0203
vn -0.5424 0.6584 -0.5218
vn -0.5688 0.6579 -0.4936
vn -0.8678 -0.4793 0.1310
vn -0.8489 -0.5286 0.0033
vn -0.2207 0.3816 0.8976
vn -0.2832 0.8557 -0.4331
vn 0.2207 -0.3816 -0.8976
vn 0.2832 -0.8557 0.4331
vn -0.9190 -0.3883 -0.0690
vn 0.9190 0.3883 0.0690
vn -0.2130 0.3780 0.9010
vn -0.4509 0.7862 -0.4225
vn 0.2452 -0.3584 -0.9008
vn 0.4509 -0.7862 0.4225
vn -0.8674 -0.4946 0.0546
vn 0.8664 0.4969 -0.0494
vn -0.2180 0.4005 0.8900
vn -0.0675 0.9037 -0.4228
vn 0.2180 -0.4005 -0.8900
vn 0.0675 -0.9037 0.4228
vn -0.9679 -0.1957 -0.1576
vn 0.9679 0.1957 0.1576
vn -0.2191 0.4392 0.8713
vn -0.2482 0.8731 -0.4195
vn 0.2414 -0.3744 -0.8953
vn 0.2483 -0.8731 0.4195
vn -0.9485 -0.3143 -0.0387
vn 0.9476 0.3165 0.0437
vn -0.1659 0.4770 0.8631
vn 0.2157 0.8971 -0.3856
vn 0.1914 -0.3712 -0.9086
vn -0.2157 -0.8971 0.3856
vn -0.9594 0.1154 -0.2574
vn 0.9736 -0.0412 0.2247
vn -0.2086 0.6507 0.7301
vn -0.0695 0.9099 -0.4091
vn 0.2318 -0.3942 -0.8893
vn 0.0701 -0.9098 0.4091
vn -0.9827 -0.1505 -0.1082
vn 0.9818 0.1526 0.1130
vn -0.1668 0.4749 0.8641
vn -0.2491 0.3369 -0.9080
vn 0.4279 -0.8212 -0.3776
vn -0.0962 0.4468 0.8895
vn -0.8131 -0.5821 -0.0079
vn 0.8355 0.5455 -0.0659
vn -0.0698 -0.4519 0.8894
vn 0.1443 0.5279 -0.8370
vn -0.4017 0.7968 0.4514
vn 0.4038 -0.8021 -0.4400
vn -0.8811 -0.2865 -0.3763
vn 0.8819 0.2816 0.3782
vn -0.2946 -0.5981 0.7453
vn 0.3002 0.6561 -0.6924
vn -0.3676 0.8021 0.4707
vn 0.4068 -0.7238 -0.5574
vn -0.7159 0.0479 -0.6965
vn 0.7533 -0.0050 0.6577
vn 0.0325 0.5850 0.8104
vn 0.1292 -0.3383 -0.9321
vn 0.3723 -0.8821 -0.2886
vn 0.5337 -0.7991 -0.2769
vn 0.8441 -0.3314 -0.4216
vn 0.9158 0.3960 -0.0672
vn 0.8741 -0.1613 -0.4582
vn 0.1393 0.1293 0.9818
vn -0.0201 0.0632 0.9978
vn -0.3681 -0.5881 -0.7202
vn 0.0272 0.3486 0.9369
vn 0.3750 0.3365 0.8638
vn 0.9407 0.2756 0.1976
vn 0.9557 0.2027 -0.2133
vn 0.4086 0.0210 -0.9125
vn 0.2023 -0.0372 -0.9786
vn 0.4698 0.0120 -0.8827
vn 0.3063 0.0999 0.9467
vn -0.0496 -0.5250 -0.8496
vn 0.1523 0.5981 0.7869
vn 0.2435 0.1327 0.9608
vn -0.1508 0.0866 0.9848
vn 0.1951 -0.0039 -0.9808
vn 0.1586 -0.0086 -0.9873
vn 0.0905 0.1365 -0.9865
vn 0.1206 0.5493 -0.8269
vn 0.6983 0.7066 0.1145
vn -0.3905 0.1769 -0.9035
vn 0.6442 0.6450 -0.4111
vn 0.5892 -0.0046 -0.8080
vn 0.5562 0.0090 -0.8310
vn -0.4111 -0.2086 0.8874
vn -0.3872 0.0749 0.9189
vn -0.2203 0.5585 0.7997
vn 0.0390 0.6172 0.7858
vn -0.1865 0.5837 0.7902
vn -0.3458 0.7628 0.5463
vn -0.7183 0.5763 0.3898
vn 0.3304 -0.8523 -0.4055
vn -0.5733 0.8165 0.0677
vn -0.3739 0.6541 -0.6575
vn 0.2186 0.3250 -0.9201
vn -0.1449 -0.4826 0.8638
vn -0.0702 -0.3913 0.9176
vn 0.1338 -0.5977 0.7905
vn 0.1364 -0.7365 0.6625
vn 0.5816 -0.8124 -0.0421
vn 0.4823 -0.8740 0.0587
vn 0.5365 -0.8306 0.1489
vn 0.4966 -0.7358 0.4604
vn 0.0170 -0.4904 0.8713
vn 0.2619 0.1207 0.9575
vn -0.4555 -0.5559 -0.6954
vn -0.4111 -0.3161 -0.8550
vn 0.0784 0.3138 0.9463
vn 0.1340 -0.0842 0.9874
vn 0.0852 -0.2602 0.9618
vn -0.0655 -0.4054 0.9118
vn -0.0192 0.5235 0.8518
vn 0.2211 -0.4094 0.8852
vn 0.1180 -0.1878 0.9751
vn 0.4258 -0.1430 0.8934
vn 0.3430 0.2945 0.8920
vn 0.9271 0.2622 0.2680
vn 0.9521 -0.0264 0.3046
vn 0.6675 -0.2984 0.6821
vn 0.1651 0.0988 0.9813
vn 0.0510 0.1987 0.9787
vn 0.0471 0.0882 0.9950
vn -0.1636 0.6061 0.7784
vn -0.2747 0.9427 0.1896
vn 0.8309 0.5465 0.1043
vn 0.8905 0.4518 0.0542
vn -0.9778 0.1583 -0.1374
vn 0.2359 -0.0072 -0.9717
vn 0.9422 0.2174 -0.2548
vn 0.9572 -0.0420 -0.2865
vn 0.9783 0.0537 -0.2001
vn 0.9725 0.1278 -0.1948
vn 0.9667 -0.1131 0.2296
vn 0.7887 -0.3248 0.5219
vn 0.8266 0.0162 0.5625
vn -0.1464 -0.2029 0.9682
vn -0.9495 -0.2307 0.2128
vn 0.9716 -0.1587 0.1754
vn 0.9583 -0.2305 0.1687
vn 0.8988 -0.1802 -0.3997
vn 0.3466 0.2319 -0.9089
vn 0.2884 0.0934 -0.9529
vn -0.4825 0.1867 -0.8557
vn -0.9632 0.1851 -0.1951
vn -0.5636 -0.0208 0.8258
vn -0.2894 -0.1020 0.9518
vn 0.6373 -0.1536 0.7551
vn 0.9844 -0.0296 0.1735
vn 0.9400 -0.0532 -0.3371
vn 0.9369 0.1250 -0.3266
vn 0.9767 0.0309 0.2126
vn 0.7447 0.0438 0.6660
vn -0.1348 0.1343 0.9817
vn -0.6670 0.1718 0.7250
vn -0.4630 0.2210 -0.8584
vn 0.3969 0.1963 -0.8966
vn 0.8742 0.1458 -0.4631
vn 0.9807 0.0664 0.1837
vn -0.5029 0.5507 0.6662
vn -0.5080 0.5434 0.6683
vn -0.7203 0.2366 0.6521
vn -0.9226 -0.2087 0.3244
vn -0.9402 -0.1808 0.2887
vn -0.9782 -0.2002 -0.0543
vn -0.9560 -0.2852 -0.0692
vn -0.7549 0.3746 -0.5382
vn -0.6920 0.2259 0.6856
vn -0.1133 -0.0043 -0.9935
vn -0.0622 0.1245 -0.9903
vn 0.7604 -0.4289 -0.4876
vn 0.8637 -0.3278 0.3829
vn 0.8424 -0.2704 0.4661
vn 0.7779 -0.2155 0.5903
vn 0.8291 0.2243 0.5121
vn -0.8569 -0.5153 0.0133
vn 0.1397 0.9504 0.2777
vn -0.9091 -0.3653 -0.2001
vn -0.9474 -0.2560 -0.1923
vn 0.5263 -0.4432 -0.7256
vn 0.1810 -0.0747 0.9806
vn 0.8233 -0.4442 0.3533
vn -0.4773 0.6290 -0.6137
vn 0.7100 -0.3798 0.5930
vn 0.7109 -0.3799 0.5918
vn 0.7108 -0.3799 0.5920
vn 0.7941 -0.5958 -0.1198
vn 0.8897 -0.4214 -0.1758
vn 0.7117 -0.3800 0.5908
vn 0.4850 -0.5930 -0.6427
vn 0.8376 -0.4434 0.3192
vn 0.2477 -0.2092 0.9460
vn 0.7118 -0.3310 -0.6195
vn 0.4094 -0.5494 -0.7284
vn 0.8184 -0.5397 -0.1974
vn 0.7462 -0.2957 0.5964
vn -0.3360 -0.1844 -0.9236
vn 0.3853 -0.5924 -0.7076
vn 0.8301 -0.4182 0.3689
vn 0.5086 0.0041 0.8610
vn 0.7434 -0.0463 0.6673
vn 0.0964 -0.5789 -0.8096
vn 0.6911 -0.6810 -0.2423
vn 0.8064 -0.4763 0.3504
vn -0.6159 0.0278 -0.7873
vn 0.2814 -0.5444 -0.7903
vn 0.8951 -0.4238 0.1386
vn 0.7230 -0.0189 0.6906
vn -0.2713 -0.0459 0.9614
vn -0.7564 0.0891 0.6480
vn -0.9493 0.2147 -0.2295
vn -0.4317 0.1968 -0.8803
vn -0.9475 0.1503 -0.2823
vn -0.8412 0.1039 0.5306
vn -0.3069 0.0073 0.9517
vn 0.7884 0.0124 0.6151
vn 0.9856 -0.0133 0.1686
vn 0.9776 0.0444 0.2056
vn 0.9653 -0.0961 0.2429
vn 0.9373 0.0213 -0.3478
vn 0.9375 0.1342 -0.3209
vn 0.8700 -0.0278 -0.4923
vn 0.4993 0.0458 -0.8652
vn -0.4945 0.1501 -0.8561
vn -0.9179 0.2056 -0.3395
vn -0.9216 0.1980 -0.3337
vn -0.9217 0.1979 -0.3337
vn -0.9219 0.1976 -0.3334
vn -0.8676 0.0586 0.4939
vn -0.8890 -0.0212 0.4574
vn -0.3163 -0.0497 0.9473
vn 0.8420 -0.0285 0.5387
vn 0.6636 -0.3493 0.6615
vn -0.1034 -0.2362 0.9662
vn -0.8851 0.1872 0.4260
vn -0.8802 0.3382 -0.3331
vn -0.4716 0.4186 -0.7761
vn 0.5396 0.3304 -0.7744
vn 0.8773 0.2016 -0.4355
vn 0.9755 -0.1663 -0.1438
vn 0.9921 -0.1256 0.0002
vn 0.8352 -0.0153 -0.5497
vn 0.3995 0.0868 -0.9126
vn -0.4847 0.2160 -0.8476
vn -0.8977 0.1855 -0.3997
vn -0.9537 0.0744 0.2916
vn 0.4253 0.2598 0.8669
vn -0.4834 0.0742 0.8723
vn -0.9481 -0.0716 0.3096
vn -0.9852 -0.1290 -0.1125
vn -0.4967 -0.0933 -0.8629
vn 0.3702 -0.0475 -0.9277
vn 0.9510 -0.0988 -0.2929
vn 0.9411 0.0024 0.3383
vn -0.5366 0.0594 -0.8417
vn 0.3697 0.0440 -0.9281
vn 0.8915 0.0433 -0.4510
vn 0.9891 0.0639 -0.1324
vn 0.9849 0.0797 -0.1538
vn 0.4915 0.0631 0.8686
vn 0.1803 -0.0874 0.9797
vn 0.1127 -0.0719 0.9910
vn -0.9897 0.0428 0.1365
vn -0.1034 0.0267 0.9943
vn 0.6403 0.2110 0.7386
vn -0.3465 0.2235 0.9110
vn -0.9728 0.1155 0.2007
vn -0.9680 0.0889 0.2348
vn -0.9287 0.0720 -0.3638
vn 0.9380 0.1863 0.2922
vn 0.3023 0.6539 0.6936
vn -0.4553 0.7153 0.5302
vn -0.9256 0.3340 0.1783
vn 0.9689 0.1533 -0.1944
vn -0.3950 0.3477 -0.8503
vn 0.4835 0.2734 -0.8316
vn 0.9283 0.3296 0.1719
vn 0.3577 0.8178 0.4509
vn -0.3762 0.8127 0.4450
vn -0.9294 0.3519 0.1112
vn 0.8509 0.4874 -0.1962
vn 0.8716 0.4780 0.1084
vn 0.9819 0.1851 -0.0400
vn 0.9995 0.0263 -0.0186
vn 0.9972 -0.0559 -0.0497
vn 0.5865 -0.2359 -0.7748
vn -0.9261 0.2876 -0.2443
vn -0.3440 -0.2005 -0.9173
vn -0.9755 -0.0579 -0.2121
vn -0.5643 0.8234 0.0596
vn -0.7190 0.6823 0.1323
vn -0.9767 0.0156 -0.2138
vn -0.9792 -0.0861 -0.1840
vn -0.5827 0.8033 0.1234
vn -0.3787 0.8966 0.2297
vn 0.3494 0.9277 0.1312
vn 0.6473 0.0223 0.7619
vn 0.9863 0.1645 0.0082
vn -0.5601 -0.0177 0.8283
vn -0.9780 0.0513 0.2022
vn 0.0087 -0.9991 0.0421
vn -0.0371 -0.9984 0.0426
vn -0.0597 -0.9943 -0.0885
vn 0.0896 -0.9911 -0.0988
vn -0.1048 -0.9928 -0.0575
vn 0.0995 -0.9950 0.0001
vn -0.0528 -0.9986 0.0066
vn 0.0062 -1.0000 0.0022
vn -0.1242 -0.2424 0.9622
vn -0.5313 -0.2051 0.8220
vn -0.8588 -0.3392 0.3839
vn -0.6528 -0.3151 -0.6889
vn -0.0786 0.9470 -0.3116
vn -0.6031 0.5977 -0.5283
vn -0.6706 0.3612 -0.6479
vn -0.7057 -0.0208 -0.7082
vn -0.6377 -0.3167 -0.7022
vn -0.8562 0.2441 0.4553
vn -0.8965 -0.0696 0.4374
vn -0.8983 0.0551 0.4359
vn -0.8755 -0.3157 0.3659
vn -0.4574 0.0646 0.8869
vn -0.4781 -0.1654 0.8626
vn -0.4494 0.2820 0.8477
vn -0.5119 -0.3605 0.7797
vn -0.1727 -0.3701 -0.9128
vn -0.2029 0.0288 -0.9788
vn -0.1850 0.4796 -0.8577
vn -0.1976 -0.3103 -0.9299
vn -0.1621 0.6793 -0.7157
vn 0.0039 -0.9729 -0.2311
vn -0.6766 0.5920 0.4379
vn -0.8115 -0.2764 -0.5149
vn -0.8615 -0.0689 -0.5031
vn -0.8482 0.2235 -0.4803
vn -0.7604 0.5483 -0.3481
vn -0.7827 -0.3654 -0.5038
vn -0.9968 -0.0549 0.0587
vn -0.9705 -0.2402 -0.0197
vn -0.9224 -0.3607 -0.1384
vn -0.9168 0.3712 0.1472
vn -0.9959 -0.0214 0.0884
vn -0.4123 0.8459 -0.3383
vn -0.6146 0.7743 -0.1508
vn -0.2943 0.9506 -0.0983
vn -0.3033 0.9429 0.1373
vn -0.2652 0.7211 0.6400
vn -0.0968 0.9584 0.2685
vn -0.0629 0.9879 -0.1419
vn -0.7347 0.6737 0.0800
vn 0.4639 0.8190 -0.3377
vn 0.1577 0.9860 -0.0545
vn 0.2048 -0.0003 0.9788
vn -0.9859 -0.1023 -0.1324
vn -0.9245 0.0411 -0.3790
vn 0.7507 -0.1002 0.6530
vn -0.8481 0.5299 0.0049
vn 0.3334 0.0259 -0.9424
vn -0.8709 0.4458 0.2069
vn 0.0149 -0.5887 0.8082
vn 0.7045 0.0252 -0.7093
vn 0.6299 -0.5865 0.5091
vn 0.5739 0.6992 -0.4264
vn 0.8240 -0.5652 -0.0394
vn 0.5479 0.7119 -0.4394
vn -0.7998 0.5620 0.2110
vn -0.5065 -0.7480 0.4290
vn -0.1261 -0.4032 -0.9064
vn 0.1000 0.4878 0.8672
vn 0.2046 0.6612 0.7218
vn 0.0846 0.4965 0.8639
vn -0.0298 -0.2673 -0.9632
vn -0.1439 -0.4390 -0.8869
vn -0.6775 0.7210 0.1455
vn -0.7385 0.6413 0.2082
vn 0.8178 -0.5752 -0.0189
vn 0.8171 -0.5762 -0.0210
vn 0.8163 -0.5772 -0.0232
vn 0.8560 -0.4949 0.1494
vn 0.8332 -0.5523 0.0277
vn 0.8691 -0.4748 0.1384
vn 0.8410 -0.5401 0.0332
vn -0.8620 0.4181 -0.2865
vn -0.8416 0.5347 -0.0767
vn -0.8076 0.4815 -0.3405
vn -0.8101 0.5781 -0.0981
vn -0.4767 -0.7604 0.4411
vn -0.5230 -0.7368 0.4284
vn -0.8983 0.3838 -0.2139
vn -0.8928 0.4499 -0.0203
vn 0.5424 0.6584 -0.5218
vn 0.5688 0.6579 -0.4936
vn 0.8678 -0.4793 0.1310
vn 0.8489 -0.5286 0.0033
vn 0.2207 0.3816 0.8976
vn 0.2832 0.8557 -0.4331
vn -0.2207 -0.3816 -0.8976
vn -0.2832 -0.8557 0.4331
vn 0.9190 -0.3883 -0.0690
vn -0.9190 0.3883 0.0690
vn 0.2130 0.3780 0.9010
vn 0.4509 0.7862 -0.4225
vn -0.2452 -0.3584 -0.9008
vn -0.4509 -0.7862 0.4225
vn 0.8674 -0.4946 0.0546
vn -0.8664 0.4969 -0.0494
vn 0.2180 0.4005 0.8900
vn 0.0675 0.9037 -0.4228
vn -0.2180 -0.4005 -0.8900
vn -0.0675 -0.9037 0.4228
vn 0.9679 -0.1957 -0.1576
vn -0.9679 0.1957 0.1576
vn 0.2191 0.4392 0.8713
vn 0.2482 0.8731 -0.4195
vn -0.2414 -0.3744 -0.8953
vn -0.2483 -0.8731 0.4195
vn 0.9485 -0.3143 -0.0387
vn -0.9476 0.3165 0.0437
vn 0.1659 0.4770 0.8631
vn -0.2157 0.8971 -0.3856
vn -0.1914 -0.3712 -0.9086
vn 0.2157 -0.8971 0.3856
vn 0.9594 0.1154 -0.2574
vn -0.9736 -0.0412 0.2247
vn 0.2086 0.6507 0.7301
vn 0.0695 0.9099 -0.4091
vn -0.2318 -0.3942 -0.8893
vn -0.0701 -0.9098 0.4091
vn 0.9827 -0.1505 -0.1082
vn -0.9818 0.1526 0.1130
vn 0.1668 0.4749 0.8641
vn 0.2491 0.3369 -0.9080
vn -0.4279 -0.8212 -0.3776
vn 0.0962 0.4468 0.8895
vn 0.8131 -0.5821 -0.0079
vn -0.8355 0.5455 -0.0659
vn 0.0698 -0.4519 0.8894
vn -0.1443 0.5279 -0.8370
vn 0.4017 0.7968 0.4514
vn -0.4038 -0.8021 -0.4400
vn 0.8811 -0.2865 -0.3763
vn -0.8819 0.2816 0.3782
vn 0.2946 -0.5981 0.7453
vn -0.3002 0.6561 -0.6924
vn 0.3676 0.8021 0.4707
vn -0.4068 -0.7238 -0.5574
vn 0.7159 0.0479 -0.6965
vn -0.7533 -0.0050 0.6577
vt 0.000000 0.000000
vt 1.000000 0.000000
vt 1.000000 1.000000
vt 0.097989 1.000000
vt 0.042556 0.042556
vt 1.000000 0.900000
vt 0.903755 1.000000
vt 0.897899 0.900000
vt 0.772576 1.000000
vt 0.791823 0.900000
vt 0.631606 0.900000
vt 0.629690 1.000000
vt 0.584311 1.000000
vt 0.571679 0.900000
vt 0.750000 0.125878
vt 0.849593 0.126963
vt 0.848965 0.051611
vt 0.750000 0.033767
vt 0.641874 0.500000
vt 0.635621 0.600000
vt 0.568086 0.600000
vt 0.573778 0.500000
vt 0.635925 0.700000
vt 0.571679 0.700000
vt 0.635925 0.800000
vt 0.571679 0.800000
vt 0.880409 0.500000
vt 0.880409 0.600000
vt 0.784316 0.600000
vt 0.776839 0.500000
vt 0.880409 0.700000
vt 0.800122 0.700000
vt 0.880409 0.800000
vt 0.788925 0.800000
vt 1.000000 0.500000
vt 1.000000 0.600000
vt 1.000000 0.700000
vt 1.000000 0.800000
vt 0.500000 0.900000
vt 0.500000 0.800000
vt 0.500000 0.700000
vt 0.500000 0.600000
vt 0.500000 1.000000
vt 0.500000 0.500000
vt 0.378352 0.428189
vt 0.250000 0.490000
vt 0.250000 0.033767
vt 0.363092 0.054159
vt 0.406507 0.101381
vt 0.464658 0.172489
vt 0.462701 0.268880
vt 0.896083 0.324305
vt 0.907080 0.414354
vt 0.963690 0.285502
vt 0.938411 0.262828
vt 0.707302 0.800000
vt 0.707455 0.900000
vt 0.714286 0.700000
vt 0.714286 0.600000
vt 0.714286 0.500000
vt 0.693067 1.000000
vt 0.925896 0.148339
vt 0.918164 0.114061
vt 0.938888 0.222527
vt 0.983983 0.196595
vt 0.881486 0.228028
vt 0.750000 0.490000
vt 0.750000 0.375942
vt 0.750000 0.248637
vt 0.805476 1.000000
vt 0.922146 1.000000
vt 0.456958 0.314996
vt 0.479542 0.216052
vt 0.418164 0.114061
vt 0.641874 1.000000
vt 0.482937 0.201178
vt 0.414749 0.109327
vt 0.859652 1.000000
vt 0.469099 0.261803
vt 0.743443 1.000000
vt 0.638561 1.000000
vt 0.562312 0.166667
vt 0.625000 0.166667
vt 0.625000 0.250000
vt 0.562312 0.250000
vt 0.625000 0.500000
vt 0.562312 0.500000
vt 0.562312 0.666667
vt 0.625000 0.666667
vt 0.625000 0.750000
vt 0.562312 0.750000
vt 0.625000 1.000000
vt 0.562312 1.000000
vt 0.125000 0.665100
vt 0.375000 0.665100
vt 0.375000 0.750000
vt 0.125000 0.750000
vt 0.875000 0.666667
vt 0.875000 0.750000
vt 0.875000 0.500000
vt 0.875000 0.583333
vt 0.625000 0.583333
vt 0.125000 0.500000
vt 0.375000 0.500000
vt 0.375000 0.583333
vt 0.125000 0.583333
vt 0.562312 0.583333
vt 0.562312 0.000000
vt 0.625000 0.000000
vt 0.625000 0.083333
vt 0.562312 0.083333
vt 0.375000 0.084900
vt 0.430607 0.083333
vt 0.430607 0.166667
vt 0.375000 0.166667
vt 0.375000 0.000000
vt 0.430607 0.000000
vt 0.432306 0.583333
vt 0.427473 0.666578
vt 0.430607 0.500000
vt 0.427839 0.750000
vt 0.430607 1.000000
vt 0.375000 1.000000
vt 0.375000 0.250000
vt 0.430607 0.250000
vt 0.433791 0.000000
vt 0.433791 0.250000
vt 0.433791 0.500000
vt 0.433791 0.750000
vt 0.433791 1.000000
vt 0.125413 0.501886
vt 0.125413 0.751886
vt 0.433791 0.250000
vt 0.432076 0.498413
vt 0.432052 0.751563
vt 0.124278 0.500824
vt 0.124278 0.750833
vt 0.625000 0.257110
vt 0.433742 0.257065
vt 0.133032 0.500755
vt 0.867890 0.500000
vt 0.433021 0.013564
vt 0.624381 0.013427
vt 0.625000 0.297531
vt 0.433465 0.297230
vt 0.625000 0.989608
vt 0.433719 0.989673
vt 0.182798 0.500366
vt 0.137071 0.750863
vt 0.827469 0.500000
vt 0.864608 0.750000
vt 0.458194 0.000000
vt 0.458193 0.250000
vt 0.458194 0.500000
vt 0.458194 0.750000
vt 0.458194 1.000000
vt 0.130409 0.501318
vt 0.142517 0.743313
vt 0.458193 0.250000
vt 0.458194 0.500000
vt 0.458193 0.250000
vt 0.458193 0.500000
vt 0.458193 0.250000
vt 0.458194 0.500000
vt 0.458194 0.250000
vt 0.458193 0.500000
s 1
usemtl Skin
f 521/10/626 917/10/626 898/10/626
f 917/10/627 521/10/627 522/10/627 523/10/627
f 523/10/628 522/10/628 551/10/628 552/10/628
f 520/10/629 670/10/629 522/10/629 521/10/629
f 909/10/659 911/10/659 516/10/659 515/10/659
f 516/10/667 532/10/667 517/10/667 515/10/667
f 516/10/668 525/10/668 531/10/668 532/10/668
f 516/10/669 911/10/669 923/10/669 525/10/669
f 923/10/670 922/10/670 525/10/670
f 524/10/671 526/10/671 525/10/671 922/10/671
f 922/10/672 921/10/672 524/10/672
f 524/10/673 921/10/673 917/10/673 523/10/673
f 523/10/674 552/10/674 527/10/674 524/10/674
f 550/10/675 551/10/675 522/10/675 670/10/675
f 520/10/676 519/10/676 534/10/676 670/10/676
f 518/10/681 517/10/681 532/10/681 533/10/681
f 532/10/682 531/10/682 533/10/682
f 525/10/683 526/10/683 530/10/683 531/10/683
f 531/10/684 530/10/684 533/10/684
f 519/10/685 518/10/685 533/10/685 534/10/685
f 534/10/686 533/10/686 535/10/686 540/10/686
f 534/10/687 540/10/687 550/10/687 670/10/687
f 549/10/688 555/10/688 554/10/688 548/10/688
f 548/10/689 551/10/689 550/10/689 549/10/689
f 547/10/690 552/10/690 551/10/690 548/10/690
f 527/10/691 552/10/691 547/10/691 528/10/691
f 526/10/692 524/10/692 527/10/692 529/10/692
f 529/10/693 536/10/693 530/10/693 526/10/693
f 530/10/694 536/10/694 535/10/694 533/10/694
f 539/10/695 541/10/695 540/10/695 535/10/695
f 540/10/696 541/10/696 549/10/696 550/10/696
f 542/10/697 555/10/697 549/10/697 541/10/697
f 539/10/698 543/10/698 542/10/698 541/10/698
f 535/10/699 536/10/699 538/10/699 539/10/699
f 536/10/700 529/10/700 537/10/700 538/10/700
f 528/10/701 537/10/701 529/10/701 527/10/701
f 548/10/702 554/10/702 553/10/702 547/10/702
f 554/10/703 555/10/703 556/10/703 557/10/703
f 556/10/704 555/10/704 542/10/704 563/10/704
f 542/10/705 543/10/705 562/10/705 563/10/705
f 473/10/723 476/10/723 475/10/723 474/10/723
f 465/10/729 464/10/729 473/10/729 474/10/729
f 544/10/754 543/10/754 539/10/754 538/10/754
f 545/10/755 544/10/755 538/10/755 537/10/755
f 546/10/756 545/10/756 537/10/756 528/10/756
f 553/10/757 546/10/757 528/10/757 547/10/757
f 553/10/758 554/10/758 557/10/758 558/10/758
f 558/10/759 559/10/759 546/10/759 553/10/759
f 545/10/760 546/10/760 559/10/760 560/10/760
f 544/10/761 545/10/761 560/10/761 561/10/761
f 543/10/762 544/10/762 561/10/762 562/10/762
f 563/10/763 562/10/763 567/10/763
f 566/10/764 567/10/764 562/10/764
f 566/10/765 565/10/765 567/10/765
f 565/10/766 564/10/766 567/10/766
f 564/10/767 563/10/767 567/10/767
f 563/10/768 564/10/768 556/10/768
f 557/10/769 556/10/769 564/10/769 574/10/769
f 557/10/770 574/10/770 571/10/770 558/10/770
f 571/10/771 570/10/772 558/10/773
f 558/10/773 570/10/772 559/10/774
f 560/10/775 559/10/775 570/10/775
f 569/10/776 560/10/776 570/10/776
f 561/10/777 560/10/777 569/10/777 568/10/777
f 562/10/778 561/10/778 568/10/778 566/10/778
f 568/10/779 580/10/779 579/10/779 566/10/779
f 569/10/780 581/10/780 580/10/780 568/10/780
f 570/10/781 573/10/781 569/10/781
f 570/10/782 571/10/782 572/10/782 573/10/782
f 572/10/783 571/10/783 574/10/783 575/10/783
f 564/10/784 576/10/784 575/10/784 574/10/784
f 565/10/785 576/10/785 564/10/785
f 578/10/786 566/10/786 579/10/786 585/10/786
f 566/10/787 578/10/787 577/10/787 565/10/787
f 576/10/788 565/10/788 577/10/788 586/10/788
f 575/10/789 576/10/789 586/10/789 587/10/789
f 572/10/790 575/10/790 587/10/790 588/10/790
f 573/10/791 572/10/791 588/10/791 589/10/791
f 573/10/792 589/10/792 582/10/792 569/10/792
f 590/10/793 600/10/793 606/10/793 607/10/793
f 607/10/794 608/10/794 591/10/794 590/10/794
f 601/10/795 592/10/795 591/10/795 608/10/795
f 593/10/796 592/10/796 601/10/796 602/10/796
f 598/10/797 593/10/797 602/10/797 603/10/797
f 597/10/798 598/10/798 603/10/798 604/10/798
f 599/10/799 597/10/799 604/10/799 605/10/799
f 600/10/800 599/10/800 605/10/800 606/10/800
f 588/10/801 587/10/801 590/10/801 600/10/801
f 591/10/802 590/10/802 587/10/802 586/10/802
f 592/10/803 591/10/803 586/10/803 577/10/803
f 593/10/804 592/10/804 577/10/804 578/10/804
f 585/10/805 594/10/805 593/10/805 578/10/805
f 584/10/806 595/10/806 594/10/806 585/10/806
f 579/10/807 580/10/807 584/10/807 585/10/807
f 580/10/808 581/10/808 583/10/808 584/10/808
f 581/10/809 569/10/809 582/10/809 583/10/809
f 583/10/810 596/10/810 595/10/810 584/10/810
f 595/10/811 598/10/811 593/10/811 594/10/811
f 595/10/812 596/10/812 597/10/812 598/10/812
f 582/10/813 597/10/813 596/10/813 583/10/813
f 599/10/814 597/10/814 582/10/814 589/10/814
f 600/10/815 599/10/815 589/10/815 588/10/815
f 605/10/816 612/10/816 611/10/816 606/10/816
f 610/10/817 607/10/817 606/10/817 611/10/817
f 609/10/818 608/10/818 607/10/818 610/10/818
f 608/10/819 616/10/819 601/10/819
f 604/10/820 613/10/820 612/10/820 605/10/820
f 602/10/821 615/10/821 614/10/821 603/10/821
f 603/10/822 614/10/822 613/10/822 604/10/822
f 611/10/823 612/10/823 631/10/823 632/10/823
f 611/10/824 632/10/824 617/10/824 610/10/824
f 609/10/825 610/10/825 617/10/825 618/10/825
f 609/10/826 618/10/826 616/10/826 608/10/826
f 633/10/827 636/10/827 632/10/827
f 632/10/828 631/10/828 633/10/828
f 633/10/829 631/10/829 634/10/829 635/10/829
f 630/10/830 634/10/830 631/10/830 612/10/830
f 629/10/831 630/10/831 612/10/831 613/10/831
f 614/10/832 638/10/832 629/10/832 613/10/832
f 615/10/833 602/10/833 601/10/833 616/10/833
f 614/10/834 615/10/834 623/10/834 638/10/834
f 616/10/835 619/10/835 621/10/835 622/10/835
f 619/10/836 618/10/836 620/10/836
f 618/10/837 619/10/837 616/10/837
f 620/10/838 624/10/838 621/10/838 619/10/838
f 622/10/839 623/10/839 615/10/839 616/10/839
f 620/10/840 618/10/840 625/10/840
f 625/10/841 618/10/841 617/10/841 626/10/841
f 626/10/842 617/10/842 632/10/842 636/10/842
f 627/10/843 626/10/843 636/10/843 637/10/843
f 635/10/844 637/10/844 636/10/844 633/10/844
f 625/10/845 626/10/845 627/10/845 628/10/845
f 624/10/846 620/10/846 625/10/846 628/10/846
f 627/10/847 641/10/847 624/10/847 628/10/847
f 635/10/848 641/10/848 627/10/848 637/10/848
f 624/10/849 641/10/849 640/10/849 621/10/849
f 640/10/850 641/10/850 635/10/850 634/10/850
f 621/10/851 640/10/851 639/10/851 622/10/851
f 639/10/852 640/10/852 634/10/852 630/10/852
f 622/10/853 639/10/853 638/10/853 623/10/853
f 639/10/854 630/10/854 629/10/854 638/10/854
f 1081/15/856 1071/12/856 672/16/856 677/17/856
f 677/17/857 672/16/857 695/18/857 699/19/857
f 694/20/858 690/21/858 676/22/858 685/23/858
f 1114/24/859 701/25/859 675/26/859 1094/27/859
f 689/28/860 691/29/860 688/30/860 675/31/860
f 691/29/861 692/32/861 687/33/861 688/30/861
f 692/32/862 693/34/862 686/35/862 687/33/862
f 693/34/863 694/20/863 685/23/863 686/35/863
f 671/36/864 680/37/864 698/38/864 697/39/864
f 680/37/865 679/40/865 696/41/865 698/38/865
f 679/40/866 678/42/866 700/43/866 696/41/866
f 678/42/867 677/17/867 699/19/867 700/43/867
f 1070/44/868 1078/45/868 680/37/868 671/36/868
f 1078/45/869 1079/46/869 679/40/869 680/37/869
f 1079/46/870 1080/47/870 678/42/870 679/40/870
f 1080/47/871 1081/15/871 677/17/871 678/42/871
f 686/35/872 685/23/872 1099/48/872 1098/49/872
f 687/33/873 686/35/873 1098/49/873 1097/50/873
f 688/30/874 687/33/874 1097/50/874 1096/51/874
f 685/23/875 676/22/875 1095/52/875 1099/48/875
f 675/31/876 688/30/876 1096/51/876 1094/53/876
f 672/54/877 1071/55/878 1095/56/878 676/57/877 690/58/877 674/59/877 695/60/877
f 703/61/879 671/62/879 697/63/879 706/64/879
f 682/65/880 681/66/880 694/20/880 693/34/880
f 683/67/881 682/65/881 693/34/881 692/32/881
f 684/68/882 683/67/882 692/32/882 691/29/882
f 673/69/883 684/68/883 691/29/883 689/28/883
f 681/66/884 674/70/884 690/21/884 694/20/884
f 696/41/885 700/43/885 682/65/885 683/67/885
f 700/43/886 699/19/886 681/66/886 682/65/886
f 699/19/887 695/18/887 674/70/887 681/66/887
f 697/39/888 698/38/888 684/68/888 673/69/888
f 698/38/889 696/41/889 683/67/889 684/68/889
f 675/26/890 701/25/890 704/71/890 689/72/890
f 689/72/891 704/71/891 705/73/891 673/74/891
f 701/25/892 702/75/892 705/73/892 704/71/892
f 702/75/893 703/61/893 706/64/893 705/73/893
f 1070/76/894 671/62/894 703/61/894 1112/77/894
f 1112/77/895 703/61/895 702/75/895 1113/78/895
f 1113/78/896 702/75/896 701/25/896 1114/24/896
f 673/74/897 705/73/897 706/64/897 697/63/897
f 672/16/898 695/18/898 711/79/898 707/80/898
f 1071/12/899 672/16/899 707/80/899 1121/12/899
f 676/22/900 1095/52/900 1125/52/900 709/22/900
f 674/59/901 695/60/901 711/81/901 708/82/901
f 690/58/902 674/59/902 708/82/902 710/83/902
f 690/21/903 676/22/903 709/22/903 710/84/903
f 710/83/904 708/82/904 493/85/904 492/86/904
f 1121/12/905 707/80/905 459/87/905 458/12/905
f 708/82/906 711/81/906 494/88/906 493/85/906
f 709/22/907 1125/52/907 875/52/907 491/22/907
f 707/80/908 711/79/908 494/89/908 459/87/908
f 710/84/909 709/22/909 491/22/909 492/90/909
f 669/10/910 663/10/910 664/10/910 665/10/910 666/10/910 667/10/910 668/10/910
f 742/91/911 723/92/911 715/93/911 730/94/911
f 730/94/912 715/93/912 719/95/912 732/96/912
f 738/97/913 727/98/913 717/99/913 734/100/913
f 734/100/914 717/99/914 713/101/914 729/102/914
f 721/103/915 724/104/915 716/105/915 712/106/915
f 727/98/916 722/107/916 713/108/916 717/99/916
f 719/95/917 715/109/917 723/110/917 726/111/917
f 726/111/918 723/110/918 722/107/918 727/98/918
f 714/112/919 718/113/919 725/114/919 720/115/919
f 720/115/920 725/114/920 724/104/920 721/103/920
f 732/96/921 719/95/921 726/111/921 736/116/921
f 736/116/922 726/111/922 727/98/922 738/97/922
f 729/117/923 713/118/923 722/119/924 740/120/924
f 740/120/924 722/119/924 723/92/925 742/91/925
f 721/121/926 741/122/926 743/123/926 720/124/926
f 741/122/927 740/120/927 742/91/927 743/123/927
f 712/125/928 728/126/928 741/122/928 721/121/928
f 728/126/929 729/117/929 740/120/929 741/122/929
f 725/114/930 737/127/930 739/128/930 724/104/930
f 737/127/931 736/116/931 738/97/931 739/128/931
f 718/113/932 733/129/932 737/127/932 725/114/932
f 733/129/933 732/96/933 736/116/933 737/127/933
f 716/105/934 735/130/934 728/131/934 712/132/934
f 735/130/935 734/100/935 729/102/935 728/131/935
f 724/104/936 739/128/936 735/130/936 716/105/936
f 739/128/937 738/97/937 734/100/937 735/130/937
f 714/133/938 731/134/938 733/129/938 718/113/938
f 731/134/939 730/94/939 732/96/939 733/129/939
f 720/124/940 743/123/940 731/134/940 714/133/940
f 743/123/941 742/91/941 730/94/941 731/134/941
f 744/135/942 745/118/942 747/93/942 746/136/942
f 746/136/943 747/93/943 751/95/943 750/137/943
f 750/137/944 751/95/944 749/99/944 748/138/944
f 748/138/945 749/99/945 745/101/945 744/139/945
f 746/140/946 750/137/946 748/138/946 744/141/946
f 751/95/947 747/109/947 745/108/947 749/99/947
f 752/135/948 753/118/948 755/93/948 754/142/948
f 754/142/949 755/93/949 759/95/949 758/143/949
f 758/143/950 759/95/950 757/99/950 756/144/950
f 756/144/951 757/99/951 753/101/951 752/139/951
f 754/145/952 758/143/952 756/144/952 752/146/952
f 759/95/953 755/109/953 753/108/953 757/99/953
f 760/135/954 761/118/954 763/93/954 762/136/954
f 762/136/955 763/93/955 767/95/955 766/137/955
f 766/137/956 767/95/956 765/99/956 764/138/956
f 764/138/957 765/99/957 761/101/957 760/139/957
f 762/140/958 766/137/958 764/138/958 760/141/958
f 767/95/959 763/109/959 761/108/959 765/99/959
f 768/135/960 769/118/960 771/147/960 770/148/960
f 770/148/961 771/147/961 775/95/961 774/143/961
f 774/143/962 775/95/962 773/99/962 772/144/962
f 772/144/963 773/99/963 769/101/963 768/139/963
f 770/149/964 774/143/964 772/144/964 768/146/964
f 775/95/965 771/150/965 769/108/965 773/99/965
f 776/135/966 777/118/966 779/93/966 778/136/966
f 778/136/967 779/93/967 783/95/967 782/137/967
f 782/137/968 783/95/968 781/99/968 780/138/968
f 780/138/969 781/99/969 777/101/969 776/139/969
f 778/140/970 782/137/970 780/138/970 776/141/970
f 783/95/971 779/109/971 777/108/971 781/99/971
f 784/151/972 785/152/972 787/153/972 786/154/972
f 786/154/973 787/153/973 791/95/973 790/143/973
f 790/143/974 791/95/974 789/99/974 788/144/974
f 788/144/975 789/99/975 785/155/975 784/156/975
f 786/157/976 790/143/976 788/144/976 784/158/976
f 791/95/977 787/159/977 785/160/977 789/99/977
f 792/161/978 793/118/978 795/93/978 794/162/978
f 794/162/979 795/93/979 799/95/979 798/163/979
f 798/163/980 799/95/980 797/99/980 796/164/980
f 796/164/981 797/99/981 793/101/981 792/165/981
f 794/166/982 798/163/982 796/164/982 792/167/982
f 799/95/983 795/109/983 793/108/983 797/99/983
f 800/168/984 802/169/984 803/95/984 801/93/984
f 805/170/985 804/93/985 807/95/985 806/171/985
f 800/168/986 801/93/986 804/93/986 805/170/986
f 803/95/987 802/169/987 806/171/987 807/95/987
f 802/169/988 800/168/988 805/170/988 806/171/988
f 801/93/989 803/95/989 807/95/989 804/93/989
f 808/172/990 810/173/990 811/95/990 809/93/990
f 813/174/991 812/93/991 815/95/991 814/175/991
f 808/172/992 809/93/992 812/93/992 813/174/992
f 811/95/993 810/173/993 814/175/993 815/95/993
f 810/173/994 808/172/994 813/174/994 814/175/994
f 809/93/995 811/95/995 815/95/995 812/93/995
f 916/10/1021 898/10/1021 917/10/1021
f 917/10/1022 919/10/1022 918/10/1022 916/10/1022
f 919/10/1023 951/10/1023 950/10/1023 918/10/1023
f 915/10/1024 916/10/1024 918/10/1024 1069/10/1024
f 909/10/1054 908/10/1054 910/10/1054 911/10/1054
f 910/10/1062 908/10/1062 912/10/1062 931/10/1062
f 910/10/1063 931/10/1063 930/10/1063 924/10/1063
f 910/10/1064 924/10/1064 923/10/1064 911/10/1064
f 923/10/1065 924/10/1065 922/10/1065
f 920/10/1066 922/10/1066 924/10/1066 925/10/1066
f 922/10/1067 920/10/1067 921/10/1067
f 920/10/1068 919/10/1068 917/10/1068 921/10/1068
f 919/10/1069 920/10/1069 926/10/1069 951/10/1069
f 949/10/1070 1069/10/1070 918/10/1070 950/10/1070
f 915/10/1071 1069/10/1071 933/10/1071 914/10/1071
f 913/10/1076 932/10/1076 931/10/1076 912/10/1076
f 931/10/1077 932/10/1077 930/10/1077
f 924/10/1078 930/10/1078 929/10/1078 925/10/1078
f 930/10/1079 932/10/1079 929/10/1079
f 914/10/1080 933/10/1080 932/10/1080 913/10/1080
f 933/10/1081 939/10/1081 934/10/1081 932/10/1081
f 933/10/1082 1069/10/1082 949/10/1082 939/10/1082
f 948/10/1083 947/10/1083 953/10/1083 954/10/1083
f 947/10/1084 948/10/1084 949/10/1084 950/10/1084
f 946/10/1085 947/10/1085 950/10/1085 951/10/1085
f 926/10/1086 927/10/1086 946/10/1086 951/10/1086
f 925/10/1087 928/10/1087 926/10/1087 920/10/1087
f 928/10/1088 925/10/1088 929/10/1088 935/10/1088
f 929/10/1089 932/10/1089 934/10/1089 935/10/1089
f 938/10/1090 934/10/1090 939/10/1090 940/10/1090
f 939/10/1091 949/10/1091 948/10/1091 940/10/1091
f 941/10/1092 940/10/1092 948/10/1092 954/10/1092
f 938/10/1093 940/10/1093 941/10/1093 942/10/1093
f 934/10/1094 938/10/1094 937/10/1094 935/10/1094
f 935/10/1095 937/10/1095 936/10/1095 928/10/1095
f 927/10/1096 926/10/1096 928/10/1096 936/10/1096
f 947/10/1097 946/10/1097 952/10/1097 953/10/1097
f 953/10/1098 956/10/1098 955/10/1098 954/10/1098
f 955/10/1099 962/10/1099 941/10/1099 954/10/1099
f 941/10/1100 962/10/1100 961/10/1100 942/10/1100
f 854/10/1118 855/10/1118 856/10/1118 857/10/1118
f 846/10/1124 855/10/1124 854/10/1124 845/10/1124
f 943/10/1149 937/10/1149 938/10/1149 942/10/1149
f 944/10/1150 936/10/1150 937/10/1150 943/10/1150
f 945/10/1151 927/10/1151 936/10/1151 944/10/1151
f 952/10/1152 946/10/1152 927/10/1152 945/10/1152
f 952/10/1153 957/10/1153 956/10/1153 953/10/1153
f 957/10/1154 952/10/1154 945/10/1154 958/10/1154
f 944/10/1155 959/10/1155 958/10/1155 945/10/1155
f 943/10/1156 960/10/1156 959/10/1156 944/10/1156
f 942/10/1157 961/10/1157 960/10/1157 943/10/1157
f 962/10/1158 966/10/1158 961/10/1158
f 965/10/1159 961/10/1159 966/10/1159
f 965/10/1160 966/10/1160 964/10/1160
f 964/10/1161 966/10/1161 963/10/1161
f 963/10/1162 966/10/1162 962/10/1162
f 962/10/1163 955/10/1163 963/10/1163
f 956/10/1164 973/10/1164 963/10/1164 955/10/1164
f 956/10/1165 957/10/1165 970/10/1165 973/10/1165
f 970/10/1166 957/10/1167 969/10/1168
f 957/10/1167 958/10/1169 969/10/1168
f 959/10/1170 969/10/1170 958/10/1170
f 968/10/1171 969/10/1171 959/10/1171
f 960/10/1172 967/10/1172 968/10/1172 959/10/1172
f 961/10/1173 965/10/1173 967/10/1173 960/10/1173
f 967/10/1174 965/10/1174 978/10/1174 979/10/1174
f 968/10/1175 967/10/1175 979/10/1175 980/10/1175
f 969/10/1176 968/10/1176 972/10/1176
f 969/10/1177 972/10/1177 971/10/1177 970/10/1177
f 971/10/1178 974/10/1178 973/10/1178 970/10/1178
f 963/10/1179 973/10/1179 974/10/1179 975/10/1179
f 964/10/1180 963/10/1180 975/10/1180
f 977/10/1181 984/10/1181 978/10/1181 965/10/1181
f 965/10/1182 964/10/1182 976/10/1182 977/10/1182
f 975/10/1183 985/10/1183 976/10/1183 964/10/1183
f 974/10/1184 986/10/1184 985/10/1184 975/10/1184
f 971/10/1185 987/10/1185 986/10/1185 974/10/1185
f 972/10/1186 988/10/1186 987/10/1186 971/10/1186
f 972/10/1187 968/10/1187 981/10/1187 988/10/1187
f 989/10/1188 1006/10/1188 1005/10/1188 999/10/1188
f 1006/10/1189 989/10/1189 990/10/1189 1007/10/1189
f 1000/10/1190 1007/10/1190 990/10/1190 991/10/1190
f 992/10/1191 1001/10/1191 1000/10/1191 991/10/1191
f 997/10/1192 1002/10/1192 1001/10/1192 992/10/1192
f 996/10/1193 1003/10/1193 1002/10/1193 997/10/1193
f 998/10/1194 1004/10/1194 1003/10/1194 996/10/1194
f 999/10/1195 1005/10/1195 1004/10/1195 998/10/1195
f 987/10/1196 999/10/1196 989/10/1196 986/10/1196
f 990/10/1197 985/10/1197 986/10/1197 989/10/1197
f 991/10/1198 976/10/1198 985/10/1198 990/10/1198
f 992/10/1199 977/10/1199 976/10/1199 991/10/1199
f 984/10/1200 977/10/1200 992/10/1200 993/10/1200
f 983/10/1201 984/10/1201 993/10/1201 994/10/1201
f 978/10/1202 984/10/1202 983/10/1202 979/10/1202
f 979/10/1203 983/10/1203 982/10/1203 980/10/1203
f 980/10/1204 982/10/1204 981/10/1204 968/10/1204
f 982/10/1205 983/10/1205 994/10/1205 995/10/1205
f 994/10/1206 993/10/1206 992/10/1206 997/10/1206
f 994/10/1207 997/10/1207 996/10/1207 995/10/1207
f 981/10/1208 982/10/1208 995/10/1208 996/10/1208
f 998/10/1209 988/10/1209 981/10/1209 996/10/1209
f 999/10/1210 987/10/1210 988/10/1210 998/10/1210
f 1004/10/1211 1005/10/1211 1010/10/1211 1011/10/1211
f 1009/10/1212 1010/10/1212 1005/10/1212 1006/10/1212
f 1008/10/1213 1009/10/1213 1006/10/1213 1007/10/1213
f 1007/10/1214 1000/10/1214 1015/10/1214
f 1003/10/1215 1004/10/1215 1011/10/1215 1012/10/1215
f 1001/10/1216 1002/10/1216 1013/10/1216 1014/10/1216
f 1002/10/1217 1003/10/1217 1012/10/1217 1013/10/1217
f 1010/10/1218 1031/10/1218 1030/10/1218 1011/10/1218
f 1010/10/1219 1009/10/1219 1016/10/1219 1031/10/1219
f 1008/10/1220 1017/10/1220 1016/10/1220 1009/10/1220
f 1008/10/1221 1007/10/1221 1015/10/1221 1017/10/1221
f 1032/10/1222 1031/10/1222 1035/10/1222
f 1031/10/1223 1032/10/1223 1030/10/1223
f 1032/10/1224 1034/10/1224 1033/10/1224 1030/10/1224
f 1029/10/1225 1011/10/1225 1030/10/1225 1033/10/1225
f 1028/10/1226 1012/10/1226 1011/10/1226 1029/10/1226
f 1013/10/1227 1012/10/1227 1028/10/1227 1037/10/1227
f 1014/10/1228 1015/10/1228 1000/10/1228 1001/10/1228
f 1013/10/1229 1037/10/1229 1022/10/1229 1014/10/1229
f 1015/10/1230 1021/10/1230 1020/10/1230 1018/10/1230
f 1018/10/1231 1019/10/1231 1017/10/1231
f 1017/10/1232 1015/10/1232 1018/10/1232
f 1019/10/1233 1018/10/1233 1020/10/1233 1023/10/1233
f 1021/10/1234 1015/10/1234 1014/10/1234 1022/10/1234
f 1019/10/1235 1024/10/1235 1017/10/1235
f 1024/10/1236 1025/10/1236 1016/10/1236 1017/10/1236
f 1025/10/1237 1035/10/1237 1031/10/1237 1016/10/1237
f 1026/10/1238 1036/10/1238 1035/10/1238 1025/10/1238
f 1034/10/1239 1032/10/1239 1035/10/1239 1036/10/1239
f 1024/10/1240 1027/10/1240 1026/10/1240 1025/10/1240
f 1023/10/1241 1027/10/1241 1024/10/1241 1019/10/1241
f 1026/10/1242 1027/10/1242 1023/10/1242 1040/10/1242
f 1034/10/1243 1036/10/1243 1026/10/1243 1040/10/1243
f 1023/10/1244 1020/10/1244 1039/10/1244 1040/10/1244
f 1039/10/1245 1033/10/1245 1034/10/1245 1040/10/1245
f 1020/10/1246 1021/10/1246 1038/10/1246 1039/10/1246
f 1038/10/1247 1029/10/1247 1033/10/1247 1039/10/1247
f 1021/10/1248 1022/10/1248 1037/10/1248 1038/10/1248
f 1038/10/1249 1037/10/1249 1028/10/1249 1029/10/1249
f 1081/15/1251 1082/17/1251 1073/16/1251 1071/12/1251
f 1082/17/1252 1110/19/1252 1106/18/1252 1073/16/1252
f 1105/20/1253 1090/23/1253 1077/22/1253 1101/21/1253
f 1114/24/1254 1094/27/1254 1076/26/1254 1115/25/1254
f 1100/28/1255 1076/31/1255 1093/30/1255 1102/29/1255
f 1102/29/1256 1093/30/1256 1092/33/1256 1103/32/1256
f 1103/32/1257 1092/33/1257 1091/35/1257 1104/34/1257
f 1104/34/1258 1091/35/1258 1090/23/1258 1105/20/1258
f 1072/36/1259 1108/39/1259 1109/38/1259 1085/37/1259
f 1085/37/1260 1109/38/1260 1107/41/1260 1084/40/1260
f 1084/40/1261 1107/41/1261 1111/43/1261 1083/42/1261
f 1083/42/1262 1111/43/1262 1110/19/1262 1082/17/1262
f 1070/44/1263 1072/36/1263 1085/37/1263 1078/45/1263
f 1078/45/1264 1085/37/1264 1084/40/1264 1079/46/1264
f 1079/46/1265 1084/40/1265 1083/42/1265 1080/47/1265
f 1080/47/1266 1083/42/1266 1082/17/1266 1081/15/1266
f 1091/35/1267 1098/49/1267 1099/48/1267 1090/23/1267
f 1092/33/1268 1097/50/1268 1098/49/1268 1091/35/1268
f 1093/30/1269 1096/51/1269 1097/50/1269 1092/33/1269
f 1090/23/1270 1099/48/1270 1095/52/1270 1077/22/1270
f 1076/31/1271 1094/53/1271 1096/51/1271 1093/30/1271
f 1073/54/1272 1106/60/1272 1075/59/1272 1101/58/1272 1077/57/1272 1095/56/878 1071/55/878
f 1117/61/1273 1120/64/1273 1108/63/1273 1072/62/1273
f 1087/65/1274 1104/34/1274 1105/20/1274 1086/66/1274
f 1088/67/1275 1103/32/1275 1104/34/1275 1087/65/1275
f 1089/68/1276 1102/29/1276 1103/32/1276 1088/67/1276
f 1074/69/1277 1100/28/1277 1102/29/1277 1089/68/1277
f 1086/66/1278 1105/20/1278 1101/21/1278 1075/70/1278
f 1107/41/1279 1088/67/1279 1087/65/1279 1111/43/1279
f 1111/43/1280 1087/65/1280 1086/66/1280 1110/19/1280
f 1110/19/1281 1086/66/1281 1075/70/1281 1106/18/1281
f 1108/39/1282 1074/69/1282 1089/68/1282 1109/38/1282
f 1109/38/1283 1089/68/1283 1088/67/1283 1107/41/1283
f 1076/26/1284 1100/72/1284 1118/71/1284 1115/25/1284
f 1100/72/1285 1074/74/1285 1119/73/1285 1118/71/1285
f 1115/25/1286 1118/71/1286 1119/73/1286 1116/75/1286
f 1116/75/1287 1119/73/1287 1120/64/1287 1117/61/1287
f 1070/76/1288 1112/77/1288 1117/61/1288 1072/62/1288
f 1112/77/1289 1113/78/1289 1116/75/1289 1117/61/1289
f 1113/78/1290 1114/24/1290 1115/25/1290 1116/75/1290
f 1074/74/1291 1108/63/1291 1120/64/1291 1119/73/1291
f 1073/16/1292 1122/80/1292 1127/79/1292 1106/18/1292
f 1071/12/1293 1121/12/1293 1122/80/1293 1073/16/1293
f 1077/22/1294 1124/22/1294 1125/52/1294 1095/52/1294
f 1075/59/1295 1123/82/1295 1127/81/1295 1106/60/1295
f 1101/58/1296 1126/83/1296 1123/82/1296 1075/59/1296
f 1101/21/1297 1126/84/1297 1124/22/1297 1077/22/1297
f 1126/83/1298 876/86/1298 877/85/1298 1123/82/1298
f 1121/12/1299 836/12/1299 837/87/1299 1122/80/1299
f 1123/82/1300 877/85/1300 878/88/1300 1127/81/1300
f 1124/22/1301 874/22/1301 875/52/1301 1125/52/1301
f 1122/80/1302 837/87/1302 878/89/1302 1127/79/1302
f 1126/84/1303 876/90/1303 874/22/1303 1124/22/1303
f 1068/10/1304 1067/10/1304 1066/10/1304 1065/10/1304 1064/10/1304 1063/10/1304 1062/10/1304
f 1158/91/1305 1146/94/1305 1131/93/1305 1139/92/1305
f 1146/94/1306 1148/96/1306 1135/95/1306 1131/93/1306
f 1154/97/1307 1150/100/1307 1133/99/1307 1143/98/1307
f 1150/100/1308 1145/102/1308 1129/101/1308 1133/99/1308
f 1137/103/1309 1128/106/1309 1132/105/1309 1140/104/1309
f 1143/98/1310 1133/99/1310 1129/108/1310 1138/107/1310
f 1135/95/1311 1142/111/1311 1139/110/1311 1131/109/1311
f 1142/111/1312 1143/98/1312 1138/107/1312 1139/110/1312
f 1130/112/1313 1136/115/1313 1141/114/1313 1134/113/1313
f 1136/115/1314 1137/103/1314 1140/104/1314 1141/114/1314
f 1148/96/1315 1152/116/1315 1142/111/1315 1135/95/1315
f 1152/116/1316 1154/97/1316 1143/98/1316 1142/111/1316
f 1145/117/1317 1156/120/1318 1138/119/1318 1129/118/1317
f 1156/120/1318 1158/91/1319 1139/92/1319 1138/119/1318
f 1137/121/1320 1136/124/1320 1159/123/1320 1157/122/1320
f 1157/122/1321 1159/123/1321 1158/91/1321 1156/120/1321
f 1128/125/1322 1137/121/1322 1157/122/1322 1144/126/1322
f 1144/126/1323 1157/122/1323 1156/120/1323 1145/117/1323
f 1141/114/1324 1140/104/1324 1155/128/1324 1153/127/1324
f 1153/127/1325 1155/128/1325 1154/97/1325 1152/116/1325
f 1134/113/1326 1141/114/1326 1153/127/1326 1149/129/1326
f 1149/129/1327 1153/127/1327 1152/116/1327 1148/96/1327
f 1132/105/1328 1128/132/1328 1144/131/1328 1151/130/1328
f 1151/130/1329 1144/131/1329 1145/102/1329 1150/100/1329
f 1140/104/1330 1132/105/1330 1151/130/1330 1155/128/1330
f 1155/128/1331 1151/130/1331 1150/100/1331 1154/97/1331
f 1130/133/1332 1134/113/1332 1149/129/1332 1147/134/1332
f 1147/134/1333 1149/129/1333 1148/96/1333 1146/94/1333
f 1136/124/1334 1130/133/1334 1147/134/1334 1159/123/1334
f 1159/123/1335 1147/134/1335 1146/94/1335 1158/91/1335
f 1160/135/1336 1162/136/1336 1163/93/1336 1161/118/1336
f 1162/136/1337 1166/137/1337 1167/95/1337 1163/93/1337
f 1166/137/1338 1164/138/1338 1165/99/1338 1167/95/1338
f 1164/138/1339 1160/139/1339 1161/101/1339 1165/99/1339
f 1162/140/1340 1160/141/1340 1164/138/1340 1166/137/1340
f 1167/95/1341 1165/99/1341 1161/108/1341 1163/109/1341
f 1168/135/1342 1170/142/1342 1171/93/1342 1169/118/1342
f 1170/142/1343 1174/143/1343 1175/95/1343 1171/93/1343
f 1174/143/1344 1172/144/1344 1173/99/1344 1175/95/1344
f 1172/144/1345 1168/139/1345 1169/101/1345 1173/99/1345
f 1170/145/1346 1168/146/1346 1172/144/1346 1174/143/1346
f 1175/95/1347 1173/99/1347 1169/108/1347 1171/109/1347
f 1176/135/1348 1178/136/1348 1179/93/1348 1177/118/1348
f 1178/136/1349 1182/137/1349 1183/95/1349 1179/93/1349
f 1182/137/1350 1180/138/1350 1181/99/1350 1183/95/1350
f 1180/138/1351 1176/139/1351 1177/101/1351 1181/99/1351
f 1178/140/1352 1176/141/1352 1180/138/1352 1182/137/1352
f 1183/95/1353 1181/99/1353 1177/108/1353 1179/109/1353
f 1184/135/1354 1186/148/1354 1187/147/1354 1185/118/1354
f 1186/148/1355 1190/143/1355 1191/95/1355 1187/147/1355
f 1190/143/1356 1188/144/1356 1189/99/1356 1191/95/1356
f 1188/144/1357 1184/139/1357 1185/101/1357 1189/99/1357
f 1186/149/1358 1184/146/1358 1188/144/1358 1190/143/1358
f 1191/95/1359 1189/99/1359 1185/108/1359 1187/150/1359
f 1192/135/1360 1194/136/1360 1195/93/1360 1193/118/1360
f 1194/136/1361 1198/137/1361 1199/95/1361 1195/93/1361
f 1198/137/1362 1196/138/1362 1197/99/1362 1199/95/1362
f 1196/138/1363 1192/139/1363 1193/101/1363 1197/99/1363
f 1194/140/1364 1192/141/1364 1196/138/1364 1198/137/1364
f 1199/95/1365 1197/99/1365 1193/108/1365 1195/109/1365
f 1200/151/1366 1202/154/1366 1203/153/1366 1201/152/1366
f 1202/154/1367 1206/143/1367 1207/95/1367 1203/153/1367
f 1206/143/1368 1204/144/1368 1205/99/1368 1207/95/1368
f 1204/144/1369 1200/156/1369 1201/155/1369 1205/99/1369
f 1202/157/1370 1200/158/1370 1204/144/1370 1206/143/1370
f 1207/95/1371 1205/99/1371 1201/160/1371 1203/159/1371
f 1208/161/1372 1210/162/1372 1211/93/1372 1209/118/1372
f 1210/162/1373 1214/163/1373 1215/95/1373 1211/93/1373
f 1214/163/1374 1212/164/1374 1213/99/1374 1215/95/1374
f 1212/164/1375 1208/165/1375 1209/101/1375 1213/99/1375
f 1210/166/1376 1208/167/1376 1212/164/1376 1214/163/1376
f 1215/95/1377 1213/99/1377 1209/108/1377 1211/109/1377
f 1216/168/1378 1217/93/1378 1219/95/1378 1218/169/1378
f 1221/170/1379 1222/171/1379 1223/95/1379 1220/93/1379
f 1216/168/1380 1221/170/1380 1220/93/1380 1217/93/1380
f 1219/95/1381 1223/95/1381 1222/171/1381 1218/169/1381
f 1218/169/1382 1222/171/1382 1221/170/1382 1216/168/1382
f 1217/93/1383 1220/93/1383 1223/95/1383 1219/95/1383
f 1224/172/1384 1225/93/1384 1227/95/1384 1226/173/1384
f 1229/174/1385 1230/175/1385 1231/95/1385 1228/93/1385
f 1224/172/1386 1229/174/1386 1228/93/1386 1225/93/1386
f 1227/95/1387 1231/95/1387 1230/175/1387 1226/173/1387
f 1226/173/1388 1230/175/1388 1229/174/1388 1224/172/1388
f 1225/93/1389 1228/93/1389 1231/95/1389 1227/95/1389
usemtl Top
f 440/10/601 441/11/601 443/12/601 442/13/601
f 457/10/602 835/10/602 458/10/602 459/10/602
f 453/10/603 451/10/603 454/10/603 467/10/603
f 452/10/604 453/10/604 467/10/604 468/10/604
f 466/10/605 452/10/605 468/10/605 469/10/605
f 465/10/606 449/10/606 466/10/606 470/10/606
f 471/10/607 470/10/607 466/10/607 469/10/607
f 489/10/608 487/10/608 490/10/608 495/10/608
f 880/10/609 495/10/609 490/10/609 872/10/609
f 489/10/610 476/10/610 496/10/610 495/10/610
f 884/10/611 498/10/611 495/10/611 880/10/611
f 495/10/612 498/10/612 499/10/612 497/10/612
f 462/10/613 497/10/613 499/10/613 500/10/613
f 461/10/614 462/10/614 500/10/614 501/10/614
f 502/10/615 460/10/615 461/10/615 501/10/615
f 889/10/616 840/10/616 460/10/616 502/10/616
f 501/10/617 504/10/617 503/10/617 502/10/617
f 839/10/618 840/10/618 446/10/618
f 457/10/619 442/14/619 834/10/619 835/10/619
f 440/10/620 442/14/620 834/10/620 838/10/620
f 446/10/621 440/10/621 838/10/621 839/10/621
f 441/11/622 440/10/622 446/10/622 447/10/622
f 502/10/623 503/10/623 890/10/623 889/10/623
f 503/10/624 508/10/624 897/10/624 890/10/624
f 898/10/625 897/10/625 508/10/625 521/10/625
f 508/10/630 509/10/630 520/10/630 521/10/630
f 504/10/631 509/10/631 508/10/631 503/10/631
f 448/10/632 447/10/632 460/10/632 461/10/632
f 445/10/633 441/11/633 447/10/633 448/10/633
f 441/11/634 445/10/634 444/10/634 443/12/634
f 442/14/635 443/12/635 456/10/635 457/10/635
f 456/10/636 494/10/636 459/10/636 457/10/636
f 443/12/637 444/10/637 455/10/637 456/10/637
f 456/10/638 455/10/638 493/10/638 494/10/638
f 444/10/639 455/10/639 454/10/639 451/10/639
f 455/10/640 484/10/640 492/10/640 493/10/640
f 484/10/641 485/10/641 491/10/641 492/10/641
f 873/10/642 875/10/642 491/10/642 485/10/642
f 872/10/643 490/10/643 485/10/643 873/10/643
f 485/10/644 490/10/644 487/10/644 486/10/644
f 485/10/645 486/10/645 483/10/645
f 484/10/646 485/10/646 483/10/646
f 455/10/647 484/10/647 483/10/647 454/10/647
f 454/10/648 483/10/648 482/10/648 467/10/648
f 467/10/649 482/10/649 481/10/649 468/10/649
f 481/10/650 482/10/650 483/10/650 488/10/650
f 483/10/651 486/10/651 487/10/651 488/10/651
f 487/10/652 489/10/652 477/10/652 488/10/652
f 477/10/653 476/10/653 489/10/653
f 497/10/654 495/10/654 496/10/654
f 884/10/655 896/10/655 507/10/655 498/10/655
f 896/10/656 905/10/656 513/10/656 507/10/656
f 905/10/657 907/10/657 514/10/657 513/10/657
f 907/10/658 909/10/658 515/10/658 514/10/658
f 512/10/660 514/10/660 515/10/660 517/10/660
f 512/10/661 507/10/661 513/10/661 514/10/661
f 507/10/662 512/10/662 511/10/662 506/10/662
f 498/10/663 507/10/663 506/10/663 499/10/663
f 499/10/664 506/10/664 505/10/664 500/10/664
f 506/10/665 511/10/665 510/10/665 505/10/665
f 511/10/666 512/10/666 517/10/666 518/10/666
f 509/10/677 510/10/677 519/10/677 520/10/677
f 505/10/678 510/10/678 509/10/678 504/10/678
f 500/10/679 505/10/679 504/10/679 501/10/679
f 510/10/680 511/10/680 518/10/680 519/10/680
f 444/10/706 445/10/706 450/10/706 451/10/706
f 451/10/707 450/10/707 452/10/707 453/10/707
f 445/10/708 448/10/708 449/10/708 450/10/708
f 449/10/709 448/10/709 463/10/709 464/10/709
f 448/10/710 461/10/710 462/10/710 463/10/710
f 463/10/711 462/10/711 472/10/711
f 464/10/712 463/10/712 472/10/712 473/10/712
f 464/10/713 465/10/713 449/10/713
f 449/10/714 466/10/714 452/10/714 450/10/714
f 465/10/715 470/10/715 642/10/715 648/10/715
f 642/10/716 650/10/716 649/10/716 648/10/716
f 471/10/717 643/10/717 642/10/717 470/10/717
f 468/10/718 481/10/718 480/10/718 469/10/718
f 469/10/719 480/10/719 479/10/719 471/10/719
f 481/10/720 488/10/720 477/10/720 480/10/720
f 477/10/721 478/10/721 479/10/721 480/10/721
f 475/10/722 476/10/722 477/10/722 478/10/722
f 472/10/724 496/10/724 476/10/724 473/10/724
f 496/10/725 472/10/725 462/10/725 497/10/725
f 475/10/726 478/10/726 645/10/726 646/10/726
f 478/10/727 645/10/727 644/10/727 479/10/727
f 479/10/728 644/10/728 643/10/728 471/10/728
f 465/10/730 474/10/730 647/10/731 648/10/732
f 474/10/733 475/10/733 646/10/733 647/10/733
f 647/10/734 646/10/734 654/10/734 655/10/734
f 648/10/732 647/10/731 655/10/735 649/10/735
f 651/10/736 650/10/736 642/10/736 643/10/736
f 652/10/737 651/10/737 643/10/737 644/10/737
f 653/10/738 652/10/738 644/10/738 645/10/738
f 646/10/739 645/10/739 653/10/739 654/10/739
f 654/10/740 653/10/740 659/10/740 660/10/740
f 655/10/741 654/10/741 660/10/741 661/10/741
f 649/10/742 655/10/742 661/10/742 662/10/742
f 656/10/743 662/10/743 649/10/743 650/10/743
f 657/10/744 656/10/744 650/10/744 651/10/744
f 658/10/745 657/10/745 651/10/745 652/10/745
f 659/10/746 658/10/746 652/10/746 653/10/746
f 659/10/747 666/10/747 665/10/747 658/10/747
f 660/10/748 659/10/748 666/10/748 667/10/748
f 661/10/749 660/10/749 667/10/749 668/10/749
f 662/10/750 661/10/750 668/10/750 669/10/750
f 663/10/751 669/10/751 662/10/751 656/10/751
f 664/10/752 663/10/752 656/10/752 657/10/752
f 665/10/753 664/10/753 657/10/753 658/10/753
f 840/10/855 460/10/855 447/10/855 446/10/855
f 816/10/996 818/13/996 819/12/996 817/11/996
f 833/10/997 837/10/997 836/10/997 835/10/997
f 829/10/998 848/10/998 830/10/998 827/10/998
f 828/10/999 849/10/999 848/10/999 829/10/999
f 847/10/1000 850/10/1000 849/10/1000 828/10/1000
f 846/10/1001 851/10/1001 847/10/1001 825/10/1001
f 852/10/1002 850/10/1002 847/10/1002 851/10/1002
f 870/10/1003 879/10/1003 871/10/1003 868/10/1003
f 880/10/1004 872/10/1004 871/10/1004 879/10/1004
f 870/10/1005 879/10/1005 881/10/1005 857/10/1005
f 884/10/1006 880/10/1006 879/10/1006 883/10/1006
f 879/10/1007 882/10/1007 885/10/1007 883/10/1007
f 843/10/1008 886/10/1008 885/10/1008 882/10/1008
f 842/10/1009 887/10/1009 886/10/1009 843/10/1009
f 888/10/1010 887/10/1010 842/10/1010 841/10/1010
f 889/10/1011 888/10/1011 841/10/1011 840/10/1011
f 887/10/1012 888/10/1012 891/10/1012 892/10/1012
f 839/10/1013 822/10/1013 840/10/1013
f 833/10/1014 835/10/1014 834/10/1014 818/14/1014
f 816/10/1015 838/10/1015 834/10/1015 818/14/1015
f 822/10/1016 839/10/1016 838/10/1016 816/10/1016
f 817/11/1017 823/10/1017 822/10/1017 816/10/1017
f 888/10/1018 889/10/1018 890/10/1018 891/10/1018
f 891/10/1019 890/10/1019 897/10/1019 899/10/1019
f 898/10/1020 916/10/1020 899/10/1020 897/10/1020
f 899/10/1025 916/10/1025 915/10/1025 900/10/1025
f 892/10/1026 891/10/1026 899/10/1026 900/10/1026
f 824/10/1027 842/10/1027 841/10/1027 823/10/1027
f 821/10/1028 824/10/1028 823/10/1028 817/11/1028
f 817/11/1029 819/12/1029 820/10/1029 821/10/1029
f 818/14/1030 833/10/1030 832/10/1030 819/12/1030
f 832/10/1031 833/10/1031 837/10/1031 878/10/1031
f 819/12/1032 832/10/1032 831/10/1032 820/10/1032
f 832/10/1033 878/10/1033 877/10/1033 831/10/1033
f 820/10/1034 827/10/1034 830/10/1034 831/10/1034
f 831/10/1035 877/10/1035 876/10/1035 865/10/1035
f 865/10/1036 876/10/1036 874/10/1036 866/10/1036
f 873/10/1037 866/10/1037 874/10/1037 875/10/1037
f 872/10/1038 873/10/1038 866/10/1038 871/10/1038
f 866/10/1039 867/10/1039 868/10/1039 871/10/1039
f 866/10/1040 864/10/1040 867/10/1040
f 865/10/1041 864/10/1041 866/10/1041
f 831/10/1042 830/10/1042 864/10/1042 865/10/1042
f 830/10/1043 848/10/1043 863/10/1043 864/10/1043
f 848/10/1044 849/10/1044 862/10/1044 863/10/1044
f 862/10/1045 869/10/1045 864/10/1045 863/10/1045
f 864/10/1046 869/10/1046 868/10/1046 867/10/1046
f 868/10/1047 869/10/1047 858/10/1047 870/10/1047
f 858/10/1048 870/10/1048 857/10/1048
f 882/10/1049 881/10/1049 879/10/1049
f 884/10/1050 883/10/1050 895/10/1050 896/10/1050
f 896/10/1051 895/10/1051 904/10/1051 905/10/1051
f 905/10/1052 904/10/1052 906/10/1052 907/10/1052
f 907/10/1053 906/10/1053 908/10/1053 909/10/1053
f 903/10/1055 912/10/1055 908/10/1055 906/10/1055
f 903/10/1056 906/10/1056 904/10/1056 895/10/1056
f 895/10/1057 894/10/1057 902/10/1057 903/10/1057
f 883/10/1058 885/10/1058 894/10/1058 895/10/1058
f 885/10/1059 886/10/1059 893/10/1059 894/10/1059
f 894/10/1060 893/10/1060 901/10/1060 902/10/1060
f 902/10/1061 913/10/1061 912/10/1061 903/10/1061
f 900/10/1072 915/10/1072 914/10/1072 901/10/1072
f 893/10/1073 892/10/1073 900/10/1073 901/10/1073
f 886/10/1074 887/10/1074 892/10/1074 893/10/1074
f 901/10/1075 914/10/1075 913/10/1075 902/10/1075
f 820/10/1101 827/10/1101 826/10/1101 821/10/1101
f 827/10/1102 829/10/1102 828/10/1102 826/10/1102
f 821/10/1103 826/10/1103 825/10/1103 824/10/1103
f 825/10/1104 845/10/1104 844/10/1104 824/10/1104
f 824/10/1105 844/10/1105 843/10/1105 842/10/1105
f 844/10/1106 853/10/1106 843/10/1106
f 845/10/1107 854/10/1107 853/10/1107 844/10/1107
f 845/10/1108 825/10/1108 846/10/1108
f 825/10/1109 826/10/1109 828/10/1109 847/10/1109
f 846/10/1110 1047/10/1110 1041/10/1110 851/10/1110
f 1041/10/1111 1047/10/1111 1048/10/1111 1049/10/1111
f 852/10/1112 851/10/1112 1041/10/1112 1042/10/1112
f 849/10/1113 850/10/1113 861/10/1113 862/10/1113
f 850/10/1114 852/10/1114 860/10/1114 861/10/1114
f 862/10/1115 861/10/1115 858/10/1115 869/10/1115
f 858/10/1116 861/10/1116 860/10/1116 859/10/1116
f 856/10/1117 859/10/1117 858/10/1117 857/10/1117
f 853/10/1119 854/10/1119 857/10/1119 881/10/1119
f 881/10/1120 882/10/1120 843/10/1120 853/10/1120
f 856/10/1121 1045/10/1121 1044/10/1121 859/10/1121
f 859/10/1122 860/10/1122 1043/10/1122 1044/10/1122
f 860/10/1123 852/10/1123 1042/10/1123 1043/10/1123
f 846/10/1125 1047/10/1126 1046/10/1127 855/10/1125
f 855/10/1128 1046/10/1128 1045/10/1128 856/10/1128
f 1046/10/1129 1054/10/1129 1053/10/1129 1045/10/1129
f 1047/10/1126 1048/10/1130 1054/10/1130 1046/10/1127
f 1050/10/1131 1042/10/1131 1041/10/1131 1049/10/1131
f 1051/10/1132 1043/10/1132 1042/10/1132 1050/10/1132
f 1052/10/1133 1044/10/1133 1043/10/1133 1051/10/1133
f 1045/10/1134 1053/10/1134 1052/10/1134 1044/10/1134
f 1053/10/1135 1059/10/1135 1058/10/1135 1052/10/1135
f 1054/10/1136 1060/10/1136 1059/10/1136 1053/10/1136
f 1048/10/1137 1061/10/1137 1060/10/1137 1054/10/1137
f 1055/10/1138 1049/10/1138 1048/10/1138 1061/10/1138
f 1056/10/1139 1050/10/1139 1049/10/1139 1055/10/1139
f 1057/10/1140 1051/10/1140 1050/10/1140 1056/10/1140
f 1058/10/1141 1052/10/1141 1051/10/1141 1057/10/1141
f 1058/10/1142 1057/10/1142 1064/10/1142 1065/10/1142
f 1059/10/1143 1066/10/1143 1065/10/1143 1058/10/1143
f 1060/10/1144 1067/10/1144 1066/10/1144 1059/10/1144
f 1061/10/1145 1068/10/1145 1067/10/1145 1060/10/1145
f 1062/10/1146 1055/10/1146 1061/10/1146 1068/10/1146
f 1063/10/1147 1056/10/1147 1055/10/1147 1062/10/1147
f 1064/10/1148 1057/10/1148 1056/10/1148 1063/10/1148
f 840/10/1250 822/10/1250 823/10/1250 841/10/1250
o Sphere
v -0.187369 5.033883 -0.011029
v -0.194236 5.022079 -0.062382
v -0.135726 5.026266 -0.007508
v -0.135726 4.992423 -0.062382
v -0.061128 5.032198 -0.010408
v -0.036677 5.004930 0.004485
v -0.187369 5.056816 -0.011029
v -0.194236 5.069131 -0.062382
v -0.135726 5.062888 -0.007508
v -0.135726 5.095670 -0.062382
v -0.061128 5.058095 -0.010408
v -0.036677 5.085758 0.004485
v -0.280618 4.943390 -0.190147
v -0.278901 5.001349 -0.191345
v -0.291195 4.929687 -0.243350
v -0.287706 5.009321 -0.241146
v -0.274640 4.859262 -0.368359
v -0.281625 4.905130 -0.339861
v -0.288609 4.984474 -0.311363
v -0.274640 4.859262 -0.409207
v -0.274640 4.876662 -0.409207
v -0.226209 4.942518 -0.183833
v -0.223935 4.998413 -0.149862
v -0.226209 4.919318 -0.243350
v -0.269578 5.044797 -0.269839
v -0.226209 4.846365 -0.358656
v -0.226209 4.887666 -0.313414
v -0.260151 4.936985 -0.371685
v -0.234703 5.014613 -0.344683
v -0.235254 4.836925 -0.433348
v -0.254198 4.908440 -0.433348
v -0.209176 5.009294 -0.415877
v -0.211122 4.843472 -0.489876
v -0.213117 4.910866 -0.493413
v -0.202082 5.001349 -0.499229
v -0.177137 4.950706 -0.187037
v -0.142476 4.980042 -0.155272
v -0.174925 4.945738 -0.243350
v -0.129683 4.994226 -0.243350
v -0.164799 4.846307 -0.362565
v -0.140609 4.918822 -0.339221
v -0.116418 4.982241 -0.315878
v -0.178788 5.044751 -0.378003
v -0.135073 4.838217 -0.428373
v -0.104476 4.889959 -0.400915
v -0.178788 5.044751 -0.380089
v -0.135871 4.844711 -0.517942
v -0.162142 4.910866 -0.538655
v -0.138616 5.010217 -0.547225
v -0.105403 4.852378 -0.605285
v -0.114358 4.908022 -0.576640
v -0.110382 4.985967 -0.548726
v -0.095052 4.856455 -0.626694
v -0.095052 4.875966 -0.626694
v -0.045242 4.990671 -0.152866
v -0.047035 5.032463 -0.246907
v -0.078832 4.950282 -0.376200
v -0.048451 5.001659 -0.335418
v -0.079407 4.861415 -0.461238
v -0.048958 4.911027 -0.422105
v -0.018510 4.960754 -0.382972
v -0.047644 4.849648 -0.512633
v -0.019084 4.871773 -0.481027
v -0.045242 5.039321 -0.554391
v -0.045242 4.821012 -0.605285
v -0.045242 4.941051 -0.611123
v -0.045242 4.994080 -0.565881
v -0.045242 4.837824 -0.643711
v -0.045242 4.895809 -0.643711
v -0.272218 5.048794 -0.197053
v -0.272218 5.048794 -0.209516
v -0.226854 5.087768 -0.156132
v -0.201127 5.152668 -0.175535
v -0.247639 5.084106 -0.241146
v -0.197849 5.150010 -0.243350
v -0.203945 5.091833 -0.311764
v -0.183316 5.138729 -0.290399
v -0.196409 5.070124 -0.440411
v -0.196409 5.070124 -0.497631
v -0.135726 5.124616 -0.126801
v -0.135726 5.151872 -0.172043
v -0.135726 5.159667 -0.243350
v -0.161792 5.091833 -0.357006
v -0.130741 5.148502 -0.325870
v -0.151913 5.096904 -0.415877
v -0.101042 5.144763 -0.424317
v -0.131060 5.096904 -0.505828
v -0.097788 5.138674 -0.472375
v -0.049736 5.124612 -0.154607
v -0.082894 5.141211 -0.185928
v -0.022571 5.122850 -0.214165
v -0.018069 5.057364 -0.279440
v -0.049736 5.151842 -0.243936
v -0.018069 5.057364 -0.294635
v -0.045242 5.177464 -0.333834
v -0.023682 5.131776 -0.463986
v -0.050403 5.158060 -0.430022
v -0.050403 5.097703 -0.502920
v -0.084004 5.138674 -0.472375
v 0.045242 5.003259 -0.004865
v 0.151754 5.028376 -0.012127
v 0.127246 5.001190 0.004437
v 0.187389 5.028376 -0.012127
v 0.197949 5.010751 -0.062382
v 0.045242 5.081357 -0.004865
v 0.151754 5.053792 -0.012127
v 0.127246 5.071079 0.004437
v 0.187389 5.053792 -0.012127
v 0.197949 5.064855 -0.062382
v 0.045242 4.985169 -0.152866
v 0.048906 5.030734 -0.246907
v 0.048906 5.013283 -0.328411
v 0.045242 4.930105 -0.432091
v 0.045242 4.961446 -0.386849
v 0.028129 4.851700 -0.541350
v 0.053071 4.882554 -0.512633
v 0.045242 5.024011 -0.537389
v 0.053071 4.839856 -0.605526
v 0.045242 4.934282 -0.603322
v 0.088451 4.868188 -0.575526
v 0.045242 4.978769 -0.590094
v 0.045242 4.843856 -0.638351
v 0.045242 4.889040 -0.638351
v 0.173764 4.947914 -0.169606
v 0.140452 4.969883 -0.144813
v 0.173005 4.945264 -0.243350
v 0.127763 4.992064 -0.243350
v 0.164826 4.948356 -0.333834
v 0.119584 4.978850 -0.333834
v 0.172273 4.858945 -0.462926
v 0.137405 4.918581 -0.424235
v 0.102536 4.958579 -0.385544
v 0.153555 4.852747 -0.514801
v 0.108313 4.882174 -0.514801
v 0.135726 5.013475 -0.528916
v 0.122400 4.859815 -0.603172
v 0.092789 4.868188 -0.575526
v 0.127400 4.902607 -0.580088
v 0.135726 4.968234 -0.572036
v 0.091688 4.864497 -0.619547
v 0.091688 4.866940 -0.619547
v 0.205164 4.938162 -0.164012
v 0.205848 4.995104 -0.130872
v 0.226209 4.915542 -0.243350
v 0.223463 4.893110 -0.341372
v 0.241582 4.956932 -0.356816
v 0.205046 4.858945 -0.462926
v 0.229209 4.894070 -0.424824
v 0.236708 4.977948 -0.419755
v 0.231608 4.851897 -0.509934
v 0.265882 4.910866 -0.483998
v 0.231239 4.990602 -0.511826
v 0.230369 4.848308 -0.562463
v 0.230369 4.905700 -0.568398
v 0.230369 4.957442 -0.556249
v 0.262079 4.946589 -0.180833
v 0.261023 5.010830 -0.180251
v 0.270845 4.935866 -0.241187
v 0.276207 5.010830 -0.241187
v 0.275124 4.921556 -0.300982
v 0.273456 4.987429 -0.299731
v 0.280551 4.854749 -0.527120
v 0.280735 4.905700 -0.519510
v 0.277503 4.952886 -0.532435
v 0.280551 4.854749 -0.556061
v 0.280735 4.905700 -0.556289
v 0.277503 4.952886 -0.552533
v 0.052444 5.120159 -0.160198
v 0.087406 5.138472 -0.195248
v 0.021187 5.057364 -0.279440
v 0.027084 5.122850 -0.214165
v 0.052444 5.150113 -0.243936
v 0.021187 5.057364 -0.294635
v 0.045242 5.173331 -0.333834
v 0.045242 5.116475 -0.446079
v 0.045242 5.158082 -0.400837
v 0.045242 5.071233 -0.492147
v 0.135726 5.117043 -0.142133
v 0.135726 5.144251 -0.187375
v 0.135726 5.162708 -0.243350
v 0.159068 5.122860 -0.369973
v 0.131634 5.153812 -0.337421
v 0.131634 5.104143 -0.417925
v 0.098745 5.140361 -0.383502
v 0.135726 5.061329 -0.483674
v 0.203116 5.090438 -0.157930
v 0.190813 5.145246 -0.186658
v 0.226825 5.103325 -0.241965
v 0.202629 5.155212 -0.243350
v 0.227376 5.043676 -0.336753
v 0.200004 5.153088 -0.309651
v 0.209072 5.043893 -0.419755
v 0.192370 5.058249 -0.481488
v 0.250341 5.061394 -0.190132
v 0.251947 5.065115 -0.241187
v 0.261665 5.039406 -0.286571
v -0.229307 4.811043 -0.503605
v -0.231302 4.878437 -0.507142
v -0.253439 4.804497 -0.447077
v -0.153258 4.805788 -0.442102
v -0.154056 4.812283 -0.531672
v -0.180327 4.878437 -0.552384
v -0.132543 4.875594 -0.622384
v -0.123588 4.819949 -0.619014
v -0.113237 4.824027 -0.672438
v -0.065829 4.817220 -0.526363
v -0.063427 4.788584 -0.619014
v -0.063427 4.805396 -0.689455
vn -0.3060 -0.8673 0.3925
vn -0.2216 -0.5944 0.7730
vn -0.9912 -0.0000 0.1326
vn -0.0680 -0.0000 0.9977
vn -0.2728 0.8791 0.3909
vn 0.0389 -0.0000 0.9992
vn -0.5202 -0.0000 0.8540
vn -0.2313 0.6001 0.7658
vn -0.9825 0.0358 0.1829
vn -0.9988 -0.0127 -0.0482
vn -0.9950 -0.0922 -0.0393
vn -0.3957 -0.2412 0.8862
vn -0.1055 -0.9421 0.3183
vn -0.4137 -0.6071 0.6785
vn -0.2760 -0.9154 0.2930
vn -0.7523 0.2965 -0.5883
vn -0.7795 0.5029 -0.3734
vn -0.3556 -0.9289 0.1037
vn -0.6102 -0.1300 -0.7815
vn -0.8949 0.3701 -0.2494
vn -0.8560 0.4148 -0.3086
vn -0.8592 -0.1420 -0.4915
vn -0.9054 0.2845 -0.3151
vn 0.0044 -0.6119 0.7909
vn -0.3061 -0.9198 0.2457
vn 0.3239 -0.9179 0.2294
vn 0.6922 -0.7213 0.0259
vn 0.2749 -0.5384 0.7966
vn 0.4186 -0.8258 0.3780
vn 0.7648 -0.5459 0.3422
vn 0.0068 -0.9922 0.1248
vn 0.6931 -0.5127 0.5066
vn -0.5799 0.7727 -0.2581
vn -0.7939 0.5878 -0.1556
vn -0.4998 0.7207 -0.4803
vn -0.6332 0.0568 -0.7719
vn 0.9094 -0.3974 -0.1227
vn -0.4090 0.1614 -0.8981
vn -0.9169 0.0420 -0.3969
vn 0.0814 -0.9916 0.1006
vn 0.2508 -0.9295 -0.2705
vn 0.5056 -0.5913 0.6283
vn 0.3798 -0.8867 0.2636
vn 0.5236 -0.6651 0.5324
vn 0.5543 -0.5063 0.6606
vn 0.1972 -0.6782 0.7079
vn 0.2063 -0.9751 0.0818
vn 0.3107 -0.7846 0.5365
vn 0.8205 -0.5398 0.1881
vn -0.4373 0.4486 -0.7794
vn -0.1762 0.1113 -0.9781
vn -0.7860 0.5556 -0.2712
vn -0.3233 -0.0000 -0.9463
vn -0.5259 0.5564 -0.6433
vn -0.9667 0.1982 0.1621
vn -0.9456 -0.0053 0.3253
vn -0.6503 0.0840 0.7550
vn -0.8793 0.4711 -0.0697
vn -0.7299 0.6710 0.1304
vn -0.8579 0.5080 0.0773
vn -0.6923 0.5562 -0.4598
vn -0.7509 0.5346 -0.3877
vn -0.9898 0.1307 -0.0573
vn -0.4225 0.8402 0.3399
vn -0.2943 0.6025 0.7418
vn -0.0702 0.9969 0.0351
vn -0.6299 0.4998 -0.5945
vn -0.5623 0.5796 -0.5898
vn -0.2232 0.9543 -0.1989
vn -0.9147 0.3871 -0.1160
vn -0.7562 0.4943 0.4288
vn -0.7538 0.6308 -0.1843
vn -0.4472 0.2736 -0.8516
vn -0.4301 0.9007 -0.0609
vn -0.6988 0.6987 -0.1529
vn -0.0101 0.9567 0.2908
vn 0.1949 0.8851 0.4226
vn 0.3932 0.8795 0.2681
vn 0.1480 0.9731 0.1766
vn 0.7859 -0.5956 0.1662
vn -0.1182 0.9900 0.0765
vn -0.3068 0.9398 -0.1504
vn -0.1127 0.5370 -0.8360
vn 0.1741 0.7585 -0.6280
vn 0.0192 0.6118 -0.7908
vn -0.2149 0.9565 -0.1974
vn 0.4563 -0.6211 0.6372
vn 0.1134 -0.0000 0.9935
vn 0.5600 -0.0000 0.8285
vn -0.1127 -0.0000 0.9936
vn -0.0000 -0.0000 1.0000
vn 0.9786 -0.0000 0.2056
vn 0.3642 0.7814 0.5068
vn -0.0356 -0.9937 0.1063
vn -0.0351 -0.9063 -0.4213
vn 0.1502 -0.7394 0.6563
vn 0.0442 -0.7464 0.6640
vn 0.2710 -0.8296 0.4882
vn 0.2800 -0.7792 0.5607
vn 0.1592 -0.9488 0.2727
vn 0.4364 -0.8175 0.3758
vn -0.0150 0.5142 -0.8576
vn 0.0653 0.5774 -0.8138
vn 0.1327 -0.9474 -0.2913
vn 0.0591 -0.0000 -0.9983
vn 0.1025 0.5955 -0.7968
vn -0.1116 -0.9811 0.1581
vn -0.6642 -0.7468 -0.0328
vn -0.2627 -0.9140 -0.3092
vn -0.6462 -0.7565 0.1007
vn -0.4304 -0.8849 0.1782
vn -0.4761 -0.7721 0.4209
vn -0.1128 -0.7797 0.6159
vn -0.2145 -0.7982 0.5629
vn -0.5846 -0.7023 0.4063
vn -0.0891 -0.8898 0.4477
vn -0.3951 -0.9036 0.1656
vn 0.2097 -0.8341 0.5101
vn 0.0019 -0.9746 0.2238
vn 0.2671 0.1633 -0.9497
vn 0.1822 0.7149 -0.6751
vn 0.3677 -0.8228 -0.4333
vn 0.5027 0.3482 -0.7912
vn 0.3753 -0.0000 -0.9269
vn 0.4491 0.4898 -0.7473
vn -0.0628 -0.6074 0.7919
vn 0.3237 -0.9179 0.2293
vn -0.4260 -0.9000 0.0921
vn -0.5959 -0.7946 0.1161
vn -0.1210 -0.6332 0.7645
vn -0.4504 -0.8700 0.2004
vn 0.9849 -0.1722 -0.0200
vn -0.0134 -0.9912 0.1317
vn 0.6757 -0.6528 0.3425
vn 0.9534 0.1907 0.2338
vn -0.0638 -0.9979 -0.0100
vn 0.2440 0.1518 -0.9578
vn 0.1420 0.1581 -0.9772
vn 0.2400 0.7220 -0.6490
vn 0.5310 -0.2256 0.8168
vn 0.2988 -0.9119 0.2814
vn 0.9801 -0.0311 0.1963
vn 0.3642 -0.9063 0.2145
vn 0.9994 -0.0264 0.0213
vn 0.7960 -0.1647 -0.5825
vn 0.5755 -0.3984 0.7142
vn 0.7562 0.3935 0.5228
vn 0.0978 -0.9943 0.0423
vn 1.0000 -0.0036 -0.0000
vn 0.1843 -0.0561 -0.9813
vn 0.9977 0.0683 -0.0000
vn 0.1655 0.1618 -0.9728
vn 0.3035 0.8458 -0.4388
vn 0.0659 0.9690 0.2381
vn -0.0100 -0.7838 -0.6209
vn 0.0296 0.9995 0.0087
vn -0.3299 0.8889 0.3180
vn 0.0083 0.7270 0.6866
vn -0.7812 -0.6144 0.1109
vn 0.0099 -0.5987 0.8009
vn -0.0000 -1.0000 -0.0000
vn 0.0293 0.9647 0.2616
vn 0.2392 0.7756 -0.5841
vn 0.0543 0.9764 -0.2090
vn 0.2537 0.6600 -0.7071
vn 0.2879 0.6534 -0.7002
vn 0.0329 0.9618 0.2718
vn -0.1075 0.8842 0.4545
vn -0.1511 0.9355 0.3195
vn 0.0420 0.9963 0.0750
vn 0.3426 0.7996 -0.4933
vn 0.3467 0.7385 -0.5783
vn 0.2729 0.9106 -0.3105
vn 0.1442 0.6822 -0.7168
vn 0.2207 0.7702 -0.5984
vn 0.9961 0.0329 0.0813
vn 0.3783 0.8817 0.2819
vn 0.2272 0.6708 0.7060
vn 0.8798 0.3811 0.2840
vn 0.0501 0.9671 0.2492
vn 0.9373 0.3212 -0.1352
vn 0.5795 0.4998 -0.6437
vn 0.0751 0.9946 -0.0715
vn 0.9546 0.2762 -0.1114
vn 0.6885 0.6450 -0.3316
vn 0.8897 0.4539 -0.0485
vn 0.1992 0.5826 -0.7879
vn 0.4154 0.8782 -0.2371
vn 0.6234 0.2453 0.7424
vn 0.9335 0.3253 0.1508
vn 0.7134 0.6667 0.2157
vn 0.9393 0.3302 -0.0931
vn 0.7852 0.2795 -0.5526
vn 0.7179 0.6167 -0.3229
vn 0.0027 -0.9961 -0.0885
vn -0.4838 -0.2544 -0.8374
vn -0.8417 -0.3282 -0.4287
vn -0.1776 -0.9807 0.0818
vn -0.4303 -0.8835 -0.1850
vn -0.0413 -0.3698 0.9282
vn 0.6662 0.2655 -0.6969
vn -0.0349 -0.3730 0.9272
vn 0.8790 -0.4750 -0.0423
vn -0.6274 0.0223 0.7784
vn 0.0922 0.7947 -0.6000
vn -0.5466 0.5673 -0.6159
s 0
usemtl Brown_Hair
f 1234//1390 1236//1390 1235//1390 1233//1390
f 1236//1391 1238//1391 1237//1391 1235//1391
f 1240//1392 1234//1392 1233//1392 1239//1392
f 1241//1393 1239//1393 1233//1393 1235//1393
f 1242//1394 1240//1394 1239//1394 1241//1394
f 1243//1395 1241//1395 1235//1395 1237//1395
f 1238//1396 1244//1396 1243//1396 1237//1396
f 1244//1397 1242//1397 1241//1397 1243//1397
f 1248//1398 1247//1398 1245//1398 1246//1398
f 1251//1399 1250//1399 1247//1399 1248//1399
f 1253//1400 1252//1400 1249//1400 1250//1400
f 1255//1401 1246//1401 1245//1401 1254//1401
f 1247//1402 1256//1402 1254//1402 1245//1402
f 1259//1403 1250//1403 1249//1403 1258//1403
f 1250//1404 1259//1404 1256//1404 1247//1404
f 1251//1405 1261//1405 1260//1405 1250//1405
f 1261//1406 1251//1406 1248//1406 1257//1406
f 1252//1407 1262//1407 1258//1407 1249//1407
f 1253//1408 1263//1408 1262//1408 1252//1408
f 1263//1409 1253//1409 1250//1409 1260//1409
f 1264//1410 1263//1410 1260//1410 1261//1410
f 1266//1411 1265//1411 1262//1411 1263//1411
f 1267//1412 1266//1412 1263//1412 1264//1412
f 1269//1413 1255//1413 1254//1413 1268//1413
f 1255//1414 1269//1414 1236//1414 1234//1414
f 1256//1415 1270//1415 1268//1415 1254//1415
f 1270//1416 1271//1416 1269//1416 1268//1416
f 1273//1417 1259//1417 1258//1417 1272//1417
f 1259//1418 1273//1418 1270//1418 1256//1418
f 1273//1419 1274//1419 1271//1419 1270//1419
f 1262//1420 1276//1420 1272//1420 1258//1420
f 1276//1421 1277//1421 1273//1421 1272//1421
f 1278//1422 1264//1422 1261//1422 1275//1422
f 1282//1423 1285//1423 1437//1423 1436//1423
f 1280//1424 1283//1424 1435//1424 1434//1424
f 1267//1425 1281//1425 1280//1425 1266//1425
f 1300//1426 1297//1426 1439//1426 1440//1426
f 1284//1427 1283//1427 1280//1427 1281//1427
f 1286//1428 1285//1428 1282//1428 1283//1428
f 1269//1429 1287//1429 1238//1429 1236//1429
f 1271//1430 1288//1430 1287//1430 1269//1430
f 1290//1431 1274//1431 1273//1431 1289//1431
f 1274//1432 1290//1432 1288//1432 1271//1432
f 1292//1433 1277//1433 1276//1433 1291//1433
f 1277//1434 1292//1434 1289//1434 1273//1434
f 1292//1435 1293//1435 1290//1435 1289//1435
f 1279//1436 1294//1436 1291//1436 1276//1436
f 1294//1437 1295//1437 1292//1437 1291//1437
f 1297//1438 1294//1438 1438//1438 1439//1438
f 1284//1439 1299//1439 1298//1439 1283//1439
f 1299//1440 1284//1440 1281//1440 1296//1440
f 1262//1441 1265//1441 1429//1441 1431//1441
f 1286//1442 1301//1442 1300//1442 1285//1442
f 1301//1443 1286//1443 1283//1443 1298//1443
f 1303//1444 1248//1444 1246//1444 1302//1444
f 1304//1445 1255//1445 1234//1445 1240//1445
f 1304//1446 1302//1446 1246//1446 1255//1446
f 1303//1447 1306//1447 1257//1447 1248//1447
f 1306//1448 1303//1448 1302//1448 1304//1448
f 1307//1449 1306//1449 1304//1449 1305//1449
f 1308//1450 1261//1450 1257//1450 1306//1450
f 1309//1451 1308//1451 1306//1451 1307//1451
f 1311//1452 1267//1452 1264//1452 1310//1452
f 1312//1453 1304//1453 1240//1453 1242//1453
f 1313//1454 1305//1454 1304//1454 1312//1454
f 1314//1455 1307//1455 1305//1455 1313//1455
f 1308//1456 1315//1456 1275//1456 1261//1456
f 1309//1457 1316//1457 1315//1457 1308//1457
f 1316//1458 1309//1458 1307//1458 1314//1458
f 1317//1459 1278//1459 1275//1459 1315//1459
f 1317//1460 1310//1460 1264//1460 1278//1460
f 1318//1461 1317//1461 1315//1461 1316//1461
f 1311//1462 1319//1462 1281//1462 1267//1462
f 1319//1463 1311//1463 1310//1463 1317//1463
f 1320//1464 1319//1464 1317//1464 1318//1464
f 1321//1465 1312//1465 1242//1465 1244//1465
f 1322//1466 1313//1466 1312//1466 1321//1466
f 1323//1467 1325//1467 1322//1467 1321//1467
f 1325//1468 1314//1468 1313//1468 1322//1468
f 1290//1469 1326//1469 1324//1469 1288//1469
f 1327//1470 1316//1470 1314//1470 1325//1470
f 1329//1471 1318//1471 1316//1471 1327//1471
f 1319//1472 1330//1472 1296//1472 1281//1472
f 1330//1473 1331//1473 1329//1473 1328//1473
f 1320//1474 1331//1474 1330//1474 1319//1474
f 1331//1475 1320//1475 1318//1475 1329//1475
f 1334//1476 1336//1476 1335//1476 1333//1476
f 1337//1477 1244//1477 1238//1477 1332//1477
f 1339//1478 1334//1478 1333//1478 1338//1478
f 1339//1479 1337//1479 1332//1479 1334//1479
f 1340//1480 1338//1480 1333//1480 1335//1480
f 1336//1481 1341//1481 1340//1481 1335//1481
f 1341//1482 1339//1482 1338//1482 1340//1482
f 1287//1483 1342//1483 1332//1483 1238//1483
f 1288//1484 1343//1484 1342//1484 1287//1484
f 1346//1485 1293//1485 1292//1485 1345//1485
f 1293//1486 1346//1486 1344//1486 1290//1486
f 1348//1487 1295//1487 1294//1487 1347//1487
f 1295//1488 1348//1488 1345//1488 1292//1488
f 1297//1489 1350//1489 1347//1489 1294//1489
f 1350//1490 1352//1490 1348//1490 1347//1490
f 1299//1491 1353//1491 1351//1491 1298//1491
f 1353//1492 1299//1492 1296//1492 1349//1492
f 1300//1493 1354//1493 1350//1493 1297//1493
f 1301//1494 1355//1494 1354//1494 1300//1494
f 1355//1495 1301//1495 1298//1495 1351//1495
f 1342//1496 1357//1496 1334//1496 1332//1496
f 1359//1497 1358//1497 1356//1497 1357//1497
f 1343//1498 1359//1498 1357//1498 1342//1498
f 1361//1499 1360//1499 1358//1499 1359//1499
f 1344//1500 1361//1500 1359//1500 1343//1500
f 1364//1501 1363//1501 1360//1501 1361//1501
f 1364//1502 1346//1502 1345//1502 1363//1502
f 1346//1503 1364//1503 1361//1503 1344//1503
f 1366//1504 1365//1504 1362//1504 1363//1504
f 1348//1505 1366//1505 1363//1505 1345//1505
f 1369//1506 1368//1506 1365//1506 1366//1506
f 1369//1507 1352//1507 1350//1507 1368//1507
f 1352//1508 1369//1508 1366//1508 1348//1508
f 1353//1509 1371//1509 1370//1509 1351//1509
f 1371//1510 1353//1510 1349//1510 1367//1510
f 1354//1511 1372//1511 1368//1511 1350//1511
f 1372//1512 1373//1512 1370//1512 1368//1512
f 1355//1513 1373//1513 1372//1513 1354//1513
f 1373//1514 1355//1514 1351//1514 1370//1514
f 1375//1515 1357//1515 1356//1515 1374//1515
f 1357//1516 1375//1516 1336//1516 1334//1516
f 1358//1517 1376//1517 1374//1517 1356//1517
f 1360//1518 1377//1518 1376//1518 1358//1518
f 1380//1519 1363//1519 1362//1519 1379//1519
f 1363//1520 1380//1520 1377//1520 1360//1520
f 1380//1521 1381//1521 1378//1521 1377//1521
f 1365//1522 1382//1522 1379//1522 1362//1522
f 1382//1523 1383//1523 1380//1523 1379//1523
f 1383//1524 1384//1524 1381//1524 1380//1524
f 1368//1525 1385//1525 1382//1525 1365//1525
f 1370//1526 1386//1526 1385//1526 1368//1526
f 1371//1527 1387//1527 1386//1527 1370//1527
f 1387//1528 1371//1528 1367//1528 1384//1528
f 1389//1529 1375//1529 1374//1529 1388//1529
f 1376//1530 1390//1530 1388//1530 1374//1530
f 1390//1531 1391//1531 1389//1531 1388//1531
f 1377//1532 1392//1532 1390//1532 1376//1532
f 1392//1533 1393//1533 1391//1533 1390//1533
f 1378//1534 1393//1534 1392//1534 1377//1534
f 1395//1535 1383//1535 1382//1535 1394//1535
f 1396//1536 1384//1536 1383//1536 1395//1536
f 1385//1537 1397//1537 1394//1537 1382//1537
f 1397//1538 1398//1538 1395//1538 1394//1538
f 1386//1539 1398//1539 1397//1539 1385//1539
f 1398//1540 1399//1540 1396//1540 1395//1540
f 1387//1541 1399//1541 1398//1541 1386//1541
f 1399//1542 1387//1542 1384//1542 1396//1542
f 1400//1543 1321//1543 1244//1543 1337//1543
f 1324//1544 1402//1544 1343//1544 1288//1544
f 1403//1545 1323//1545 1321//1545 1400//1545
f 1404//1546 1403//1546 1400//1546 1401//1546
f 1404//1547 1325//1547 1323//1547 1403//1547
f 1405//1548 1344//1548 1343//1548 1402//1548
f 1405//1549 1326//1549 1290//1549 1344//1549
f 1326//1550 1405//1550 1402//1550 1324//1550
f 1406//1551 1327//1551 1325//1551 1404//1551
f 1329//1552 1408//1552 1407//1552 1328//1552
f 1408//1553 1329//1553 1327//1553 1406//1553
f 1330//1554 1409//1554 1349//1554 1296//1554
f 1409//1555 1330//1555 1328//1555 1407//1555
f 1410//1556 1400//1556 1337//1556 1339//1556
f 1411//1557 1401//1557 1400//1557 1410//1557
f 1412//1558 1404//1558 1401//1558 1411//1558
f 1414//1559 1406//1559 1404//1559 1412//1559
f 1415//1560 1416//1560 1414//1560 1413//1560
f 1408//1561 1416//1561 1415//1561 1407//1561
f 1416//1562 1408//1562 1406//1562 1414//1562
f 1409//1563 1417//1563 1367//1563 1349//1563
f 1417//1564 1409//1564 1407//1564 1415//1564
f 1375//1565 1418//1565 1341//1565 1336//1565
f 1418//1566 1410//1566 1339//1566 1341//1566
f 1419//1567 1411//1567 1410//1567 1418//1567
f 1420//1568 1421//1568 1419//1568 1418//1568
f 1421//1569 1412//1569 1411//1569 1419//1569
f 1422//1570 1423//1570 1421//1570 1420//1570
f 1414//1571 1423//1571 1422//1571 1413//1571
f 1423//1572 1414//1572 1412//1572 1421//1572
f 1381//1573 1424//1573 1422//1573 1378//1573
f 1424//1574 1415//1574 1413//1574 1422//1574
f 1384//1575 1425//1575 1424//1575 1381//1575
f 1417//1576 1425//1576 1384//1576 1367//1576
f 1425//1577 1417//1577 1415//1577 1424//1577
f 1426//1578 1418//1578 1375//1578 1389//1578
f 1391//1579 1427//1579 1426//1579 1389//1579
f 1427//1580 1420//1580 1418//1580 1426//1580
f 1393//1581 1428//1581 1427//1581 1391//1581
f 1422//1582 1428//1582 1393//1582 1378//1582
f 1428//1583 1422//1583 1420//1583 1427//1583
f 1429//1584 1433//1584 1432//1584 1431//1584
f 1430//1585 1434//1585 1433//1585 1429//1585
f 1435//1586 1436//1586 1433//1586 1434//1586
f 1436//1587 1439//1587 1438//1587 1433//1587
f 1437//1588 1440//1588 1439//1588 1436//1588
f 1276//1589 1262//1589 1431//1589 1432//1589
f 1283//1590 1282//1590 1436//1590 1435//1590
f 1294//1591 1279//1591 1433//1591 1438//1591
f 1279//1592 1276//1592 1432//1592 1433//1592
f 1265//1593 1266//1593 1430//1593 1429//1593
f 1285//1594 1300//1594 1440//1594 1437//1594
f 1266//1595 1280//1595 1434//1595 1430//1595
